Date,Open,High,Low,Average,Close,Change,Volume,Volume Change
2024-04-19 12:00,94.730097447,95.167418764,94.248950745,94.708184755,94.293833414,0.0,74231.882563928,0.0
2024-04-19 13:00,94.293833414,95.143121405,94.240726117,94.691923761,94.854755367,0.594865997,76803.887352852,3.464824951
2024-04-19 14:00,94.854755367,96.617791702,94.854755367,95.736273534,96.569340216,1.807589765,349324.292120967,354.826316949
2024-04-19 15:00,96.569340216,96.569340216,95.836405371,96.202872793,96.119327473,-0.465999604,5210.17602487,-98.508498795
2024-04-19 16:00,96.119327473,96.169687997,95.369765218,95.769726607,96.169687997,0.052393754,28693.136183369,450.713374105
2024-04-19 17:00,96.169687997,96.463234413,94.684529882,95.573882147,95.602214971,-0.590074729,129777.251192831,352.293713603
2024-04-19 18:00,95.602214971,96.397131077,95.602214971,95.999673024,96.268438282,0.696870162,96160.709007642,-25.903262611
2024-04-19 19:00,96.268438282,96.268438282,94.545581996,95.407010139,94.986271486,-1.331866205,27052.271207088,-71.867645854
2024-04-19 20:00,94.986271486,96.222573099,94.986271486,95.604422293,96.222573099,1.301558208,36797.032072391,36.021969434
2024-04-19 21:00,96.222573099,96.250781374,95.659724031,95.955252703,95.659724031,-0.584944935,255.464405873,-99.305747253
2024-04-19 22:00,95.659724031,96.613979,95.659724031,96.136851516,95.994707616,0.35018247,24599.620729143,9529.373080416
2024-04-19 23:00,95.994707616,96.625688772,95.472242365,96.048965569,95.939344715,-0.057672868,35958.388127349,46.174563109
2024-04-20 00:00,95.939344715,95.939344715,95.489669588,95.714507151,95.489669588,-0.468707733,1697.604875028,-95.278973938
2024-04-20 01:00,95.489669588,96.699917558,95.452001422,96.07595949,95.452001422,-0.039447373,7362.8516389,333.719986742
2024-04-20 02:00,95.452001422,95.452001422,93.879317619,94.665659521,95.443646097,-0.008753431,17657.058748,139.812773827
2024-04-20 03:00,95.443646097,95.461831059,94.163440171,94.812635615,94.666513626,-0.814231751,14215.724124894,-19.489852032
2024-04-20 04:00,94.666513626,95.195842143,93.952594814,94.574218479,95.195842143,0.559150746,22949.419845494,61.436868385
2024-04-20 05:00,95.195842143,95.407032093,95.195842143,95.301437118,95.407032093,0.221847872,5275.829703791,-77.011054139
2024-04-20 06:00,95.407032093,95.471754312,95.402304865,95.437029589,95.402304865,-0.0049548,333.651636689,-93.675845214
2024-04-20 07:00,95.402304865,95.402304865,94.790626585,95.096465725,94.843798444,-0.585422357,461.604158786,38.349136653
2024-04-20 08:00,94.843798444,95.725653508,94.843798444,95.284725976,95.725653508,0.929797286,245.014008671,-46.921186907
2024-04-20 09:00,95.725653508,95.799757279,95.708462195,95.754109737,95.799757279,0.077412657,15514.599971728,6232.127724393
2024-04-20 10:00,95.799757279,95.985858544,95.388176892,95.687017718,95.402870156,-0.414288235,401.951698937,-97.409203591
2024-04-20 11:00,95.402870156,95.600202305,95.016517288,95.308359797,95.016517288,-0.404969858,862.432569551,114.561245003
2024-04-20 12:00,95.016517288,95.016517288,94.555017984,94.785767636,94.555017984,-0.485704293,20021.734354941,2221.54200361
2024-04-20 13:00,94.555017984,94.815986989,94.249981448,94.532984218,94.515230418,-0.042078746,15899.324759146,-20.589672816
2024-04-20 14:00,94.515230418,95.133434696,94.515230418,94.824332557,94.620056438,0.11090913,8085.857958387,-49.143387654
2024-04-20 15:00,94.620056438,95.218190566,94.620056438,94.919123502,95.218190566,0.632143068,54.405932623,-99.327147065
2024-04-20 16:00,95.218190566,95.985444451,95.218190566,95.601817509,95.941081725,0.759194388,42675.935671974,78339.856857892
2024-04-20 17:00,95.941081725,96.123488638,95.389376415,95.756432526,96.123488638,0.190123886,19176.032195452,-55.065936122
2024-04-20 18:00,96.123488638,97.912496864,95.555344366,96.733920615,97.912496864,1.861156156,82523.400663611,330.346590069
2024-04-20 19:00,97.912496864,98.749331437,97.299073806,98.024202621,98.718097865,0.822776486,149162.925549767,80.752276749
2024-04-20 20:00,98.718097865,101.710541021,98.680384974,100.195462998,101.710541021,3.031301474,158262.488075964,6.10041838
2024-04-20 21:00,101.710541021,101.975561356,100.68219884,101.328880098,100.745676373,-0.948637809,45027.626329838,-71.548768835
2024-04-20 22:00,100.745676373,100.745676373,100.114272139,100.429974256,100.117943889,-0.623086277,69784.165560526,54.98077791
2024-04-20 23:00,100.117943889,100.883795907,99.886218373,100.38500714,99.886218373,-0.231452532,196164.347685837,181.101516526
2024-04-21 01:00,99.886218373,100.557755794,99.886218373,100.221987083,100.557755794,0.672302378,646.267440539,-99.670547962
2024-04-21 02:00,100.557755794,100.5934554,99.999255593,100.296355497,100.159022001,-0.396522168,5988.193807695,826.581385982
2024-04-21 03:00,100.159022001,100.516494082,99.408508412,99.962501247,99.40899773,-0.748833461,19605.068816183,227.395362371
2024-04-21 04:00,99.40899773,100.197341587,99.40899773,99.803169659,99.692461955,0.285149464,2449.760907077,-87.504451374
2024-04-21 05:00,99.692461955,101.230644551,99.692461955,100.461553253,100.528875557,0.838993827,604.077946254,-75.341350884
2024-04-21 06:00,100.528875557,100.937358674,100.474305129,100.705831901,100.474305129,-0.054283337,28145.481068624,4559.246582859
2024-04-21 07:00,100.474305129,100.474305129,99.973586346,100.223945737,99.981525221,-0.490453661,15099.009342778,-46.35369953
2024-04-21 08:00,99.981525221,100.429907454,99.981525221,100.205716338,100.244804425,0.263327853,28307.181312431,87.477076607
2024-04-21 10:00,100.244804425,100.329929195,100.169775886,100.249852541,100.169775886,-0.074845314,11861.933858108,-58.095672871
2024-04-21 11:00,100.169775886,100.169775886,99.949997183,100.059886535,99.949997183,-0.219406204,433.105326794,-96.348779786
2024-04-21 12:00,99.949997183,99.949997183,99.741159356,99.84557827,99.741159356,-0.208942304,6149.449634975,1319.850843326
2024-04-21 13:00,99.741159356,99.741159356,99.643693655,99.692426506,99.643693655,-0.097718637,3267.384445096,-46.867042759
2024-04-21 14:00,99.643693655,100.542149002,99.643693655,100.092921328,99.756532747,0.113242583,9998.996605475,206.024490644
2024-04-21 15:00,99.756532747,100.308747251,99.681618485,99.995182868,99.681618485,-0.075097099,697.070911127,-93.028591381
2024-04-21 16:00,99.681618485,99.681618485,99.121734852,99.401676669,99.121734852,-0.561671892,56287.810105107,7974.904461885
2024-04-21 17:00,99.121734852,99.325687976,98.706701465,99.01619472,98.706701465,-0.418710779,13811.235615601,-75.463185386
2024-04-21 18:00,98.706701465,99.749710021,98.706701465,99.228205743,99.749710021,1.056674512,9587.917655797,-30.57885679
2024-04-21 19:00,99.749710021,99.749710021,97.955460671,98.852585346,97.955460671,-1.798751444,40411.371539991,321.482254967
2024-04-21 20:00,97.955460671,98.503010586,97.716139634,98.10957511,98.503010586,0.55897845,85825.691203142,112.380050299
2024-04-21 21:00,98.503010586,98.580984785,98.503010586,98.541997686,98.580984785,0.079159204,2178.365480198,-97.461872489
2024-04-21 22:00,98.580984785,98.846854244,98.580984785,98.713919515,98.846854244,0.269696494,6857.994334034,214.822943917
2024-04-21 23:00,98.846854244,98.846854244,98.037580907,98.442217576,98.833204879,-0.013808599,57131.959500137,733.070963862
2024-04-22 00:00,98.833204879,99.646443625,98.833204879,99.239824252,99.51380761,0.688637722,52776.809648099,-7.622966007
2024-04-22 01:00,99.51380761,99.626032847,99.440087383,99.533060115,99.626032847,0.112773534,19749.127295285,-62.579914498
2024-04-22 03:00,99.626032847,100.071910801,99.318887349,99.695399075,99.318887349,-0.308298433,57082.970754744,189.040472023
2024-04-22 04:00,99.318887349,100.836415533,99.306252236,100.071333885,99.306252236,-0.012721762,37980.842622263,-33.463794683
2024-04-22 05:00,99.306252236,99.935119796,99.306252236,99.620686016,99.935119796,0.633260792,5635.989307982,-85.160968217
2024-04-22 06:00,99.935119796,101.716206984,99.904921582,100.810564283,101.716206984,1.782243511,19747.228041028,250.377315533
2024-04-22 07:00,101.716206984,101.716206984,100.953844043,101.335025514,100.953844043,-0.74949997,26896.508925083,36.203971865
2024-04-22 08:00,100.953844043,102.067883005,100.953844043,101.510863524,101.588810911,0.628967498,12671.186463608,-52.889103568
2024-04-22 09:00,101.588810911,103.044664176,101.588810911,102.316737543,103.044664176,1.433084266,124735.244300717,884.400668864
2024-04-22 10:00,103.044664176,103.05918659,101.928696332,102.493941461,102.646859853,-0.386050385,50760.132916306,-59.305701287
2024-04-22 11:00,102.646859853,102.646859853,102.045604789,102.346232321,102.045604789,-0.585751054,5061.554415785,-90.028484708
2024-04-22 12:00,102.045604789,102.743427166,102.045604789,102.394515977,102.743427166,0.683833839,37464.636692427,640.180458706
2024-04-22 13:00,102.743427166,103.627509483,102.291596714,102.959553099,102.980492904,0.230735673,116359.361070784,210.584517411
2024-04-22 14:00,102.980492904,103.850790695,102.980492904,103.4156418,102.985244707,0.004614275,70966.818220302,-39.010649795
2024-04-22 15:00,102.985244707,103.38489325,102.754066713,103.069479981,103.38489325,0.388063886,46302.08988074,-34.755296853
2024-04-22 16:00,103.38489325,103.79957874,102.612380451,103.205979596,102.612380451,-0.747220193,112441.452585505,142.843147847
2024-04-22 17:00,102.612380451,103.645695042,102.612380451,103.129037747,103.506128636,0.870994495,6251.756822737,-94.439989275
2024-04-22 18:00,103.506128636,103.506128636,102.789462992,103.147795814,103.045397398,-0.445124598,10144.54247199,62.267067636
2024-04-22 19:00,103.045397398,103.464138202,102.702408305,103.083273254,102.702408305,-0.332852413,44909.380054117,342.694977897
2024-04-22 20:00,102.702408305,105.062046099,102.702408305,103.882227202,105.062046099,2.297548648,146622.523623884,226.485298722
2024-04-22 21:00,105.062046099,105.108072405,104.374895728,104.741484066,105.108072405,0.043808689,49659.291109507,-66.131198753
2024-04-22 22:00,105.108072405,105.182926281,104.227652544,104.705289413,105.182926281,0.071216107,74057.559741385,49.131326861
2024-04-22 23:00,105.182926281,105.593517332,105.053243158,105.323380245,105.593517332,0.39035903,31333.480552389,-57.690368597
2024-04-23 00:00,105.593517332,105.593517332,104.199454695,104.896486014,104.199454695,-1.320216119,109222.756536168,248.581627737
2024-04-23 01:00,104.199454695,105.685905767,104.199454695,104.942680231,105.685905767,1.426544003,78222.134939665,-28.382932806
2024-04-23 02:00,105.685905767,106.588982047,105.273985224,105.931483635,105.615893171,-0.066245916,242995.240711967,210.647671403
2024-04-23 03:00,105.615893171,106.452457709,105.591710501,106.022084105,106.452457709,0.792082056,38047.118018952,-84.342443125
2024-04-23 04:00,106.452457709,107.187455378,106.452457709,106.819956543,106.476652458,0.022728221,97694.590463536,156.772642845
2024-04-23 05:00,106.476652458,106.847228381,105.704719745,106.275974063,105.704719745,-0.724978383,63064.516318319,-35.447279098
2024-04-23 06:00,105.704719745,105.704719745,105.066790972,105.385755358,105.066790972,-0.603500747,32745.848186162,-48.075637303
2024-04-23 07:00,105.066790972,105.54405691,104.512492524,105.028274717,104.512492524,-0.527567696,67732.531135985,106.843111074
2024-04-23 08:00,104.512492524,105.136807919,104.512492524,104.824650222,105.136807919,0.597359588,44914.030720136,-33.689129925
2024-04-23 09:00,105.136807919,105.136807919,103.91496626,104.52588709,103.91496626,-1.162144527,96942.060849084,115.839147132
2024-04-23 10:00,103.91496626,104.451937383,103.146755629,103.799346506,103.796238782,-0.114254455,9782.537010777,-89.908882765
2024-04-23 11:00,103.796238782,103.796238782,102.148394949,102.972316866,103.486669814,-0.298246807,315212.675943734,3122.197632337
2024-04-23 12:00,103.486669814,103.743795433,103.061046432,103.402420933,103.061046432,-0.411283292,39978.172899765,-87.317079562
2024-04-23 13:00,103.061046432,103.902215277,103.061046432,103.481630854,103.902215277,0.816185042,23442.889432124,-41.360778315
2024-04-23 14:00,103.902215277,103.902215277,103.476244451,103.689229864,103.476244451,-0.409972805,1552.143666763,-93.379042838
2024-04-23 15:00,103.476244451,103.628530506,103.476244451,103.552387479,103.527340124,0.049379133,17309.462746555,1015.197202244
2024-04-23 16:00,103.527340124,104.511266102,103.439091053,103.975178577,104.511266102,0.950402064,60829.377082695,251.422675408
2024-04-23 17:00,104.511266102,106.293460533,104.511266102,105.402363317,106.293460533,1.705265373,1134.925956313,-98.134246953
2024-04-23 18:00,106.293460533,106.293460533,105.144093929,105.718777231,105.77034757,-0.492140307,18067.658054609,1491.968000564
2024-04-23 19:00,105.77034757,106.576079772,105.262982795,105.919531283,106.576079772,0.761775129,91788.534834289,408.02674346
2024-04-23 20:00,106.576079772,106.576079772,105.330553834,105.953316803,105.330553834,-1.168673065,60389.584698537,-34.207921711
2024-04-23 21:00,105.330553834,105.330553834,105.207852026,105.26920293,105.251541828,-0.075013378,32531.745253578,-46.130205372
2024-04-23 22:00,105.251541828,105.251541828,104.878089928,105.064815878,104.878089928,-0.35481846,5181.488384025,-84.072516419
2024-04-23 23:00,104.878089928,105.111524047,104.608040008,104.859782028,104.711976984,-0.158386699,24207.333782104,367.188807308
2024-04-24 00:00,104.711976984,104.711976984,104.121153601,104.416565293,104.17477607,-0.513027191,36654.644477958,51.419585519
2024-04-24 01:00,104.17477607,104.721263401,104.06102439,104.391143896,104.139051018,-0.03429338,39207.148770097,6.963658572
2024-04-24 02:00,104.139051018,104.139051018,104.003660237,104.071355628,104.073028717,-0.063398217,1805.242192513,-95.395630008
2024-04-24 03:00,104.073028717,105.417546531,104.073028717,104.745287624,105.417546531,1.291898421,54887.545880778,2940.45330363
2024-04-24 04:00,105.417546531,105.662056618,104.943163578,105.302610098,105.464324151,0.044373657,122827.083401893,123.77951397
2024-04-24 05:00,105.464324151,105.478772068,104.727963572,105.10336782,104.727963572,-0.698208218,44521.24452812,-63.752909135
2024-04-24 06:00,104.727963572,104.876065117,104.727963572,104.802014345,104.859634537,0.125726654,18072.050371875,-59.408029664
2024-04-24 07:00,104.859634537,106.308938841,104.859634537,105.584286689,106.308938841,1.382137474,10300.86327771,-43.001136751
2024-04-24 08:00,106.308938841,106.670714707,103.124918628,104.897816667,104.202248093,-1.981668495,1090918.65375201,10490.555610156
2024-04-24 09:00,104.202248093,104.331248048,103.726275124,104.028761586,104.331248048,0.12379767,54381.817291446,-95.015043779
2024-04-24 10:00,104.331248048,104.580858263,103.848649333,104.214753798,104.580858263,0.239247799,34185.901318168,-37.137258332
2024-04-24 11:00,104.580858263,104.580858263,103.873670698,104.227264481,103.873670698,-0.676211284,2610.326645397,-92.364318199
2024-04-24 12:00,103.873670698,103.873670698,103.708894868,103.791282783,103.708894868,-0.158630989,20980.690293049,703.757274211
2024-04-24 13:00,103.708894868,104.557251669,103.708894868,104.133073268,104.426855463,0.692284492,4202.506988664,-79.969643849
2024-04-24 14:00,104.426855463,105.395788521,104.426855463,104.911321992,105.395788521,0.92785812,55974.51815497,1231.931590024
2024-04-24 15:00,105.395788521,105.395788521,104.729310144,105.062549333,104.729310144,-0.632357694,33881.044227559,-39.470592433
2024-04-24 16:00,104.729310144,104.729310144,103.306208346,104.017759245,103.306208346,-1.358838128,76480.345661865,125.731961353
2024-04-24 17:00,103.306208346,103.306208346,100.830726891,102.068467619,100.830726891,-2.396256232,161428.922723428,111.072428251
2024-04-24 18:00,100.830726891,100.857792952,99.809990983,100.333891968,100.111760286,-0.713043164,204680.123452538,26.792720907
2024-04-24 19:00,100.111760286,100.111760286,98.575759512,99.343759899,98.575759512,-1.534286051,33756.046062378,-83.507902236
2024-04-24 20:00,98.575759512,100.016832912,98.575759512,99.296296212,100.016832912,1.46189429,50465.318398304,49.500087496
2024-04-24 21:00,100.016832912,100.016832912,97.832245258,98.924539085,98.412807183,-1.60375577,8350.306028574,-83.453376906
2024-04-24 22:00,98.412807183,98.87390705,98.065647289,98.46977717,98.87390705,0.468536444,45213.57326283,441.460074734
2024-04-24 23:00,98.87390705,98.934647213,97.944038463,98.439342838,97.944038463,-0.94045903,3559.843538655,-92.126604288
2024-04-25 00:00,97.944038463,98.565134968,97.851239387,98.208187178,98.224522864,0.286372101,17133.148230892,381.289361312
2024-04-25 01:00,98.224522864,98.916726742,97.883848625,98.400287683,97.883848625,-0.346832165,26851.440931962,56.722165536
2024-04-25 02:00,97.883848625,97.93670929,97.261281879,97.598995584,97.93670929,0.05400346,75951.099610709,182.856699583
2024-04-25 03:00,97.93670929,98.690944614,97.93670929,98.313826952,98.690944614,0.770125247,28717.381850823,-62.189643076
2024-04-25 04:00,98.690944614,99.007885244,97.942803018,98.475344131,97.942803018,-0.758065088,34031.581114379,18.505166283
2024-04-25 05:00,97.942803018,98.346309718,97.229467138,97.787888428,98.346309718,0.411981981,45829.373022386,34.667187129
2024-04-25 06:00,98.346309718,98.346309718,97.470177105,97.908243412,97.470177105,-0.890864757,25325.122643768,-44.740412156
2024-04-25 07:00,97.470177105,97.611899126,96.747619894,97.17975951,97.030798331,-0.45078278,51115.10202591,101.835555724
2024-04-25 08:00,97.030798331,97.268301497,97.030798331,97.149549914,97.268301497,0.244770908,10.079594999,-99.980280593
2024-04-25 09:00,97.268301497,98.088298553,97.268301497,97.678300025,98.088298553,0.843025984,9407.931391895,93236.402827388
2024-04-25 10:00,98.088298553,98.088298553,98.073858886,98.08107872,98.073858886,-0.01472109,1884.947068739,-79.964277053
2024-04-25 11:00,98.073858886,98.073858886,96.415178283,97.244518585,96.415178283,-1.691256592,33753.696476849,1690.697311168
2024-04-25 12:00,96.415178283,96.72643015,96.101725547,96.414077849,96.101725547,-0.325107251,76771.292292789,127.44558465
2024-04-25 13:00,96.101725547,96.101725547,94.30492074,95.203323143,94.371985407,-1.799905392,22135.983474862,-71.166326873
2024-04-25 14:00,94.371985407,95.956796457,94.171204721,95.064000589,95.956796457,1.679323629,110958.879366652,401.260219555
2024-04-25 15:00,95.956796457,96.461744384,95.143480697,95.80261254,95.143480697,-0.847585362,14414.373738667,-87.009265215
2024-04-25 16:00,95.143480697,96.202417482,94.932129222,95.567273352,96.202417482,1.112989327,148038.006305369,927.016566861
2024-04-25 17:00,96.202417482,97.372219732,95.829602443,96.600911087,96.49941944,0.308726085,80601.054904176,-45.553809514
2024-04-25 18:00,96.49941944,98.546085209,96.49941944,97.522752324,98.546085209,2.12090993,83746.451214355,3.902425736
2024-04-25 19:00,98.546085209,98.66446656,97.98733577,98.325901165,98.66446656,0.120127909,9253.771473427,-88.950252412
2024-04-25 20:00,98.66446656,98.94132148,98.553820047,98.747570763,98.795336022,0.132640926,35385.746733649,282.392701562
2024-04-25 21:00,98.795336022,98.795336022,98.174744948,98.485040485,98.174744948,-0.628158271,108517.443574102,206.669926711
2024-04-25 22:00,98.174744948,98.600405608,97.866850443,98.233628025,97.866850443,-0.313618849,20572.784661308,-81.041956036
2024-04-25 23:00,97.866850443,98.125663196,97.866850443,97.99625682,98.06195201,0.199354088,559.160216631,-97.282039229
2024-04-26 00:00,98.06195201,99.147244973,98.06195201,98.604598491,99.147244973,1.106742157,297.558882804,-46.784682824
2024-04-26 02:00,99.147244973,99.147244973,97.929859145,98.538552059,97.929859145,-1.227856436,15884.496230935,5238.269885016
2024-04-26 03:00,97.929859145,97.929859145,96.587480585,97.258669865,96.587480585,-1.370755121,109783.296710755,591.13489729
2024-04-26 04:00,96.587480585,97.109033225,95.90004471,96.504538968,97.109033225,0.539979547,89780.529255049,-18.220228446
2024-04-26 05:00,97.109033225,97.711006664,97.109033225,97.410019945,97.711006664,0.619894379,57788.907176832,-35.633140441
2024-04-26 06:00,97.711006664,97.824479566,97.1174754,97.470977483,97.1174754,-0.607435421,29726.350949733,-48.560454935
2024-04-26 07:00,97.1174754,97.1174754,96.704303247,96.910889323,96.704303247,-0.425435434,21590.757423704,-27.368288626
2024-04-26 08:00,96.704303247,97.289216049,96.704303247,96.996759648,96.768960478,0.066860759,14564.075703796,-32.544859738
2024-04-26 09:00,96.768960478,97.56479272,96.768960478,97.166876599,96.886030061,0.120978444,20910.048998194,43.572784319
2024-04-26 10:00,96.886030061,97.093778072,96.522271099,96.808024585,97.093778072,0.214425146,19226.956480706,-8.049204082
2024-04-26 11:00,97.093778072,97.093778072,96.472282447,96.783030259,96.472282447,-0.640098303,7230.938928284,-62.391661231
2024-04-26 12:00,96.472282447,96.951040848,96.372321337,96.661681092,96.372321337,-0.103616404,17890.987240162,147.422740222
2024-04-26 13:00,96.372321337,96.567255561,95.975968423,96.271611992,95.975968423,-0.411272561,24922.176312857,39.30017376
2024-04-26 14:00,95.975968423,95.975968423,95.923136999,95.949552711,95.923136999,-0.055046513,4968.083504946,-80.065611275
2024-04-26 16:00,95.923136999,96.485196693,95.162374713,95.823785703,96.485196693,0.585947992,104302.853193808,1999.458535469
2024-04-26 17:00,96.485196693,97.047497748,95.914252777,96.480875262,96.148936523,-0.348509597,67029.146435917,-35.736037526
2024-04-26 18:00,96.148936523,96.148936523,95.627163235,95.888049879,95.930170601,-0.227528177,36327.301053211,-45.803724223
2024-04-26 19:00,95.930170601,95.970980915,95.930170601,95.950575758,95.970980915,0.042541688,617.771380489,-98.299429458
2024-04-26 20:00,95.970980915,96.727628672,95.727459189,96.227543931,96.727628672,0.78841307,8023.41759012,1198.768095046
2024-04-26 21:00,96.727628672,97.031287899,96.363196078,96.697241989,97.031287899,0.313932255,21764.023889208,171.256277574
2024-04-26 22:00,97.031287899,97.479328343,97.031287899,97.255308121,97.441038889,0.42228749,58718.196866665,169.794763898
2024-04-26 23:00,97.441038889,97.472427275,97.347751276,97.410089276,97.472427275,0.032212696,26719.800579997,-54.494855078
2024-04-27 00:00,97.472427275,97.472427275,96.901416903,97.186922089,96.901416903,-0.585817331,1694.193001984,-93.659410006
2024-04-27 01:00,96.901416903,97.004963314,96.145498561,96.575230937,96.145498561,-0.780090082,74001.941256692,4267.975854582
2024-04-27 03:00,96.145498561,96.145498561,94.648708907,95.397103734,94.648708907,-1.556796393,47736.366784224,-35.49308846
2024-04-27 04:00,94.648708907,94.910593106,93.463650335,94.187121721,93.596074449,-1.112148777,138197.753406053,189.502035274
2024-04-27 05:00,93.596074449,93.732207137,93.533433116,93.632820127,93.670674353,0.079704095,45878.838530135,-66.802037371
2024-04-27 06:00,93.670674353,94.85189017,93.670674353,94.261282261,94.85189017,1.261030547,26758.971607859,-41.674696951
2024-04-27 07:00,94.85189017,95.195418966,94.85189017,95.023654568,95.195418966,0.362173907,32533.904279035,21.58129526
2024-04-27 08:00,95.195418966,95.195418966,95.119306174,95.15736257,95.119306174,-0.079954259,92.355384231,-99.716125727
2024-04-27 09:00,95.119306174,95.119306174,94.208814275,94.664060224,94.208814275,-0.957210409,56190.193605588,60741.275334044
2024-04-27 10:00,94.208814275,95.005107994,94.208814275,94.606961134,95.005107994,0.84524333,6791.050017363,-87.91417224
2024-04-27 11:00,95.005107994,95.023287135,94.451610454,94.737448794,94.451610454,-0.582597664,560.317527775,-91.749176838
2024-04-27 12:00,94.451610454,94.818725569,94.253893676,94.536309623,94.818725569,0.388680631,949.78992466,69.509229603
2024-04-27 13:00,94.818725569,94.826116812,94.127501206,94.476809009,94.127501206,-0.728995627,37282.449991827,3825.33643744
2024-04-27 14:00,94.127501206,94.507395432,93.778087312,94.142741372,93.778087312,-0.371213396,42491.179488798,13.970995732
2024-04-27 15:00,93.778087312,94.133959993,93.744283919,93.939121956,94.114707719,0.358954225,10887.211014919,-74.37771522
2024-04-27 16:00,94.114707719,94.114707719,94.109906312,94.112307015,94.109906312,-0.005101655,2298.308104584,-78.88983596
2024-04-27 17:00,94.109906312,95.413533951,94.109906312,94.761720131,94.874837551,0.812806292,8142.523054366,254.283354705
2024-04-27 18:00,94.874837551,95.437763364,94.614111206,95.025937285,94.614111206,-0.274810848,4011.80047838,-50.730253367
2024-04-27 19:00,94.614111206,94.624590888,94.466093794,94.545342341,94.542539052,-0.075646384,35598.095427326,787.334642367
2024-04-27 20:00,94.542539052,98.785062775,94.542539052,96.663800913,98.741788337,4.441650634,134366.975783038,277.455518814
2024-04-27 21:00,98.741788337,99.460824423,97.766540621,98.613682522,98.814171417,0.073305417,77435.122413614,-42.370421034
2024-04-27 22:00,98.814171417,98.814171417,98.286071721,98.550121569,98.570569408,-0.246525377,7982.935488335,-89.690807944
2024-04-27 23:00,98.570569408,98.570569408,97.624261213,98.097415311,97.624261213,-0.960031174,6480.346704688,-18.822509412
2024-04-28 01:00,97.624261213,100.660408518,97.624261213,99.142334866,100.660408518,3.110033579,1181458.29033822,18131.40557408
2024-04-28 02:00,100.660408518,101.972695576,100.660408518,101.316552047,100.936321173,0.274102458,251518.939877006,-78.711145206
2024-04-28 03:00,100.936321173,101.812701827,100.936321173,101.3745115,101.782714615,0.838541996,81638.4277468,-67.541836894
2024-04-28 04:00,101.782714615,101.782714615,101.192087791,101.487401203,101.448156781,-0.328698085,11013.342870256,-86.509609293
2024-04-28 05:00,101.448156781,102.516974512,101.448156781,101.982565647,102.516974512,1.053560523,22308.851370299,102.562034371
2024-04-28 06:00,102.516974512,104.579062643,102.516974512,103.548018578,104.099952073,1.544112639,112019.075334866,402.128386063
2024-04-28 07:00,104.099952073,104.574055952,104.099952073,104.337004012,104.574055952,0.45543141,19282.098367248,-82.786772423
2024-04-28 08:00,104.574055952,104.943815906,104.487695416,104.715755661,104.943815906,0.353586701,64713.8764571,235.616358887
2024-04-28 09:00,104.943815906,105.493493641,104.943815906,105.218654774,105.493493641,0.523782873,46707.415046844,-27.824730021
2024-04-28 10:00,105.493493641,105.493493641,104.822186193,105.157839917,104.822186193,-0.636349622,48902.768489543,4.700224666
2024-04-28 11:00,104.822186193,105.415684171,104.302433399,104.859058785,104.302433399,-0.495842352,41782.655655384,-14.559733639
2024-04-28 12:00,104.302433399,104.302433399,103.764324081,104.03337874,103.764324081,-0.515912525,66799.252498426,59.873161365
2024-04-28 13:00,103.764324081,104.340114637,103.381391278,103.860752958,103.381391278,-0.369040907,6420.986252202,-90.387637568
2024-04-28 14:00,103.381391278,103.381391278,102.743874333,103.062632806,102.743874333,-0.616665086,22770.258400365,254.622444372
2024-04-28 15:00,102.743874333,103.297723418,102.67784983,102.987786624,102.67784983,-0.064261255,28497.932498454,25.154190161
2024-04-28 16:00,102.67784983,103.334525143,102.67784983,103.006187486,103.256348816,0.563411668,17764.074261137,-37.665392877
2024-04-28 17:00,103.256348816,103.30502032,102.745332432,103.025176376,102.858683631,-0.385124198,97204.368879242,447.196366387
2024-04-28 18:00,102.858683631,103.357948187,102.723105849,103.040527018,102.972716584,0.110863711,14656.090986766,-84.92239479
2024-04-28 19:00,102.972716584,103.751194784,102.972716584,103.361955684,103.003123848,0.029529437,40389.68029512,175.582898138
2024-04-28 20:00,103.003123848,103.747267145,103.003123848,103.375195496,103.747267145,0.722447309,2950.514352496,-92.694880645
2024-04-28 21:00,103.747267145,104.49015307,103.724482453,104.107317761,104.49015307,0.716053488,34324.042332178,1063.324025289
2024-04-28 22:00,104.49015307,104.696862901,104.041211655,104.369037278,104.041211655,-0.429649495,84417.205025573,145.941909198
2024-04-28 23:00,104.041211655,104.502689472,103.632752534,104.067721003,103.632752534,-0.392593584,311.714119517,-99.630745747
2024-04-29 00:00,103.632752534,104.31952044,103.494812442,103.907166441,103.494812442,-0.133104726,3638.20732186,1067.161541316
2024-04-29 01:00,103.494812442,103.71986991,103.068218097,103.394044003,103.71986991,0.217457728,2254.936628758,-38.020667068
2024-04-29 02:00,103.71986991,103.71986991,102.231165254,102.975517582,102.231165254,-1.435312883,26237.791727097,1063.571135103
2024-04-29 03:00,102.231165254,102.231165254,101.741149091,101.986157173,101.741149091,-0.479321704,490.889208204,-98.12907575
2024-04-29 04:00,101.741149091,103.113181801,101.741149091,102.427165446,103.051960318,1.288378634,32011.013187202,6421.026058881
2024-04-29 05:00,103.051960318,103.398084119,101.110331277,102.254207698,101.110331277,-1.884126255,70565.667220025,120.441842335
2024-04-29 06:00,101.110331277,101.293345232,100.248235686,100.770790459,100.76941228,-0.337175235,34439.408451317,-51.195234442
2024-04-29 07:00,100.76941228,100.76941228,100.317023838,100.543218059,100.637246317,-0.131156826,32214.191728619,-6.46125129
2024-04-29 08:00,100.637246317,100.637246317,100.065920786,100.351583552,100.065920786,-0.567707834,23923.388879544,-25.736491913
2024-04-29 09:00,100.065920786,100.213604696,98.79674759,99.505176143,98.920283804,-1.144882267,69668.115185293,191.213404322
2024-04-29 10:00,98.920283804,99.050837188,98.920283804,98.985560496,99.050837188,0.131978376,3223.351639788,-95.373275664
2024-04-29 11:00,99.050837188,99.335617552,99.050837188,99.19322737,99.25204748,0.203138406,6158.240669236,91.05084885
2024-04-29 12:00,99.25204748,100.032962511,99.25204748,99.642504995,100.032962511,0.786799921,45246.936108567,634.738028908
2024-04-29 13:00,100.032962511,100.337956204,99.4176252,99.877790702,99.531179697,-0.501617468,39701.907289825,-12.255037127
2024-04-29 14:00,99.531179697,99.531179697,98.63917528,99.085177489,98.63917528,-0.896206013,2071.422680864,-94.782561287
2024-04-29 15:00,98.63917528,99.426535545,98.576414493,99.001475019,99.426535545,0.798222677,14045.891481187,578.07944805
2024-04-29 16:00,99.426535545,99.601655028,98.750746615,99.176200822,98.750746615,-0.679686691,7203.701082863,-48.713108794
2024-04-29 17:00,98.750746615,99.617954353,97.703385674,98.660670014,99.617954353,0.878178411,12427.544046074,72.516098366
2024-04-29 18:00,99.617954353,99.617954353,99.114628866,99.366291609,99.243262232,-0.376129105,3560.228638823,-71.352114097
2024-04-29 19:00,99.243262232,99.744179266,99.078743226,99.411461246,99.078743226,-0.165773477,53172.587493942,1393.516088099
2024-04-29 20:00,99.078743226,99.078743226,98.7146314,98.896687313,98.913727199,-0.166550384,357.240785839,-99.328148577
2024-04-29 21:00,98.913727199,99.52494111,98.742699193,99.133820151,98.742699193,-0.172906239,18536.681878321,5088.848141957
2024-04-29 22:00,98.742699193,99.305623034,98.600585538,98.953104286,99.305623034,0.570091608,45904.769755238,147.642863251
2024-04-29 23:00,99.305623034,99.305623034,99.012284332,99.158953683,99.016644372,-0.290999294,20768.327497713,-54.757800533
2024-04-30 00:00,99.016644372,99.016644372,98.185026276,98.600835324,98.906102635,-0.111639551,37760.364147366,81.817068089
2024-04-30 01:00,98.906102635,100.513573575,98.906102635,99.709838105,100.513573575,1.625249502,45703.204462616,21.03486154
2024-04-30 02:00,100.513573575,100.513573575,100.179161268,100.346367422,100.179161268,-0.332703629,31246.29565141,-31.632155734
2024-04-30 03:00,100.179161268,100.179161268,99.732396311,99.95577879,99.842967908,-0.335592109,18704.205975426,-40.139445059
2024-04-30 04:00,99.842967908,100.478094431,99.842967908,100.16053117,100.124188862,0.281663255,12341.745455619,-34.016202175
2024-04-30 06:00,100.124188862,100.124188862,98.872546294,99.498367578,99.467077537,-0.656296278,15752.882664577,27.639017684
2024-04-30 07:00,99.467077537,99.467077537,98.810526167,99.138801852,98.810526167,-0.660069026,79.001136482,-99.498497271
2024-04-30 08:00,98.810526167,98.810526167,98.042822502,98.426674334,98.042822502,-0.776945225,10437.120933973,13111.355429451
2024-04-30 09:00,98.042822502,98.736447212,97.956622701,98.346534956,98.736447212,0.707471176,81380.031572212,679.717242782
2024-04-30 10:00,98.736447212,99.008406712,98.736447212,98.872426962,99.008406712,0.275439828,6721.627509516,-91.740446176
2024-04-30 11:00,99.008406712,99.008406712,95.948045082,97.478225897,95.948045082,-3.091011897,27904.403602546,315.14355806
2024-04-30 12:00,95.948045082,95.948045082,94.599187754,95.273616418,94.599187754,-1.405820542,11706.43217968,-58.048083211
2024-04-30 13:00,94.599187754,94.599187754,93.145812571,93.872500162,93.145812571,-1.536350594,183649.653026804,1468.792696255
2024-04-30 14:00,93.145812571,93.145812571,91.877417299,92.511614935,91.877417299,-1.361730857,85755.785065498,-53.304684407
2024-04-30 15:00,91.877417299,91.877417299,90.302943161,91.09018023,91.559590086,-0.34592528,56276.759188054,-34.37555362
2024-04-30 16:00,91.559590086,91.995200822,90.781140141,91.388170481,90.781140141,-0.850211261,33036.846272451,-41.295755567
2024-04-30 17:00,90.781140141,91.335148651,90.320160288,90.827654469,91.154676148,0.411468733,86466.340562955,161.726981595
2024-04-30 18:00,91.154676148,91.154676148,89.555973907,90.355325027,89.888632027,-1.388896515,131191.905421845,51.725983276
2024-04-30 19:00,89.888632027,89.888632027,88.811528427,89.350080227,89.59490551,-0.326767146,34837.627891052,-73.445291629
2024-04-30 20:00,89.59490551,90.162080924,89.429453554,89.795767239,90.158872532,0.62946327,85668.068648421,145.906721653
2024-04-30 21:00,90.158872532,90.30770837,88.883805177,89.595756774,89.425773477,-0.813119146,163780.153297381,91.17992956
2024-04-30 22:00,89.425773477,89.715449633,88.376724543,89.046087088,88.609843974,-0.91240978,52760.712047142,-67.785649857
2024-04-30 23:00,88.609843974,90.257685805,88.609843974,89.43376489,90.151407882,1.739720824,60225.287071311,14.147980068
2024-05-01 00:00,90.151407882,91.152382302,90.151407882,90.651895092,90.639002921,0.540862367,83282.55206695,38.285022981
2024-05-01 01:00,90.639002921,92.141385051,90.619120113,91.380252582,92.141385051,1.657544856,4851.536089041,-94.174606843
2024-05-01 02:00,92.141385051,92.556349111,91.85158762,92.203968365,92.295359682,0.16710692,86700.372258211,1687.070541515
2024-05-01 03:00,92.295359682,92.295359682,91.895838013,92.095598848,91.939116336,-0.38598186,3142.555302312,-96.375384303
2024-05-01 04:00,91.939116336,92.443556687,91.156386991,91.799971839,92.443556687,0.548667827,11423.265830341,263.502459986
2024-05-01 05:00,92.443556687,92.443556687,91.149957171,91.796756929,91.571247362,-0.943612899,15865.330061924,38.88611451
2024-05-01 07:00,91.571247362,91.721490603,91.571247362,91.646368982,91.642791137,0.078129082,14166.519556258,-10.707690915
2024-05-01 08:00,91.642791137,92.224500659,91.293271079,91.758885869,91.293271079,-0.381393946,142.927439162,-98.991089953
2024-05-01 09:00,91.293271079,91.914876121,91.293271079,91.6040736,91.371347975,0.085523166,13806.07676436,9559.50054471
2024-05-01 10:00,91.371347975,91.371347975,87.803147958,89.587247967,87.803147958,-3.905162938,23149.548819895,67.67651821
2024-05-01 11:00,87.803147958,87.803147958,85.97562725,86.889387604,87.218484937,-0.66587934,56495.970246269,144.047824369
2024-05-01 12:00,87.218484937,88.141550328,86.395512558,87.268531443,86.395512558,-0.943575641,733822.954792752,1198.894331036
2024-05-01 13:00,86.395512558,87.19379613,86.395512558,86.794654344,87.19379613,0.92398731,27155.296787571,-96.299475696
2024-05-01 14:00,87.19379613,87.555321303,86.676589621,87.115955462,87.555321303,0.414622586,74376.521672632,173.893238047
2024-05-01 15:00,87.555321303,89.63180745,87.555321303,88.593564376,89.63180745,2.371627579,159142.724350541,113.9690332
2024-05-01 16:00,89.63180745,89.63180745,88.380005413,89.005906432,88.380005413,-1.396604701,38141.896421782,-76.032899664
2024-05-01 17:00,88.380005413,88.380005413,88.125073109,88.252539261,88.125073109,-0.288450202,40330.877950587,5.739047436
2024-05-01 18:00,88.125073109,88.369378516,87.446736311,87.908057414,87.775145632,-0.397080495,41172.759811138,2.087437476
2024-05-01 19:00,87.775145632,89.207004507,87.775145632,88.491075069,89.207004507,1.631280545,84379.887523803,104.941053043
2024-05-01 20:00,89.207004507,89.207004507,88.596757625,88.901881066,88.856756216,-0.392624204,43652.01014236,-48.267280956
2024-05-01 21:00,88.856756216,94.000891324,88.856756216,91.42882377,94.000891324,5.789244766,185354.45274287,324.61836726
2024-05-01 22:00,94.000891324,94.000891324,90.703165327,92.352028326,90.992851122,-3.200012426,85726.058583346,-53.750202752
2024-05-01 23:00,90.992851122,91.374570412,90.462869704,90.918720058,90.475618428,-0.568432231,85238.20992094,-0.56907861
2024-05-02 01:00,90.475618428,91.787442742,90.475618428,91.131530585,91.787442742,1.449920252,65515.14733633,-23.138757375
2024-05-02 02:00,91.787442742,91.962081108,91.31225002,91.637165564,91.419513472,-0.400849244,18062.441341871,-72.430129403
2024-05-02 03:00,91.419513472,92.015669803,90.68005801,91.347863906,90.68005801,-0.808859547,39482.453554842,118.588688027
2024-05-02 04:00,90.68005801,90.68005801,90.475341729,90.57769987,90.475341729,-0.225756671,2923.416777838,-92.595655754
2024-05-02 06:00,90.475341729,90.475341729,89.395315261,89.935328495,89.580627059,-0.988904439,16890.332241901,477.759981743
2024-05-02 07:00,89.580627059,89.580627059,89.317479521,89.44905329,89.317479521,-0.293754962,35093.422365504,107.772244281
2024-05-02 08:00,89.096770493,89.096770493,88.988340761,89.042555627,88.988340761,0.0,5696.289634285,0.0
2024-05-02 09:00,88.988340761,89.412111777,88.849622413,89.130867095,88.898150761,-0.101350356,10070.030236419,76.782272022
2024-05-02 10:00,88.898150761,89.131389089,88.898150761,89.014769925,89.074067761,0.197886006,17443.828056286,73.225180528
2024-05-02 13:00,89.074067761,90.136102894,89.074067761,89.605085327,90.136102894,1.192305639,16045.920794443,-8.01376428
2024-05-02 14:00,90.136102894,91.966525718,90.136102894,91.051314306,91.896186244,1.952695195,54174.308022179,237.620437719
2024-05-02 15:00,91.896186244,92.317022038,91.275896824,91.796459431,91.275896824,-0.674989296,47742.354304842,-11.872701198
2024-05-02 16:00,91.275896824,91.275896824,89.942975787,90.609436305,90.249546726,-1.124448111,116391.057980537,143.789942233
2024-05-02 17:00,90.249546726,91.201395454,89.666499498,90.433947476,91.201395454,1.054685328,52330.768249753,-55.038841336
2024-05-02 18:00,91.201395454,91.885691091,91.201395454,91.543543273,91.885691091,0.750312683,98171.756251668,87.598538174
2024-05-02 19:00,91.885691091,91.885691091,90.625901385,91.255796238,90.625901385,-1.371040139,85190.990791306,-13.222505083
2024-05-02 20:00,90.625901385,91.310168562,90.625901385,90.968034973,91.310168562,0.755045927,14959.224678702,-82.440367767
2024-05-02 21:00,91.310168562,91.668238975,91.04469478,91.356466877,91.04469478,-0.290738464,19922.924714252,33.181532748
2024-05-02 22:00,91.04469478,91.540841143,91.04469478,91.292767962,91.540841143,0.544948132,415.398735375,-97.914971113
2024-05-03 00:00,91.540841143,92.385822153,91.365395693,91.875608923,92.374165781,0.910330982,132075.03950423,31694.762057933
2024-05-03 01:00,92.374165781,92.587482709,92.374165781,92.480824245,92.587482709,0.230927042,42936.268844001,-67.491004352
2024-05-03 02:00,92.587482709,92.587482709,91.652769741,92.120126225,91.681704571,-0.978294378,8931.894542555,-79.197320161
2024-05-03 03:00,91.681704571,91.71415041,91.317742532,91.515946471,91.317742532,-0.396984372,40033.377937259,348.207015281
2024-05-03 04:00,91.317742532,92.358775838,91.317742532,91.838259185,92.358775838,1.140012091,7684.716340367,-80.804227032
2024-05-03 06:00,92.358775838,92.840275059,92.358775838,92.599525448,92.840275059,0.521335645,17727.721314493,130.688037519
2024-05-03 07:00,92.840275059,92.95414279,92.839497636,92.896820213,92.95414279,0.122649067,24720.265864648,39.444124973
2024-05-03 08:00,92.95414279,92.95414279,92.585065154,92.769603972,92.720396575,-0.25146401,21831.889372202,-11.68424526
2024-05-03 09:00,92.720396575,92.720396575,91.838587158,92.279491866,91.838587158,-0.951041464,37.395246992,-99.828712731
2024-05-03 10:00,91.838587158,92.3126275,91.734029372,92.023328436,91.734029372,-0.113849514,9313.008432937,24804.257043202
2024-05-03 11:00,91.734029372,91.734029372,91.080560224,91.407294798,91.16970165,-0.615178169,19532.619545227,109.734799296
2024-05-03 12:00,91.16970165,91.243681826,91.122001463,91.182841644,91.243681826,0.081145572,17197.352163141,-11.955730652
2024-05-03 13:00,91.243681826,91.243681826,90.208550366,90.726116096,90.208550366,-1.134469191,90501.714741233,426.253773736
2024-05-03 14:00,90.208550366,90.208550366,90.107597671,90.158074019,90.107597671,-0.11191034,26455.770707469,-70.767658068
2024-05-03 15:00,90.107597671,92.017279999,90.043815295,91.030547647,92.017279999,2.119335524,74689.206388949,182.317257792
2024-05-03 16:00,92.017279999,95.149226052,92.017279999,93.583253025,95.149226052,3.403649894,305171.947277896,308.589088079
2024-05-03 17:00,95.149226052,95.841125018,94.89906555,95.370095284,95.334969866,0.195213164,116467.14811878,-61.835565439
2024-05-03 18:00,95.334969866,95.794782533,95.22894931,95.511865922,95.621006168,0.300032928,43081.074890395,-63.01010578
2024-05-03 19:00,95.621006168,97.213941764,95.621006168,96.417473966,96.973036642,1.413947131,134511.363058074,212.228428377
2024-05-03 20:00,96.973036642,96.973036642,96.305013158,96.6390249,96.372013502,-0.619783768,12109.85398699,-90.997151682
2024-05-03 21:00,96.372013502,96.372013502,96.149140943,96.260577222,96.157119635,-0.222983685,35548.660074869,193.551516914
2024-05-03 22:00,96.157119635,96.664733857,96.032613839,96.348673848,96.664733857,0.527900819,3514.052059408,-90.114811495
2024-05-03 23:00,96.664733857,97.58421556,96.1041835,96.84419953,97.58421556,0.951206988,584.454798417,-83.368066593
2024-05-04 00:00,97.58421556,97.58421556,96.833122808,97.208669184,96.833122808,-0.769686724,28437.238100232,4765.600928809
2024-05-04 01:00,96.833122808,97.0182585,96.833122808,96.925690654,97.0182585,0.191190458,1910.590424738,-93.281378388
2024-05-04 04:00,97.0182585,97.197183931,97.0182585,97.107721215,97.197183931,0.184424493,8076.235251854,322.708872989
2024-05-04 05:00,97.197183931,97.197183931,96.44726993,96.822226931,96.44726993,-0.771538815,74325.854963647,820.303243353
2024-05-04 06:00,96.44726993,96.861974842,96.306731454,96.584353148,96.306731454,-0.145715349,630.189668672,-99.152125907
2024-05-04 07:00,96.306731454,97.280678894,96.306731454,96.793705174,97.280678894,1.011297368,18578.807661917,2848.129521238
2024-05-04 08:00,97.280678894,97.53695465,97.280678894,97.408816772,97.53695465,0.263439522,20258.028456844,9.038366861
2024-05-04 10:00,97.53695465,97.53695465,96.877645638,97.207300144,96.877645638,-0.675958168,635.246000676,-96.864225944
2024-05-04 11:00,96.877645638,98.46960199,96.60007318,97.534837585,97.899161991,1.054439696,212289.119516557,33318.411023562
2024-05-04 12:00,97.899161991,98.702989457,97.899161991,98.301075724,97.9802123,0.082789584,143150.175654568,-32.568293665
2024-05-04 13:00,97.9802123,99.488930366,97.9802123,98.734571333,99.488930366,1.539819144,1066.981539075,-99.254641823
2024-05-04 14:00,99.488930366,99.935951568,99.488930366,99.712440967,99.909353634,0.422582962,1873.763157226,75.613456148
2024-05-04 15:00,99.909353634,99.909353634,98.716723723,99.313038679,99.793576322,-0.115882355,49987.974042242,2567.785085295
2024-05-04 16:00,99.793576322,99.892703964,98.537500071,99.215102017,98.537500071,-1.258674453,87886.01785657,75.814322425
2024-05-04 17:00,98.537500071,98.808985295,98.180573206,98.494779251,98.808985295,0.275514626,6341.706100909,-92.784169478
2024-05-04 18:00,98.808985295,98.808985295,97.995330323,98.402157809,98.46006791,-0.353123134,55349.960033661,772.792891265
2024-05-04 19:00,98.46006791,98.61307986,98.46006791,98.536573885,98.61307986,0.155405083,33124.036585699,-40.155265576
2024-05-04 20:00,98.61307986,98.61307986,98.16336323,98.388221545,98.16336323,-0.456041563,3324.287720539,-89.964122543
2024-05-04 21:00,98.16336323,98.949310449,98.16336323,98.556336839,98.948627497,0.799956564,16267.07711756,389.340228195
2024-05-04 22:00,98.948627497,99.167313985,98.472279109,98.819796547,99.167313985,0.221010127,23967.828223511,47.339488528
2024-05-04 23:00,99.167313985,99.35259685,98.758184209,99.05539053,99.35259685,0.186838644,360.1985033,-98.497158358
2024-05-05 01:00,99.35259685,99.35259685,98.083434207,98.718015528,98.083434207,-1.277432783,482.293704815,33.896643211
2024-05-05 02:00,98.083434207,98.083434207,98.064513386,98.073973796,98.064513386,-0.019290537,127.483867402,-73.567171595
2024-05-05 03:00,98.064513386,98.927068989,97.213943759,98.070506374,97.213943759,-0.86735721,68455.437675302,53597.333686699
2024-05-05 04:00,97.213943759,97.213943759,96.473805081,96.84387442,96.473805081,-0.761350326,35385.874315814,-48.308161459
2024-05-05 05:00,96.473805081,97.049251867,96.473805081,96.761528474,97.049251867,0.596479827,5628.240050161,-84.094670094
2024-05-05 06:00,97.049251867,97.049251867,96.298864048,96.674057957,96.298864048,-0.773203095,1437.632602891,-74.456800171
2024-05-05 07:00,96.298864048,96.422445868,96.298864048,96.360654958,96.355503497,0.058816322,20306.708092657,1312.510265267
2024-05-05 08:00,96.355503497,96.952983774,96.228119363,96.590551569,96.228119363,-0.13220224,34971.495192561,72.216466761
2024-05-05 09:00,96.228119363,96.743149683,96.172596456,96.457873069,96.743149683,0.535218108,14964.449160724,-57.209581465
2024-05-05 10:00,96.743149683,96.743149683,96.462249325,96.602699504,96.660127362,-0.085817261,14500.705154954,-3.098971441
2024-05-05 11:00,96.660127362,98.162080936,96.660127362,97.411104149,98.137048217,1.527952524,30291.464095949,108.896490014
2024-05-05 13:00,98.137048217,98.289694728,97.685578507,97.987636618,97.685578507,-0.460040034,30588.109469855,0.979303519
2024-05-05 14:00,97.685578507,98.752180001,97.685578507,98.218879254,98.752180001,1.091872014,88096.649481955,188.009461875
2024-05-05 15:00,98.752180001,98.77454683,98.752180001,98.763363416,98.77454683,0.022649454,627.754811806,-99.287424873
2024-05-05 17:00,98.77454683,99.065720744,98.155208891,98.610464818,99.065720744,0.294786383,47483.125386128,7463.960401917
2024-05-05 18:00,99.065720744,100.128352195,98.927092095,99.527722145,100.128352195,1.072653025,77604.085224587,63.43508266
2024-05-05 19:00,100.128352195,100.306254703,100.128352195,100.217303449,100.306254703,0.177674459,28465.368312818,-63.319755358
2024-05-05 20:00,100.306254703,100.306254703,98.980725902,99.643490302,98.980725902,-1.321481701,273017.051874565,859.120039742
2024-05-05 21:00,98.980725902,99.374674769,98.599231993,98.986953381,98.599231993,-0.385422419,2933.483529757,-98.925531021
2024-05-05 22:00,98.599231993,99.024757753,98.396030626,98.71039419,98.396030626,-0.206088184,28708.827680565,878.659923921
2024-05-05 23:00,98.396030626,98.783310272,98.197868254,98.490589263,98.197868254,-0.201392649,27432.137252913,-4.447030864
2024-05-06 00:00,98.197868254,98.197868254,97.840262404,98.019065329,97.840262404,-0.364168648,58.789288993,-99.785691911
2024-05-06 01:00,97.840262404,98.406123237,97.840262404,98.12319282,98.406123237,0.578351712,2069.092873321,3419.50654408
2024-05-06 02:00,98.406123237,98.779895176,98.406123237,98.593009206,98.779895176,0.379825896,17174.101436182,730.030476526
2024-05-06 03:00,98.779895176,99.644249486,98.779895176,99.212072331,99.644249486,0.875030601,29000.172888666,68.859913844
2024-05-06 05:00,99.644249486,99.644249486,98.395809941,99.020029714,98.395809941,-1.252896732,60519.66506925,108.687256113
2024-05-06 06:00,98.395809941,98.73931028,97.74316408,98.24123718,97.74316408,-0.663286233,42544.225123296,-29.701816633
2024-05-06 07:00,97.74316408,98.150034327,97.74316408,97.946599203,98.12682085,0.392515194,590.898947681,-98.611094817
2024-05-06 08:00,98.12682085,98.982079186,98.12682085,98.554450018,98.982079186,0.871584679,4578.21993423,674.788980789
2024-05-06 09:00,98.982079186,99.248739548,98.625025311,98.936882429,99.222897154,0.243294513,21881.163008508,377.940407469
2024-05-06 10:00,99.222897154,99.567141553,99.222897154,99.395019353,99.445025784,0.223868317,5934.375298338,-72.879068192
2024-05-06 11:00,99.445025784,100.931444495,99.445025784,100.18823514,100.931444495,1.494713988,56066.057745845,844.767644904
2024-05-06 12:00,100.931444495,100.931444495,100.067617381,100.499530938,100.799092966,-0.131130125,545.957050698,-99.026225362
2024-05-06 13:00,100.799092966,100.799092966,97.449802904,99.124447935,97.449802904,-3.322738293,78660.011564164,14307.72886138
2024-05-06 14:00,97.449802904,98.349283139,97.449802904,97.899543022,98.349283139,0.92301904,192.877808507,-99.754795601
2024-05-06 15:00,98.349283139,98.349283139,95.596757118,96.973020129,95.596757118,-2.798725047,87935.507030125,45491.303484311
2024-05-06 16:00,95.596757118,96.72548053,95.596757118,96.161118824,96.72548053,1.180713077,19993.443198682,-77.26351519
2024-05-06 17:00,96.72548053,96.950765605,96.168102039,96.559433822,96.168102039,-0.57624784,33441.873207624,67.264201945
2024-05-06 18:00,96.168102039,96.168102039,95.413763315,95.790932677,96.149400751,-0.019446455,42769.60030578,27.892358303
2024-05-06 19:00,96.149400751,96.149400751,95.502718756,95.826059753,95.502718756,-0.672580371,1296.986610442,-96.967503551
2024-05-06 20:00,95.502718756,96.464420055,95.497141305,95.98078068,95.497141305,-0.005840096,83026.65995801,6301.504787297
2024-05-06 21:00,95.497141305,96.350639159,95.488671791,95.919655475,96.350639159,0.893741783,481.83331885,-99.419664335
2024-05-06 22:00,96.350639159,96.350639159,95.19623973,95.773439444,95.212235069,-1.181522095,6839.06818664,1319.384654212
2024-05-06 23:00,95.212235069,96.171198125,95.212235069,95.691716597,95.605935843,0.413498091,3947.4735939,-42.280534626
2024-05-07 01:00,95.605935843,96.004643496,95.605935843,95.80528967,95.945918817,0.355608646,22924.943476244,480.749761358
2024-05-07 02:00,95.945918817,95.945918817,95.362264707,95.654091762,95.362264707,-0.608315723,15459.263227492,-32.565752044
2024-05-07 03:00,95.362264707,95.362264707,94.92995062,95.146107664,94.92995062,-0.453338739,227.051325373,-98.531292714
2024-05-07 04:00,94.92995062,95.899389296,94.92995062,95.414669958,95.899389296,1.02121477,5203.486085498,2191.766443978
2024-05-07 06:00,95.899389296,95.899389296,94.233966232,95.066677764,94.953986658,-0.985827591,25167.726528161,383.67048772
2024-05-07 07:00,94.953986658,94.968454529,94.396711933,94.682583231,94.58927668,-0.384091275,22935.778183248,-8.868295443
2024-05-07 08:00,94.58927668,94.623575024,94.353639508,94.488607266,94.353639508,-0.249116158,54885.029497165,139.298745648
2024-05-07 09:00,94.353639508,94.604498876,94.353639508,94.479069192,94.406839098,0.056383188,28552.757241614,-47.977148772
2024-05-07 11:00,94.406839098,96.285715115,94.406839098,95.346277107,96.285715115,1.990190578,3084.360585543,-89.197678671
2024-05-07 12:00,96.285715115,96.705360107,96.285715115,96.495537611,96.69555739,0.42565221,26652.310612508,764.111373276
2024-05-07 13:00,96.69555739,96.69555739,95.561451414,96.128504402,95.561451414,-1.172862545,209.99939705,-99.212078082
2024-05-07 15:00,95.561451414,95.561451414,94.608126117,95.084788766,94.709462127,-0.891561686,2917.821804051,1289.442943665
2024-05-07 16:00,94.709462127,95.34108169,94.709462127,95.025271909,95.34108169,0.66690228,23170.270406976,694.094772162
2024-05-07 17:00,95.34108169,95.34108169,95.038899891,95.189990791,95.143147875,-0.207606009,27578.23044187,19.024206267
2024-05-07 18:00,95.143147875,96.275086135,95.143147875,95.709117005,95.344775586,0.21192037,15225.256251087,-44.79248303
2024-05-07 19:00,95.344775586,95.344775586,95.11790473,95.231340158,95.11790473,-0.237947863,946.462230367,-93.783603936
2024-05-07 20:00,95.11790473,95.670330643,95.017401902,95.343866272,95.602218541,0.509172076,9372.676577153,890.285325334
2024-05-07 21:00,95.602218541,95.602218541,94.576261727,95.089240134,94.693697388,-0.95031388,2972.852812164,-68.281709203
2024-05-07 22:00,94.693697388,94.89378666,94.456603328,94.675194994,94.456603328,-0.250379979,10248.745580437,244.744466948
2024-05-08 00:00,94.456603328,94.629963819,94.312933402,94.471448611,94.312933402,-0.152101516,13781.287818553,34.468044995
2024-05-08 01:00,94.312933402,94.312933402,93.972220811,94.142577107,94.067676645,-0.260045732,25686.400899246,86.386071008
2024-05-08 02:00,94.067676645,94.343968217,92.419599165,93.381783691,92.99699968,-1.138198585,309428.982478686,1104.641256252
2024-05-08 03:00,92.99699968,92.99699968,88.783948989,90.890474335,89.44996896,-3.814134577,711354.926546203,129.892791828
2024-05-08 04:00,89.44996896,90.189695763,89.44996896,89.819832361,89.504664119,0.06114609,19847.658182045,-97.209879704
2024-05-08 05:00,89.504664119,90.102012,89.504664119,89.803338059,89.585402023,0.090205248,8836.235927675,-55.47970523
2024-05-08 06:00,89.585402023,90.161540213,89.585402023,89.873471118,89.642599349,0.063846704,7605.993581151,-13.922696911
2024-05-08 07:00,89.642599349,90.200309804,89.501314016,89.85081191,89.501314016,-0.15760959,18301.788596191,140.623245351
2024-05-08 08:00,89.501314016,89.706215633,89.434113227,89.57016443,89.434113227,-0.075083578,13422.299489327,-26.661269095
2024-05-08 09:00,89.434113227,89.481155807,88.89763073,89.189393269,89.481155807,0.052600264,28596.480105383,113.052019351
2024-05-08 10:00,89.481155807,89.481155807,88.834026847,89.157591327,89.369542687,-0.12473366,461.794485212,-98.385135221
2024-05-08 11:00,89.369542687,89.369542687,88.369789804,88.869666245,88.369789804,-1.118672931,8628.725990042,1768.520795798
2024-05-08 12:00,88.369789804,88.820885977,88.288932173,88.554909075,88.802847588,0.490051844,207.260853681,-97.598013265
2024-05-08 13:00,88.802847588,89.072035747,88.517717947,88.794876847,89.072035747,0.303130097,413.660673791,99.584565268
2024-05-08 14:00,89.072035747,89.103484972,88.422904654,88.763194813,89.103484972,0.035307631,42136.764942657,10086.311538038
2024-05-08 15:00,89.103484972,89.3175059,87.873125073,88.595315486,87.886994649,-1.365255605,430458.76603336,921.575260035
2024-05-08 16:00,87.886994649,88.998448021,87.704240442,88.351344231,88.998448021,1.264639184,163288.293403234,-62.066449498
2024-05-08 17:00,88.998448021,89.808582672,88.998448021,89.403515346,89.808582672,0.910279526,75585.220091978,-53.710570111
2024-05-08 18:00,89.808582672,89.836307792,88.496714553,89.166511173,88.963408289,-0.941084202,35663.293139065,-52.817107504
2024-05-08 19:00,88.963408289,89.360196929,88.716410533,89.038303731,88.716410533,-0.277639717,23047.354534668,-35.375136433
2024-05-08 20:00,88.716410533,89.955117951,88.716410533,89.335764242,89.955117951,1.396255113,51851.508231894,124.978134275
2024-05-08 21:00,89.955117951,89.965843383,89.464041885,89.714942634,89.464041885,-0.545912314,160.693436223,-99.690089176
2024-05-08 22:00,89.464041885,89.464041885,88.905514315,89.1847781,88.910244471,-0.619016761,10285.127175986,6300.465020673
2024-05-08 23:00,88.910244471,88.910244471,87.689069675,88.299657073,87.689069675,-1.373491663,4405.379388228,-57.167477729
2024-05-09 00:00,87.689069675,88.106564479,87.689069675,87.897817077,88.106564479,0.476108146,11704.206580281,165.679877914
2024-05-09 01:00,88.106564479,88.106564479,87.559173969,87.832869224,87.559173969,-0.621282322,47575.946831252,306.485877577
2024-05-09 02:00,87.559173969,88.063716888,87.495314687,87.779515788,88.063716888,0.576230789,19520.538472398,-58.969732034
2024-05-09 03:00,88.063716888,88.505690296,87.61653918,88.061114738,88.505690296,0.501879121,23560.509352356,20.696001218
2024-05-09 04:00,88.505690296,89.033194099,88.505690296,88.769442197,89.033194099,0.596011172,566.420553829,-97.595890032
2024-05-09 05:00,89.033194099,89.033194099,88.403578941,88.71838652,88.403578941,-0.707169011,612.180436257,8.07878212
2024-05-09 06:00,88.403578941,88.918160713,88.112723906,88.515442309,88.112723906,-0.329008213,52958.610206328,8550.817156148
2024-05-09 07:00,88.112723906,88.703157293,88.112723906,88.4079406,88.122444425,0.011031913,19343.929276405,-63.473495243
2024-05-09 08:00,88.122444425,88.825317204,87.933824593,88.379570898,88.358563892,0.267944754,81129.610923944,319.406056364
2024-05-09 09:00,88.358563892,88.653342151,88.358563892,88.505953021,88.653342151,0.333615946,35850.063851958,-55.811369679
2024-05-09 10:00,88.653342151,88.653342151,87.611524047,88.132433099,87.611524047,-1.175159423,7469.057922708,-79.165844854
2024-05-09 11:00,87.611524047,87.944428009,87.45250155,87.69846478,87.944428009,0.379977368,7567.358034481,1.316097864
2024-05-09 12:00,87.944428009,87.944428009,86.626265804,87.285346907,86.655814797,-1.465258506,70607.451449025,833.052871653
2024-05-09 13:00,86.655814797,87.273751337,86.529051664,86.9014015,86.695281856,0.045544617,225388.269182129,219.213148976
2024-05-09 14:00,86.695281856,87.293475894,86.695281856,86.994378875,87.293475894,0.68999607,4650.558828439,-97.936645574
2024-05-09 15:00,87.293475894,87.748445817,87.293475894,87.520960856,87.748445817,0.521195792,26542.468454006,470.73718306
2024-05-09 16:00,87.748445817,87.873899167,87.174510771,87.524204969,87.174510771,-0.654068618,7989.443229296,-69.899396346
2024-05-09 17:00,87.174510771,87.741416244,87.050337442,87.395876843,87.200776415,0.030129958,112069.477192447,1302.719488406
2024-05-09 18:00,87.200776415,88.676100478,87.200776415,87.938438446,88.460207172,1.444288468,45671.193927838,-59.247428406
2024-05-09 19:00,88.460207172,89.174532046,88.460207172,88.817369609,89.174532046,0.807509835,33206.65329426,-27.291908885
2024-05-09 20:00,89.174532046,89.174532046,88.384579271,88.779555658,88.922391239,-0.282749795,268.693164163,-99.190845395
2024-05-09 21:00,88.922391239,89.112260915,88.922391239,89.017326077,89.112260915,0.213522909,13619.025300846,4968.616220021
2024-05-09 22:00,89.112260915,89.570116536,88.807902811,89.189009673,89.570116536,0.513796436,26220.386900162,92.527631904
2024-05-09 23:00,89.570116536,89.662346165,89.248718634,89.4555324,89.248718634,-0.35882269,16295.539678259,-37.851642921
2024-05-10 00:00,89.248718634,89.322586329,89.248718634,89.285652482,89.322586329,0.082766113,89.322586329,-99.45185868
2024-05-10 01:00,89.322586329,90.879909533,89.322586329,90.101247931,90.879909533,1.743481988,25957.070171336,28959.917808007
2024-05-10 02:00,90.879909533,91.016030553,90.848819852,90.932425202,90.848819852,-0.034209631,23450.645710201,-9.656037621
2024-05-10 03:00,90.848819852,90.848819852,89.985961436,90.417390644,90.563103203,-0.314496819,590.111227768,-97.4836035
2024-05-10 04:00,90.563103203,90.812603108,90.406920166,90.609761637,90.812603108,0.275498405,40506.793842072,6764.264215964
2024-05-10 05:00,90.812603108,91.201240919,90.812603108,91.006922014,91.201240919,0.42795581,53518.916268491,32.12330869
2024-05-10 06:00,91.201240919,91.352119815,91.156622343,91.254371079,91.352119815,0.165435135,17499.318569407,-67.302554331
2024-05-10 07:00,91.352119815,91.61319618,91.320431216,91.466813698,91.61319618,0.28579125,50336.666385095,187.649294374
2024-05-10 08:00,91.61319618,91.61319618,89.540949095,90.577072637,90.326048773,-1.404980353,644689.759940236,1180.755771564
2024-05-10 09:00,90.326048773,90.439210176,89.891165556,90.165187866,89.891165556,-0.481459361,9085.932495891,-98.590650409
2024-05-10 10:00,89.891165556,89.891165556,88.546776804,89.21897118,89.606214694,-0.316995402,649029.99722611,7043.240361071
2024-05-10 11:00,89.606214694,89.606214694,89.526152746,89.56618372,89.526152746,-0.089348655,15513.318027908,-97.609768717
2024-05-10 12:00,89.526152746,89.526152746,88.885484776,89.205818761,88.885484776,-0.715621023,7821.515895359,-49.581927726
2024-05-10 13:00,88.885484776,89.123025745,88.604406366,88.863716055,89.123025745,0.267243824,28364.762227482,262.650445348
2024-05-10 15:00,89.123025745,89.224485992,89.123025745,89.173755868,89.224485992,0.113842912,11292.610928134,-60.187887924
2024-05-10 16:00,89.224485992,89.224485992,88.01955463,88.622020311,88.798088053,-0.477893411,118514.525456374,949.487370198
2024-05-10 17:00,88.798088053,88.798088053,84.973160677,86.885624365,84.973160677,-4.307443392,116533.02565026,-1.671946792
2024-05-10 18:00,84.973160677,85.468845415,84.632298628,85.050572021,84.632298628,-0.401140837,35783.046345566,-69.293643458
2024-05-10 19:00,84.632298628,84.952525521,83.68206483,84.317295176,84.72656423,0.111382537,38582.491526333,7.823384163
2024-05-10 20:00,84.72656423,84.72656423,83.497943211,84.11225372,83.867587936,-1.0138217,25631.293938728,-33.567551175
2024-05-10 21:00,83.867587936,83.867587936,83.160986053,83.514286994,83.846776037,-0.024815187,33822.8243674,31.959098313
2024-05-10 22:00,83.846776037,84.198237015,83.616663896,83.907450455,84.12910613,0.336721466,13586.935189606,-59.82909339
2024-05-10 23:00,84.12910613,84.12910613,83.353589302,83.741347716,83.786803389,-0.4068779,18427.716966749,35.628209818
2024-05-11 00:00,83.786803389,83.786803389,83.212037208,83.499420298,83.212037208,-0.685986526,15310.034065594,-16.918443597
2024-05-11 01:00,83.212037208,83.836587552,83.212037208,83.52431238,83.28913577,0.092653137,12962.213535133,-15.335175091
2024-05-11 02:00,83.28913577,83.955205435,83.28913577,83.622170603,83.955205435,0.79970774,17423.16542278,34.415047056
2024-05-11 03:00,83.955205435,84.149532301,83.619388342,83.884460322,83.619388342,-0.399995559,65077.875744688,273.513504381
2024-05-11 04:00,83.619388342,84.699236522,83.619388342,84.159312432,83.985482401,0.437810017,66421.311587402,2.064351098
2024-05-11 06:00,83.985482401,83.985482401,83.501893077,83.743687739,83.501893077,-0.575801091,17176.826682317,-74.139585215
2024-05-11 08:00,83.501893077,83.501893077,83.432667213,83.467280145,83.432667213,-0.082903347,5646.235329078,-67.128763458
2024-05-11 09:00,83.432667213,84.157309071,83.432667213,83.794988142,84.157309071,0.868534931,8243.847739361,46.00609537
2024-05-11 11:00,84.157309071,84.157309071,84.062489119,84.109899095,84.062489119,-0.112669895,578.478365386,-92.98290818
2024-05-11 13:00,84.062489119,84.062489119,83.216221337,83.639355228,83.216221337,-1.006712734,7040.955236882,1117.151004807
2024-05-11 14:00,83.216221337,83.785758324,83.216221337,83.50098983,83.468818328,0.303542971,409.222281653,-94.187972116
2024-05-11 15:00,83.468818328,83.730012976,83.256730673,83.493371824,83.256730673,-0.254092078,23850.792154597,5728.321971685
2024-05-11 16:00,83.256730673,84.004248165,83.256730673,83.630489419,84.000445625,0.893279073,36585.900893613,53.394908884
2024-05-11 17:00,84.000445625,84.07303029,83.166988313,83.620009301,83.556319357,-0.528718943,149992.405124263,309.97324505
2024-05-11 18:00,83.556319357,84.22069667,83.556319357,83.888508013,84.22069667,0.795125154,18683.687994365,-87.543577304
2024-05-11 19:00,84.22069667,84.264626193,84.22069667,84.242661431,84.244119058,0.027810727,2582.004642437,-86.180433739
2024-05-11 20:00,84.244119058,84.244119058,84.242924706,84.243521882,84.242924706,-0.001417728,292.443168733,-88.673793845
2024-05-11 21:00,84.242924706,84.242924706,83.679895034,83.96140987,83.733225473,-0.605035063,17687.918982419,5948.326948117
2024-05-11 22:00,83.733225473,84.23002647,83.445524127,83.837775298,83.445524127,-0.343592815,30349.550323912,71.58349919
2024-05-11 23:00,83.445524127,83.645317038,83.095580831,83.370448935,83.095580831,-0.419367365,45555.114565859,50.101448225
2024-05-12 00:00,83.095580831,83.122590671,82.998411427,83.060501049,82.998411427,-0.116936909,41655.593786871,-8.560006524
2024-05-12 01:00,82.998411427,83.388094504,82.998411427,83.193252965,83.375642391,0.454503837,13278.343833904,-68.123503648
2024-05-12 02:00,83.375642391,83.445821853,82.866213787,83.15601782,82.866213787,-0.611004113,10039.243053735,-24.393861318
2024-05-12 03:00,82.866213787,83.294890408,82.782432828,83.038661618,83.294890408,0.517311703,554.666830779,-94.475013427
2024-05-12 04:00,83.294890408,83.355988224,82.848280907,83.102134565,82.848280907,-0.536178749,9281.375639355,1573.324439883
2024-05-12 05:00,82.848280907,82.848280907,82.846949737,82.847615322,82.846949737,-0.001606756,26.109502948,-99.718689298
2024-05-12 06:00,82.846949737,83.087206466,82.785270463,82.936238465,83.087206466,0.290000695,13552.867162124,51807.794603156
2024-05-12 07:00,83.087206466,83.303005419,83.087206466,83.195105942,83.303005419,0.259725849,14144.646569876,4.366451768
2024-05-12 08:00,83.303005419,83.334625022,83.303005419,83.31881522,83.334625022,0.037957338,11687.336272741,-17.372723207
2024-05-12 09:00,83.334625022,83.447715917,83.334625022,83.39117047,83.438138774,0.124214576,10641.481332396,-8.948616827
2024-05-12 10:00,83.438138774,83.491540403,82.694796449,83.093168426,82.694796449,-0.890890347,16843.859312399,58.284911529
2024-05-12 11:00,82.694796449,83.085230494,82.694796449,82.890013472,83.085230494,0.472138588,288.917160175,-98.284733001
2024-05-12 12:00,83.085230494,83.085230494,82.650815677,82.868023086,82.650815677,-0.52285444,29.754293644,-89.701444654
2024-05-12 13:00,82.650815677,84.589592985,82.650815677,83.620204331,84.589592985,2.345744917,108000.469296418,362874.401574072
2024-05-12 14:00,84.589592985,84.589592985,84.036958355,84.31327567,84.036958355,-0.653312791,61.814757598,-99.942764362
2024-05-12 15:00,84.036958355,84.598097033,84.036958355,84.317527694,84.09421727,0.068135398,38246.422545449,61772.640177895
2024-05-12 17:00,84.09421727,85.246279794,84.09421727,84.670248532,85.246279794,1.369966403,84914.524071482,122.019520834
2024-05-12 18:00,85.246279794,85.655327039,84.839558331,85.247442685,85.655327039,0.479841755,68489.250648076,-19.343302695
2024-05-12 19:00,85.655327039,86.123161752,85.347332501,85.735247126,85.347332501,-0.359574295,15516.619544751,-77.344445445
2024-05-12 20:00,85.347332501,85.347332501,84.798097905,85.072715203,84.798097905,-0.643528719,59357.664212486,282.542499294
2024-05-12 21:00,84.798097905,85.397585893,84.798097905,85.097841899,84.825175157,0.031931437,18596.460528384,-68.670498115
2024-05-12 22:00,84.825175157,85.200331397,84.825175157,85.012753277,85.200331397,0.442269927,2933.261867292,-84.226773354
2024-05-12 23:00,85.200331397,85.200331397,83.176854889,84.188593143,83.176854889,-2.374963189,225285.228709522,7580.365371453
2024-05-13 00:00,83.176854889,83.194666201,82.684796508,82.939731354,83.194666201,0.021413784,53471.548410836,-76.264955889
2024-05-13 01:00,83.194666201,83.265383703,83.194666201,83.230024952,83.265383703,0.085002447,73.746730749,-99.862082298
2024-05-13 03:00,83.265383703,83.537650841,83.065668074,83.301659457,83.065668074,-0.23985433,17398.519579526,23492.258806272
2024-05-13 04:00,83.065668074,83.539849163,82.473076379,83.006462771,82.473076379,-0.713401468,18485.16291902,6.24560805
2024-05-13 05:00,82.473076379,82.473076379,81.081660021,81.7773682,81.532798717,-1.140102569,78632.639074222,325.382450881
2024-05-13 06:00,81.532798717,81.532798717,79.945765448,80.739282083,80.004967141,-1.873885847,428228.242561962,444.593501635
2024-05-13 07:00,80.004967141,80.117353701,78.171250273,79.144301987,78.695643461,-1.636552988,538836.215124188,25.829210119
2024-05-13 08:00,78.695643461,79.096943688,78.468258112,78.7826009,79.078008366,0.485878109,142313.28769639,-73.588767105
2024-05-13 09:00,79.078008366,80.087604228,78.959202828,79.523403528,80.087604228,1.276708763,54698.936636781,-61.564420637
2024-05-13 10:00,80.087604228,81.795923811,80.087604228,80.94176402,81.795923811,2.133063661,109320.868550757,99.859220805
2024-05-13 11:00,81.795923811,83.149767107,81.795923811,82.472845459,83.149767107,1.655147632,95059.966196687,-13.044995474
2024-05-13 12:00,83.149767107,83.333898411,83.149767107,83.241832759,83.162477474,0.015286112,39639.846057182,-58.300168154
2024-05-13 13:00,83.162477474,83.162477474,83.088238985,83.125358229,83.088238985,-0.089269212,11729.872009414,-70.408886068
2024-05-13 14:00,83.088238985,83.088238985,81.99069982,82.539469402,81.99069982,-1.320932034,68390.315740987,483.04400667
2024-05-13 15:00,81.99069982,81.99069982,81.378833147,81.684766483,81.418565977,-0.697803342,109186.583455165,59.652111958
2024-05-13 16:00,81.418565977,82.077267616,81.418565977,81.747916796,81.511557848,0.114214578,24935.48311687,-77.162502637
2024-05-13 17:00,81.511557848,81.943470362,81.332075071,81.637772717,81.943470362,0.52987886,38955.025299668,56.223262718
2024-05-13 18:00,81.943470362,81.943470362,81.273243201,81.608356781,81.409789308,-0.651279536,15234.181577028,-60.892897746
2024-05-13 19:00,81.409789308,81.810930335,81.161785112,81.486357723,81.810930335,0.492742986,54493.304609815,257.704182101
2024-05-13 20:00,81.810930335,81.810930335,80.107426577,80.959178456,80.53022621,-1.565443786,110700.270788593,103.144719487
2024-05-13 21:00,80.53022621,80.53022621,79.858011647,80.194118928,80.389023806,-0.175340876,18629.566441447,-83.171164525
2024-05-13 22:00,80.389023806,80.428289495,79.936932875,80.182611185,80.428289495,0.04884459,15489.785295051,-16.853753179
2024-05-13 23:00,80.428289495,80.606807937,80.428289495,80.517548716,80.606807937,0.221959764,225.701241064,-98.542902715
2024-05-14 00:00,80.606807937,80.606807937,80.113314966,80.360061452,80.113314966,-0.612222445,2002.832874157,787.382304464
2024-05-14 01:00,80.113314966,80.609246979,79.895145618,80.252196299,79.895145618,-0.272325953,20927.459221249,944.892935965
2024-05-14 02:00,79.895145618,80.2802992,79.776225816,80.028262508,79.789864742,-0.131773808,15120.655575941,-27.74729404
2024-05-14 03:00,79.789864742,79.789864742,79.72024285,79.755053796,79.72024285,-0.087256561,12174.840149761,-19.482061551
2024-05-14 04:00,79.72024285,80.228708643,79.393837134,79.811272889,79.393837134,-0.409438938,58408.08521744,379.744165007
2024-05-14 05:00,79.393837134,79.519011229,78.86993278,79.194472005,78.86993278,-0.659880381,83162.157021502,42.381241761
2024-05-14 06:00,78.86993278,79.342766417,78.74819063,79.045478523,79.110456982,0.304963113,23524.135075615,-71.712933
2024-05-14 07:00,79.110456982,79.144297427,78.38261242,78.763454924,78.832736975,-0.351053473,61485.7365581,161.372995693
2024-05-14 08:00,78.832736975,79.26848803,78.699632532,78.984060281,79.26848803,0.552753934,70353.594212402,14.422625719
2024-05-14 09:00,79.26848803,79.26848803,77.155940585,78.212214307,78.264982122,-1.265958179,117193.436839269,66.577753633
2024-05-14 10:00,78.264982122,78.60625601,78.191985133,78.399120572,78.191985133,-0.09326903,50003.812900569,-57.332241251
2024-05-14 11:00,78.191985133,78.191985133,78.058212048,78.12509859,78.058212048,-0.171082861,3902.910602383,-92.194774006
2024-05-14 12:00,78.058212048,78.639536718,77.915860444,78.277698581,78.639536718,0.744732239,30867.940326991,690.895397608
2024-05-14 13:00,78.639536718,78.712460722,77.98703983,78.349750276,77.98703983,-0.829731348,7028.606208268,-77.230077116
2024-05-14 14:00,77.98703983,78.587779088,77.98703983,78.287409459,78.587779088,0.770306528,569.727534958,-91.894160548
2024-05-14 15:00,78.587779088,78.587779088,78.000907989,78.294343539,78.119301684,-0.596119918,19297.716257075,3287.183359237
2024-05-14 16:00,78.119301684,78.753115908,78.098292193,78.42570405,78.664426452,0.6978106,35918.431513619,86.127887026
2024-05-14 17:00,78.664426452,79.206332928,78.138609267,78.672471097,78.138609267,-0.66843071,24573.20759658,-31.586078342
2024-05-14 18:00,78.138609267,79.014929792,77.967686214,78.491308003,79.014929792,1.121494909,32050.435706764,30.428376437
2024-05-14 19:00,79.014929792,79.014929792,78.457984055,78.736456923,78.81457533,-0.253565323,9129.48658924,-71.515249675
2024-05-14 20:00,78.81457533,78.824159988,77.514078704,78.169119346,77.639578884,-1.490836487,77252.632174945,746.18813358
2024-05-14 21:00,77.639578884,78.717972253,77.639578884,78.178775569,78.717972253,1.388973748,57538.176920092,-25.519460891
2024-05-14 22:00,78.717972253,78.896048198,78.386315286,78.641181742,78.524271655,-0.246069089,4053.624403696,-92.954896
2024-05-14 23:00,78.524271655,78.543346212,78.524271655,78.533808934,78.543346212,0.024291288,995.817034536,-75.433909624
2024-05-15 00:00,78.543346212,78.61298516,78.543346212,78.578165686,78.61298516,0.088663077,449.62996553,-54.848134754
2024-05-15 01:00,78.61298516,79.060306444,78.583667263,78.821986854,79.044988357,0.549531603,3628.806362457,707.06506253
2024-05-15 02:00,79.044988357,79.044988357,78.189536283,78.61726232,78.189536283,-1.082234423,995.732190958,-72.560338263
2024-05-15 03:00,78.189536283,78.893201016,78.063700411,78.478450714,78.55402903,0.466165633,13290.246634463,1234.720997789
2024-05-15 04:00,78.55402903,78.677834825,78.313388566,78.495611695,78.361199948,-0.245473191,26326.063972036,98.085593865
2024-05-15 05:00,78.361199948,79.279718725,78.361199948,78.820459336,79.279718725,1.172160173,17048.328871884,-35.241633956
2024-05-15 06:00,79.279718725,79.901544157,79.279718725,79.590631441,79.901544157,0.784343642,70359.171248542,312.704211523
2024-05-15 07:00,79.901544157,80.006313707,79.582719639,79.794516673,79.582719639,-0.399021723,11246.085611363,-84.016176695
2024-05-15 08:00,79.582719639,80.101026501,79.582719639,79.84187307,79.697672272,0.144444213,15114.250225372,34.395653276
2024-05-15 09:00,79.697672272,79.75869912,79.697672272,79.728185696,79.75869912,0.076572936,750.172501802,-95.036654213
2024-05-15 11:00,79.75869912,80.342243695,79.75869912,80.050471407,80.342243695,0.731637528,2998.610254998,299.72276347
2024-05-15 12:00,80.342243695,80.99083117,80.186016906,80.588424038,80.987651486,0.803323085,49797.708822361,1560.69294065
2024-05-15 13:00,80.987651486,81.239570045,80.739755837,80.989662941,81.228069802,0.296857992,73702.603434031,48.004004957
2024-05-15 14:00,81.228069802,81.25694239,80.394685834,80.825814112,80.394685834,-1.025980267,25285.306402532,-65.692790723
2024-05-15 15:00,80.394685834,82.606858465,80.394685834,81.50077215,82.234355956,2.288298166,83266.190057194,229.306628647
2024-05-15 16:00,82.234355956,83.751907787,82.234355956,82.993131871,82.580840846,0.421338365,63829.543934046,-23.342783079
2024-05-15 17:00,82.580840846,83.545998206,82.580840846,83.063419526,83.545998206,1.168742472,26965.995224639,-57.753113116
2024-05-15 18:00,83.545998206,83.788017163,83.545998206,83.667007685,83.646942985,0.120825391,31867.771106833,18.17761904
2024-05-15 19:00,83.646942985,83.646942985,83.476062142,83.561502564,83.476062142,-0.204288211,187.609796511,-99.411286733
2024-05-15 20:00,83.476062142,84.39827882,83.476062142,83.937170481,83.961205115,0.581176161,63344.896342182,33664.173044351
2024-05-15 21:00,83.961205115,85.043605768,83.961205115,84.502405442,85.043605768,1.2891676,12787.034396408,-79.813631192
2024-05-15 22:00,85.043605768,85.68203712,84.623463639,85.15275038,85.68203712,0.750710587,27813.024328934,117.509576237
2024-05-15 23:00,85.68203712,85.866901622,85.266390939,85.566646281,85.392910379,-0.337441489,21211.29924305,-23.736092155
2024-05-16 00:00,85.392910379,85.473794631,85.392910379,85.433352505,85.430975115,0.044575991,1587.161048167,-92.517379393
2024-05-16 01:00,85.430975115,85.832464771,85.311353765,85.571909268,85.311353765,-0.140021051,13776.413609171,767.990908993
2024-05-16 02:00,85.311353765,85.437534893,85.311353765,85.374444329,85.395321853,0.098425454,55809.763022299,305.110971589
2024-05-16 03:00,85.395321853,85.910531153,85.35218783,85.631359492,85.910531153,0.603322629,6172.466360754,-88.940167407
2024-05-16 04:00,85.910531153,85.910531153,85.073532647,85.4920319,85.073532647,-0.974267642,153.765409637,-97.508849775
2024-05-16 05:00,85.073532647,85.601291992,85.073532647,85.33741232,85.509376056,0.512313755,22613.783961496,14606.678189102
2024-05-16 06:00,85.509376056,85.509376056,85.313777824,85.41157694,85.315436012,-0.22680559,1316.494600936,-94.17835333
2024-05-16 07:00,85.315436012,85.512015406,84.937620977,85.224818192,84.937620977,-0.442844873,857.183553791,-34.888942713
2024-05-16 08:00,84.937620977,84.937620977,84.69655118,84.817086079,84.69655118,-0.283819813,30890.684387696,3503.742074972
2024-05-16 09:00,84.69655118,85.247549804,84.69655118,84.972050492,84.729046086,0.038366268,3021.434605002,-90.218945728
2024-05-16 10:00,84.729046086,85.512137459,84.729046086,85.120591772,85.507552063,0.918818295,715.955981362,-76.304104673
2024-05-16 12:00,85.507552063,85.507552063,85.156426007,85.331989035,85.156426007,-0.410637479,65.578808362,-90.840385433
2024-05-16 13:00,85.156426007,85.156426007,84.458760029,84.807593018,84.458760029,-0.819275785,12207.655815866,18515.24495596
2024-05-16 14:00,84.458760029,84.458760029,84.432449164,84.445604596,84.450104161,-0.010248633,6548.489989453,-46.357514594
2024-05-16 15:00,84.450104161,84.450104161,83.143078081,83.796591121,83.143078081,-1.547690311,121996.527976238,1762.971893867
2024-05-16 16:00,83.143078081,83.143078081,82.715235697,82.929156889,82.715235697,-0.514585692,25907.872408887,-78.763434633
2024-05-16 17:00,82.715235697,82.764160074,81.745658369,82.254909221,81.745658369,-1.172187108,136343.987256589,426.264700956
2024-05-16 18:00,81.745658369,81.745658369,81.19143531,81.468546839,81.289304194,-0.558261055,17298.29314462,-87.312756879
2024-05-16 19:00,81.289304194,81.407304875,81.278637215,81.342971045,81.278637215,-0.013122241,20009.329061969,15.672274106
2024-05-16 20:00,81.278637215,81.278637215,80.706570791,80.992604003,80.706570791,-0.703833681,18303.470601609,-8.525315642
2024-05-16 21:00,80.706570791,81.626198744,80.706570791,81.166384768,81.626198744,1.13947098,9260.824432896,-49.403997556
2024-05-16 22:00,81.626198744,81.938742386,81.460853045,81.699797716,81.460853045,-0.202564498,44997.277919505,385.88846755
2024-05-16 23:00,81.460853045,81.634193375,81.147559947,81.390876661,81.158323286,-0.371380544,1933.379329054,-95.703341583
2024-05-17 00:00,81.158323286,81.171729155,81.011583993,81.091656574,81.011583993,-0.180806216,4766.117049613,146.517430801
2024-05-17 01:00,81.011583993,81.011583993,80.768371633,80.889977813,80.768371633,-0.300219237,14079.745108402,195.413330429
2024-05-17 02:00,80.768371633,81.358888942,80.768371633,81.063630288,80.91508036,0.181641308,12004.979453473,-14.73581829
2024-05-17 03:00,80.91508036,80.94486861,80.91508036,80.929974485,80.929731173,0.018106407,12874.029890178,7.239083083
2024-05-17 04:00,80.929731173,81.310717011,80.793686377,81.052201694,81.310717011,0.470761279,15921.067967062,23.668098512
2024-05-17 05:00,81.310717011,81.310717011,80.857163285,81.083940148,80.857163285,-0.557803132,2857.53280061,-82.051877383
2024-05-17 06:00,80.857163285,80.877249476,80.857163285,80.867206381,80.877249476,0.024841574,5644.769028938,97.539955717
2024-05-17 07:00,80.877249476,80.89422825,80.836671161,80.865449706,80.836671161,-0.050172719,13955.540274689,147.229606794
2024-05-17 08:00,80.836671161,81.332366566,80.836671161,81.084518864,81.332366566,0.613206108,224.130804899,-98.393965404
2024-05-17 09:00,81.332366566,81.460399172,80.670537518,81.065468345,81.460399172,0.15741901,22967.425499476,10147.331021661
2024-05-17 10:00,81.460399172,83.352881232,81.325234484,82.339057858,83.352881232,2.323192716,37566.475230339,63.564154072
2024-05-17 11:00,83.352881232,83.74665219,83.058864016,83.402758103,83.058864016,-0.352737916,48320.460180844,28.626547699
2024-05-17 13:00,83.058864016,83.058864016,82.67308088,82.865972448,82.683030563,-0.45249048,20501.999528083,-57.570769295
2024-05-17 14:00,82.683030563,83.155106051,82.535328081,82.845217066,82.535328081,-0.178636996,18538.65675907,-9.576347743
2024-05-17 15:00,82.535328081,83.58920238,82.488703107,83.038952743,83.58920238,1.27687661,1745.622613525,-90.58387759
2024-05-17 16:00,83.58920238,83.890084883,83.58920238,83.739643631,83.890084883,0.359953791,1809.469438697,3.657538845
2024-05-17 17:00,83.890084883,84.03426329,83.890084883,83.962174087,84.03426329,0.17186585,1737.012972542,-4.004293447
2024-05-17 18:00,84.03426329,85.465196754,84.03426329,84.749730022,85.465196754,1.702797654,58121.048059062,3246.034196509
2024-05-17 19:00,85.465196754,86.096319154,85.047204747,85.571761951,85.320523627,-0.169277241,114273.055431999,96.612172781
2024-05-17 20:00,85.320523627,85.60693013,84.618942313,85.112936222,84.618942313,-0.822289039,70842.965003217,-38.005538808
2024-05-17 21:00,84.618942313,84.618942313,83.966832375,84.292887344,83.966832375,-0.77064298,35261.779164889,-50.225432881
2024-05-17 22:00,83.966832375,84.534975294,83.966832375,84.250903834,84.077761353,0.132110472,12267.646359554,-65.209791876
2024-05-17 23:00,84.077761353,84.126595807,84.077761353,84.10217858,84.125448165,0.05671751,618.811895457,-94.955740675
2024-05-18 00:00,84.125448165,84.283683477,84.125448165,84.204565821,84.279221013,0.18278993,544.39906025,-12.025113892
2024-05-18 01:00,84.279221013,84.850431663,84.279221013,84.564826338,84.850431663,0.677759765,4345.864355442,698.2865278
2024-05-18 02:00,84.850431663,85.018950728,84.528703989,84.773827359,84.528703989,-0.379170344,46908.036119856,979.371841441
2024-05-18 03:00,84.528703989,84.528703989,84.213106181,84.370905085,84.213106181,-0.373361703,40826.291447761,-12.965251107
2024-05-18 04:00,84.213106181,84.213106181,84.041879912,84.127493047,84.041879912,-0.203324964,27493.99998209,-32.656141405
2024-05-18 05:00,84.041879912,84.215305562,84.041879912,84.128592737,84.215305562,0.206356223,2518.50809608,-90.839790144
2024-05-18 06:00,84.215305562,85.088071311,84.215305562,84.651688437,85.088071311,1.036350511,1953.211725595,-22.445684068
2024-05-18 07:00,85.088071311,85.088071311,84.899938267,84.994004789,84.899938267,-0.221103901,1313.277448705,-32.763180177
2024-05-18 09:00,84.899938267,84.899938267,84.755471576,84.827704921,84.755471576,-0.170161126,12509.196442561,852.51741777
2024-05-18 10:00,84.755471576,84.93903965,84.727500345,84.833269997,84.93903965,0.216585514,26044.303559952,108.201251611
2024-05-18 11:00,84.93903965,84.93903965,84.655271141,84.797155395,84.655271141,-0.334084904,88.811047959,-99.659000104
2024-05-18 12:00,84.655271141,85.336839681,84.655271141,84.996055411,84.890296285,0.27762612,11389.97484137,12724.952641801
2024-05-18 13:00,84.890296285,85.467919184,84.740440181,85.104179683,85.467919184,0.680434542,56657.867371393,397.436281998
2024-05-18 14:00,85.467919184,85.467919184,84.979474601,85.223696893,84.979474601,-0.571494646,13093.060507095,-76.891010702
2024-05-18 15:00,84.979474601,85.33898229,84.484681454,84.911831872,84.484681454,-0.582250184,32544.793814657,148.565213588
2024-05-18 16:00,84.484681454,84.484681454,83.987048014,84.235864734,83.987048014,-0.589022095,41593.016728269,27.802366686
2024-05-18 17:00,83.987048014,84.328346292,83.987048014,84.157697153,84.328346292,0.406370133,10711.403682527,-74.247110392
2024-05-18 18:00,84.328346292,84.444515155,84.263608904,84.354062029,84.444515155,0.137757786,24009.6555474,124.150412579
2024-05-18 19:00,84.444515155,84.590928264,84.024557168,84.307742716,84.590928264,0.173383799,3499.234456989,-85.425719873
2024-05-18 20:00,84.590928264,84.925039275,84.590928264,84.757983769,84.925039275,0.394972626,55262.252571469,1479.266929688
2024-05-18 21:00,84.925039275,84.93188688,84.430070687,84.680978784,84.430070687,-0.582829978,602.097945576,-98.910471583
2024-05-18 22:00,84.430070687,85.041548421,84.430070687,84.735809554,85.041548421,0.724241647,1002.069733122,66.42968814
2024-05-19 00:00,85.041548421,85.179093387,84.716938768,84.948016077,84.716938768,-0.381707129,20548.975208649,1950.653215982
2024-05-19 01:00,84.716938768,85.208599436,84.716938768,84.962769102,85.208599436,0.580356981,231.28468123,-98.874470971
2024-05-19 02:00,85.208599436,85.231301922,85.208599436,85.219950679,85.231301922,0.026643421,1680.685570755,626.673968122
2024-05-19 03:00,85.231301922,85.231301922,84.742165063,84.986733492,84.742165063,-0.57389345,81.35247846,-95.159565842
2024-05-19 04:00,84.742165063,84.746135689,84.742165063,84.744150376,84.746135689,0.004685538,260.366057214,220.046865371
2024-05-19 05:00,84.746135689,84.90127132,84.718797279,84.8100343,84.90127132,0.183059238,8635.114004483,3216.528312823
2024-05-19 06:00,84.90127132,85.424981584,84.90127132,85.163126452,84.950698091,0.058216762,10207.25426637,18.206363704
2024-05-19 07:00,84.950698091,85.215853556,84.892542625,85.054198091,85.215853556,0.312128648,11513.177461568,12.794069405
2024-05-19 08:00,85.215853556,85.255831756,85.215853556,85.235842656,85.255831756,0.046914041,227.223768928,-98.026402618
2024-05-19 10:00,85.255831756,85.255831756,84.376541577,84.816186667,84.376541577,-1.031354878,8953.0663912,3840.197996651
2024-05-19 11:00,84.376541577,84.376541577,84.170414976,84.273478277,84.170414976,-0.24429373,30297.958028686,238.408727299
2024-05-19 12:00,84.170414976,84.651449893,84.051971981,84.351710937,84.051971981,-0.140718084,297.034834668,-99.019620945
2024-05-19 13:00,84.051971981,84.051971981,83.889170113,83.970571047,83.938619554,-0.134859925,39488.881109692,13194.360290699
2024-05-19 14:00,83.938619554,83.938619554,83.314141495,83.626380525,83.80183279,-0.162960464,19712.460058349,-50.080986079
2024-05-19 15:00,83.80183279,83.80183279,82.71074678,83.256289785,82.71074678,-1.30198347,30360.277351072,54.015669588
2024-05-19 16:00,82.71074678,82.71074678,81.959206941,82.334976861,81.959206941,-0.908636263,102613.936085485,237.987479162
2024-05-19 17:00,81.959206941,82.074651059,81.959206941,82.016929,82.074651059,0.140855581,5661.906221557,-94.482322346
2024-05-19 18:00,82.074651059,82.483311584,81.783139916,82.13322575,81.783139916,-0.355178047,1887.265263231,-66.667316812
2024-05-19 19:00,81.783139916,82.365483495,81.496066832,81.930775164,81.496066832,-0.351017439,30708.48476636,1527.14194791
2024-05-19 20:00,81.496066832,81.889816799,81.371271164,81.630543981,81.889816799,0.48315211,4305.15452951,-85.980569988
2024-05-19 21:00,81.889816799,81.889816799,81.47669154,81.683254169,81.47669154,-0.504489172,81.47669154,-98.107461858
2024-05-19 22:00,81.47669154,82.01593692,81.421295534,81.718616227,81.895513653,0.514039175,19845.462773888,24257.227077902
2024-05-19 23:00,81.895513653,81.895513653,81.108535506,81.50202458,81.701449004,-0.236966153,43893.698984088,121.177502809
2024-05-20 00:00,81.701449004,81.701449004,81.153996156,81.42772258,81.153996156,-0.670065042,20288.49903898,-53.77810595
2024-05-20 01:00,81.153996156,81.470905236,80.851835062,81.161370149,81.470905236,0.390503357,858.560045473,-95.768242669
2024-05-20 02:00,81.470905236,81.473299132,81.470905236,81.472102184,81.473299132,0.002938345,82.384956787,-90.404287129
2024-05-20 03:00,81.473299132,81.527756183,80.816246961,81.172001572,81.527756183,0.066840365,14323.977471798,17286.641967744
2024-05-20 04:00,81.527756183,81.527756183,80.582128955,81.054942569,80.582128955,-1.15988379,40706.726744593,184.185917108
2024-05-20 05:00,80.582128955,81.76479031,80.582128955,81.173459632,81.251827934,0.831076304,40753.994537151,0.116117891
2024-05-20 06:00,81.251827934,81.939399208,81.251827934,81.595613571,81.475391302,0.275148725,11057.758665255,-72.867055633
2024-05-20 07:00,81.475391302,82.848433172,81.411785614,82.130109393,82.617928312,1.402309324,93637.176259312,746.800686233
2024-05-20 08:00,82.617928312,83.569349398,82.617928312,83.093638855,83.569349398,1.151591556,24932.506523149,-73.373282366
2024-05-20 09:00,83.569349398,83.569349398,82.528870661,83.049110029,82.528870661,-1.245048268,5735.029131483,-76.997783491
2024-05-20 10:00,82.528870661,82.528870661,81.859179682,82.194025172,81.859179682,-0.811462672,996.085138533,-82.631559218
2024-05-20 11:00,81.859179682,82.915114183,81.859179682,82.387146933,82.915114183,1.289940243,26217.488905522,2532.053013474
2024-05-20 12:00,82.915114183,82.956230046,82.598837282,82.777533664,82.598837282,-0.381446621,18403.001341353,-29.806392185
2024-05-20 13:00,82.598837282,83.09385483,82.598837282,82.846346056,83.09385483,0.599303289,10551.741632392,-42.6629307
2024-05-20 14:00,83.09385483,83.586079007,82.714366119,83.150222563,83.081083253,-0.015370063,50158.203865031,375.354738701
2024-05-20 15:00,83.081083253,83.081083253,82.607837113,82.844460183,82.607837113,-0.569619607,695.838174297,-98.612713134
2024-05-20 16:00,82.607837113,82.607905517,82.585835156,82.596870337,82.585835156,-0.026634225,246.447031468,-64.582708944
2024-05-20 17:00,82.585835156,83.259543739,82.419357995,82.839450867,82.883835618,0.360837256,25498.856713271,10246.587078507
2024-05-20 18:00,82.883835618,83.559751794,82.398425756,82.979088775,83.061236041,0.214035007,2232.39995037,-91.245097867
2024-05-20 19:00,83.061236041,84.468905965,83.061236041,83.765071003,84.468905965,1.69473751,35797.120635615,1503.526313898
2024-05-20 20:00,84.468905965,84.582018786,84.117857014,84.3499379,84.572037881,0.122094533,15521.407495501,-56.640625782
2024-05-20 21:00,84.572037881,84.991611946,84.017469415,84.50454068,84.47682148,-0.112586149,10056.714453517,-35.20745811
2024-05-20 22:00,84.47682148,89.487684671,84.114154433,86.800919552,89.120849843,5.497399501,436130.086189842,4236.705473797
2024-05-20 23:00,89.120849843,91.595593435,89.120849843,90.358221639,90.760369585,1.839659008,99567.698891331,-77.170183382
2024-05-21 00:00,90.760369585,92.718557537,90.198014693,91.458286115,92.718557537,2.157536336,271181.93135676,172.35934382
2024-05-21 01:00,92.718557537,94.026454843,92.718557537,93.37250619,93.025311152,0.330843817,83056.043015028,-69.372574862
2024-05-21 02:00,93.025311152,94.145787767,92.742313427,93.444050597,94.145787767,1.204485748,108049.662674803,30.092475818
2024-05-21 03:00,94.145787767,94.145787767,93.195708223,93.670747995,94.082014144,-0.067739221,68358.066438224,-36.73458598
2024-05-21 04:00,94.082014144,94.082014144,91.974143179,93.028078662,92.831594578,-1.329073976,91719.859752452,34.175620423
2024-05-21 05:00,92.831594578,93.250922683,92.553540281,92.902231482,92.557343838,-0.295428233,62520.044051365,-31.835870421
2024-05-21 06:00,92.557343838,93.106389197,92.557343838,92.831866518,92.71455817,0.169856141,5583.214776412,-91.069720341
2024-05-21 07:00,92.71455817,93.44326734,92.71455817,93.078912755,92.745599207,0.033480219,14175.750705671,153.899433809
2024-05-21 08:00,92.745599207,92.745599207,91.717781657,92.231690432,91.935897974,-0.873034667,27440.524387565,93.573694666
2024-05-21 09:00,91.935897974,93.046558215,91.935897974,92.491228094,92.536979116,0.653804613,26713.562454916,-2.649227553
2024-05-21 10:00,92.536979116,92.536979116,92.123400769,92.330189942,92.123400769,-0.446933055,18945.575603478,-29.078812923
2024-05-21 11:00,92.123400769,92.795177273,92.123400769,92.459289021,92.795177273,0.729213749,34293.688191618,81.011592941
2024-05-21 12:00,92.795177273,92.795177273,92.234700494,92.514938883,92.234700494,-0.603993435,435.017312383,-98.731494525
2024-05-21 13:00,92.234700494,93.301539476,92.234700494,92.768119985,93.188085667,1.033651291,98871.452263402,22628.164937109
2024-05-21 14:00,93.188085667,94.713384704,93.188085667,93.950735185,94.713384704,1.636796191,16756.833122374,-83.051899473
2024-05-21 15:00,94.713384704,94.808287092,94.009059915,94.408673503,94.009059915,-0.743638073,58398.96431065,248.508360047
2024-05-21 16:00,94.009059915,96.616461257,94.009059915,95.312760586,96.153729648,2.281343665,295405.050382405,405.839536487
2024-05-21 17:00,96.153729648,96.369533073,95.59284818,95.981190626,96.369533073,0.224435834,52460.82445927,-82.241053634
2024-05-21 18:00,96.369533073,96.610032653,95.301664646,95.95584865,95.301664646,-1.108097542,88167.845083852,68.064162149
2024-05-21 19:00,95.301664646,96.389370482,95.301664646,95.845517564,96.389370482,1.141329315,13906.183589487,-84.227601824
2024-05-21 20:00,96.389370482,96.389370482,94.637980896,95.513675689,95.01010679,-1.430929246,84020.259157715,504.19351303
2024-05-21 21:00,95.01010679,95.01010679,94.530343079,94.770224935,94.530343079,-0.504960711,19422.068479856,-76.884065017
2024-05-21 22:00,94.530343079,94.530343079,92.947204092,93.738773586,92.947204092,-1.674741608,127379.254042148,555.848032738
2024-05-21 23:00,92.947204092,93.775396778,92.947204092,93.361300435,93.744321835,0.857602713,3016.286703945,-97.632042418
2024-05-22 00:00,93.744321835,93.984932188,93.744321835,93.864627011,93.965952651,0.236420523,9386.224005953,211.184742275
2024-05-22 01:00,93.965952651,95.728111641,93.965952651,94.847032146,95.728111641,1.875316474,27774.009201216,195.901836389
2024-05-22 02:00,95.728111641,95.728111641,95.060666659,95.39438915,95.060666659,-0.697229863,20343.574817784,-26.753193353
2024-05-22 03:00,95.060666659,95.410950025,95.060666659,95.235808342,95.410950025,0.36848402,437.935899278,-97.847301159
2024-05-22 04:00,95.410950025,95.410950025,94.554502909,94.982726467,94.554502909,-0.897640278,472.772514544,7.954729293
2024-05-22 05:00,94.554502909,94.579069706,94.48739421,94.533231958,94.579069706,0.025981625,28652.594846924,5960.545815475
2024-05-22 06:00,94.579069706,95.104832129,94.400313228,94.752572678,94.400313228,-0.189002153,23086.705203887,-19.425429609
2024-05-22 07:00,94.400313228,94.483426383,93.767447443,94.125436913,93.767447443,-0.670406446,27160.240324505,17.644506155
2024-05-22 08:00,93.767447443,93.767447443,92.904541886,93.335994664,93.290594399,-0.508548603,9806.742356392,-63.893020683
2024-05-22 09:00,93.290594399,94.326730753,93.290594399,93.808662576,94.326730753,1.110654682,65284.272399646,565.708040725
2024-05-22 10:00,94.326730753,94.326730753,93.455854156,93.891292455,93.506525133,-0.869536783,2512.543506645,-96.151380089
2024-05-22 11:00,93.506525133,93.506525133,93.447842866,93.477184,93.447842866,-0.062757403,551.292215756,-78.058401206
2024-05-22 12:00,93.447842866,94.065798689,93.447842866,93.756820778,94.065798689,0.661284203,39834.796047636,7125.713498062
2024-05-22 13:00,94.065798689,94.778110907,93.575846299,94.176978603,94.202592603,0.145423646,95589.155617024,139.963963924
2024-05-22 14:00,94.202592603,94.202592603,94.121556127,94.162074365,94.121556127,-0.086023615,5271.791511558,-94.484948133
2024-05-22 15:00,94.121556127,94.121556127,91.787346622,92.954451375,91.787346622,-2.479994595,72133.846292035,1268.298540143
2024-05-22 16:00,91.787346622,92.292088488,91.787346622,92.039717555,92.292088488,0.549903537,25914.216697222,-64.074816429
2024-05-22 17:00,92.292088488,93.001434495,92.152337832,92.576886164,93.001434495,0.768588098,26881.340492626,3.732020175
2024-05-22 18:00,93.001434495,94.433784627,93.001434495,93.717609561,94.433784627,1.540137677,28292.110598106,5.248138968
2024-05-22 19:00,94.433784627,94.433784627,93.610230428,94.022007528,93.610230428,-0.872096996,37537.640997327,32.678828846
2024-05-22 20:00,93.610230428,94.852580684,93.610230428,94.231405556,94.852580684,1.327152225,1433.899406912,-96.180102508
2024-05-22 21:00,94.852580684,94.852580684,92.735325948,93.793953316,93.325260647,-1.610203988,96092.088515739,6601.452560238
2024-05-22 22:00,93.325260647,93.332578336,93.078279439,93.205428888,93.332578336,0.00784106,1152.208867863,-98.800932641
2024-05-22 23:00,93.332578336,93.332578336,93.13176568,93.232172008,93.13176568,-0.215158158,53671.494888205,4558.1393691
2024-05-23 00:00,93.13176568,94.253560509,93.13176568,93.692663094,94.253560509,1.204524386,51420.991821328,-4.193106735
2024-05-23 01:00,94.253560509,94.398775002,93.490830815,93.944802908,93.490830815,-0.809231704,1050.835333056,-97.956407887
2024-05-23 02:00,93.490830815,93.490830815,93.380055126,93.43544297,93.380055126,-0.118488292,19575.525294472,1762.853739182
2024-05-23 03:00,93.380055126,94.196177514,93.35691104,93.776544277,93.711034742,0.354443587,1106.117652926,-94.349486738
2024-05-23 04:00,93.711034742,94.29095019,93.456293815,93.873622002,93.711086099,5.4803e-05,16267.947423013,1370.724870901
2024-05-23 05:00,93.711086099,94.259631879,93.711086099,93.985358989,94.259631879,0.58535847,8688.043650206,-46.594100508
2024-05-23 06:00,94.259631879,95.128107148,93.828588219,94.478347683,95.128107148,0.921365013,100067.01114774,1051.778411534
2024-05-23 07:00,95.128107148,95.813720088,95.117978081,95.465849085,95.813720088,0.720725935,77850.931860061,-22.201202007
2024-05-23 08:00,95.813720088,95.89832261,95.339296977,95.618809793,95.702344872,-0.116241406,26629.759382949,-65.793910559
2024-05-23 09:00,95.702344872,95.869863445,94.615040812,95.242452128,95.869863445,0.175041242,106246.347410967,298.9759948
2024-05-23 10:00,95.869863445,98.414783076,95.869863445,97.142323261,98.353048442,2.590162234,272292.337683597,156.283951702
2024-05-23 11:00,98.353048442,98.353048442,97.129434905,97.741241674,97.129434905,-1.244103315,58328.519614416,-78.578714293
2024-05-23 12:00,97.129434905,98.373653453,97.055683448,97.71466845,97.46835897,0.348940633,90884.104897689,55.814180608
2024-05-23 13:00,97.46835897,98.412927494,97.46835897,97.940643232,98.412927494,0.969102726,61271.029032256,-32.583338856
2024-05-23 14:00,98.412927494,100.928740027,98.412927494,99.670833761,100.261992519,1.878884281,96850.70102899,58.069323396
2024-05-23 15:00,100.261992519,101.47018204,98.208009533,99.839095787,98.406229515,-1.850913748,73919.376260663,-23.676983775
2024-05-23 16:00,98.406229515,98.406229515,95.264170443,96.835199979,95.264170443,-3.192947325,350826.242175886,374.606605092
2024-05-23 17:00,95.264170443,96.226666019,95.264170443,95.745418231,95.494318704,0.24158953,74808.570810748,-78.676460932
2024-05-23 18:00,95.494318704,98.414818347,95.494318704,96.954568526,97.546243432,2.148740109,270478.463225131,261.560794831
2024-05-23 19:00,97.546243432,97.546243432,96.761282953,97.153763192,96.761282953,-0.804706006,1665.566580548,-99.384214713
2024-05-23 20:00,96.761282953,97.909197053,96.761282953,97.335240003,97.42681505,0.687808261,98530.435521309,5815.730819292
2024-05-23 21:00,97.42681505,97.42681505,94.162189967,95.794502508,95.347635577,-2.134093649,97328.818632483,-1.219538798
2024-05-23 22:00,95.347635577,96.703226223,95.347635577,96.0254309,96.703226223,1.421734936,65120.035306447,-33.092750717
2024-05-23 23:00,96.703226223,96.703226223,93.518098216,95.11066222,96.551316679,-0.157088393,321902.536173516,394.321808425
2024-05-24 00:00,96.551316679,98.753299469,96.551316679,97.652308074,98.052338936,1.554636755,119506.01597683,-62.875093375
2024-05-24 01:00,98.052338936,98.854507024,97.631959026,98.243233025,97.631959026,-0.42873012,36191.14318609,-69.716049112
2024-05-24 02:00,97.631959026,97.631959026,96.565397622,97.098678324,96.565397622,-1.092430608,52953.236195431,46.315456031
2024-05-24 03:00,96.565397622,97.363581737,96.503089477,96.933335607,97.197702946,0.654794927,133560.667211678,152.223805017
2024-05-24 04:00,97.197702946,97.197702946,96.847458691,97.022580819,96.915141653,-0.290707789,43732.478013987,-67.256469343
2024-05-24 05:00,96.915141653,96.915141653,96.425719649,96.670430651,96.425719649,-0.505000555,36170.214238306,-17.292099874
2024-05-24 06:00,96.425719649,97.05956466,96.425719649,96.742642154,96.555163562,0.134242102,32061.981677403,-11.358054265
2024-05-24 07:00,96.555163562,96.998362032,96.254192136,96.626277084,96.254192136,-0.311709301,29005.368755263,-9.533449781
2024-05-24 08:00,96.254192136,96.274665271,94.218944894,95.246805082,94.218944894,-2.114450495,98481.582152607,239.5288058
2024-05-24 09:00,94.218944894,94.218944894,92.300946193,93.259945544,92.300946193,-2.035682635,62689.941941276,-36.343486192
2024-05-24 10:00,92.300946193,92.300946193,91.541765025,91.921355609,91.541765025,-0.822506377,67050.57142285,6.955867794
2024-05-24 11:00,91.541765025,91.949090516,91.174477692,91.561784104,91.174477692,-0.401223784,59175.089539886,-11.745585035
2024-05-24 12:00,91.174477692,92.003951564,91.174477692,91.589214628,91.287029166,0.123446251,46470.647493593,-21.469240089
2024-05-24 13:00,91.287029166,92.110232755,91.287029166,91.698630961,92.074776562,0.862934639,22133.597239869,-52.370800852
2024-05-24 14:00,92.074776562,92.670069437,91.963175163,92.3166223,92.670069437,0.64653198,23051.079047365,4.145199705
2024-05-24 15:00,92.670069437,92.670069437,91.92393831,92.297003874,92.566902607,-0.111327023,60217.786521653,161.236302205
2024-05-24 16:00,92.566902607,92.566902607,91.394324611,91.980613609,91.394324611,-1.266735694,19391.68332542,-67.797415937
2024-05-24 17:00,91.394324611,92.774577812,91.123969395,91.949273604,92.260133486,0.947333304,36263.050184705,87.003106312
2024-05-24 18:00,92.260133486,92.279598973,91.860580772,92.070089872,91.860580772,-0.433071901,14769.177602845,-59.272103346
2024-05-24 19:00,91.860580772,92.160136905,90.693175799,91.426656352,90.693175799,-1.27084432,29964.70258244,102.886737422
2024-05-24 20:00,90.693175799,91.334482611,90.310239793,90.822361202,90.880894878,0.206982585,112829.043588429,276.539841428
2024-05-24 21:00,90.880894878,92.055708289,90.880894878,91.468301584,91.810353999,1.022722237,6156.58812832,-94.54343675
2024-05-24 22:00,91.810353999,92.409442973,91.717629908,92.063536441,92.409442973,0.65252877,11487.552285083,86.589585752
2024-05-24 23:00,92.409442973,92.409442973,91.734898688,92.072170831,91.77939039,-0.681805412,50134.080216239,336.420909973
2024-05-25 00:00,91.77939039,92.28586227,91.77939039,92.03262633,92.28586227,0.551836179,25028.140921409,-50.077590307
2024-05-25 01:00,92.28586227,92.321843472,91.708150757,92.014997114,91.708150757,-0.626002184,12505.941488546,-50.032479329
2024-05-25 02:00,91.708150757,92.365191546,91.708150757,92.036671151,92.359293985,0.710016746,27021.204083067,116.066931928
2024-05-25 03:00,92.359293985,92.383109717,91.700746841,92.041928279,92.383109717,0.025785962,26595.931178822,-1.57384883
2024-05-25 04:00,92.383109717,92.383109717,91.708656928,92.045883322,91.794706344,-0.636916613,25486.097120122,-4.172946799
2024-05-25 05:00,91.794706344,92.384033996,91.794706344,92.08937017,92.045639393,0.273363311,88404.49559495,246.873415644
2024-05-25 06:00,92.045639393,92.653372294,92.045639393,92.349505843,92.106364725,0.065973068,5197.750718437,-94.120490498
2024-05-25 07:00,92.106364725,93.814087366,92.106364725,92.960226045,93.467660648,1.477960754,132785.188191102,2454.666342887
2024-05-25 08:00,93.467660648,93.966018367,93.371689398,93.668853882,93.38637578,-0.086965766,44149.758266958,-66.750991682
2024-05-25 09:00,93.38637578,93.38637578,92.734499629,93.060437705,93.26418742,-0.130841741,62320.211558618,41.156404938
2024-05-25 10:00,93.26418742,93.297451849,92.656990392,92.97722112,92.778749891,-0.520497248,33609.879641351,-46.069054002
2024-05-25 11:00,92.778749891,92.778749891,92.668755356,92.723752623,92.709064363,-0.075109363,9942.064591596,-70.419219891
2024-05-25 12:00,92.709064363,93.277991203,92.67095933,92.974475266,93.241823391,0.574656892,15236.097689699,53.248830254
2024-05-25 13:00,93.241823391,93.391225171,92.797968476,93.094596824,93.006692725,-0.25217296,43485.746640123,185.412626814
2024-05-25 14:00,93.006692725,93.698166696,92.73960286,93.218884778,92.73960286,-0.287172737,11867.441090996,-72.709584156
2024-05-25 15:00,92.73960286,92.884815401,92.290573857,92.587694629,92.290573857,-0.484182582,10405.367918466,-12.32003733
2024-05-25 16:00,92.290573857,92.711086262,91.773016377,92.24205132,91.773016377,-0.560791268,86983.631084868,735.949596078
2024-05-25 17:00,91.773016377,91.975540869,91.773016377,91.874278623,91.975540869,0.220679781,9859.513758357,-88.66509292
2024-05-25 18:00,91.975540869,92.613783209,91.975540869,92.294662039,92.602687338,0.681862225,17992.253647455,82.486216749
2024-05-25 19:00,92.602687338,92.716513142,92.205513849,92.461013496,92.205513849,-0.428900608,17686.532245441,-1.699183482
2024-05-25 20:00,92.205513849,92.205513849,91.98183305,92.093673449,91.98183305,-0.242589397,14805.823703694,-16.287582562
2024-05-25 21:00,91.98183305,91.98183305,91.898935215,91.940384132,91.901325624,-0.087525354,10437.831082401,-29.501854869
2024-05-25 22:00,91.901325624,91.966337334,91.669369943,91.817853638,91.669369943,-0.252396448,71079.812422072,580.982589783
2024-05-25 23:00,91.669369943,91.685902836,91.318298453,91.502100645,91.318298453,-0.382975785,31985.039715901,-55.00123224
2024-05-26 00:00,91.318298453,91.872315604,91.290753431,91.581534517,91.290753431,-0.030163749,20996.445470455,-34.35541848
2024-05-26 01:00,91.290753431,91.290753431,90.98899359,91.13987351,90.98899359,-0.330548089,14186.403134474,-32.434262959
2024-05-26 02:00,90.98899359,91.011670248,90.948425183,90.980047715,90.970879057,-0.019908489,9548.935246627,-32.689525625
2024-05-26 03:00,90.970879057,91.434642507,90.861417873,91.14803019,91.434642507,0.509793305,13804.958586557,44.570658718
2024-05-26 04:00,91.434642507,91.456580718,90.825233267,91.140906993,90.945460083,-0.535007751,34271.955480896,148.258299842
2024-05-26 05:00,90.945460083,90.999232067,90.407825038,90.703528552,90.407825038,-0.591162049,41293.87466316,20.488819747
2024-05-26 06:00,90.407825038,90.73472381,90.198670665,90.466697238,90.73472381,0.361582388,17096.193812385,-58.598717239
2024-05-26 07:00,90.73472381,90.821847313,90.678597224,90.750222268,90.678597224,-0.061857891,9528.895664423,-44.263057795
2024-05-26 08:00,90.678597224,90.678597224,90.382403636,90.53050043,90.382403636,-0.326641122,17077.491147448,79.217946642
2024-05-26 09:00,90.382403636,90.995667836,90.332265324,90.66396658,90.366343697,-0.017768878,15607.069356162,-8.610291632
2024-05-26 10:00,90.366343697,90.804654856,90.353975802,90.579315329,90.664451752,0.329888367,59810.276165721,283.225542226
2024-05-26 11:00,90.664451752,91.225225595,90.660318871,90.942772233,90.889795401,0.24854686,10321.755544758,-82.742504789
2024-05-26 12:00,90.889795401,91.45527879,90.688007378,91.071643084,90.809608859,-0.088223922,61596.279350556,496.761656323
2024-05-26 13:00,90.809608859,91.618327349,90.809608859,91.213968104,91.616674988,0.888745298,71247.70209188,15.668840461
2024-05-26 14:00,91.616674988,92.084337099,91.425553311,91.754945205,91.603738984,-0.014119704,38712.537756987,-45.664861293
2024-05-26 15:00,91.603738984,91.692718411,91.480627571,91.586672991,91.480627571,-0.13439562,22876.637001712,-40.906387627
2024-05-26 16:00,91.480627571,91.488532972,91.069992501,91.279262736,91.069992501,-0.448876534,37864.361204868,65.515417332
2024-05-26 17:00,91.069992501,91.727968318,91.067587913,91.397778115,91.727968318,0.722494643,38005.937153992,0.373902912
2024-05-26 18:00,91.727968318,93.065749983,91.727968318,92.396859151,91.904715461,0.192686208,70587.404928262,85.727310557
2024-05-26 19:00,91.904715461,92.9881226,91.7782677,92.38319515,92.9881226,1.178837379,29896.403451224,-57.646263549
2024-05-26 20:00,92.9881226,92.9881226,92.099640591,92.543881595,92.099640591,-0.955479028,16465.885430793,-44.923524137
2024-05-26 21:00,92.099640591,92.099640591,91.583263077,91.841451834,91.583263077,-0.56067267,36369.070893644,120.875282089
2024-05-26 22:00,91.583263077,91.962367197,91.583263077,91.772815137,91.871677492,0.31492044,38994.693826355,7.219384131
2024-05-26 23:00,91.871677492,91.871677492,91.639675985,91.755676738,91.681131017,-0.207405024,28726.138673118,-26.333211382
2024-05-27 00:00,91.681131017,91.681131017,90.686633937,91.183882477,90.686633937,-1.084734742,41580.70427072,44.748672085
2024-05-27 01:00,90.686633937,91.503365686,90.686633937,91.094999811,91.031669199,0.380469809,42336.467833595,1.817582401
2024-05-27 02:00,91.031669199,91.031669199,90.595685824,90.813677512,90.611019894,-0.46209117,5065.791777353,-88.0344487
2024-05-27 03:00,90.611019894,91.381671494,90.611019894,90.996345694,91.381671494,0.850505381,28199.260209535,456.660467878
2024-05-27 04:00,91.381671494,91.584647313,90.974968806,91.27980806,91.019497135,-0.396331511,39872.556187136,41.395752551
2024-05-27 05:00,91.019497135,93.00209499,91.019497135,92.010796063,92.921975179,2.090187382,19762.25598274,-50.436445835
2024-05-27 06:00,92.921975179,93.565349509,92.696813804,93.131081656,93.565349509,0.692381246,38149.37449994,93.041596735
2024-05-27 07:00,93.565349509,93.629048686,92.800277703,93.214663194,93.151477982,-0.442334185,63527.74545865,66.523688242
2024-05-27 08:00,93.151477982,93.151477982,92.346139441,92.748808712,92.346139441,-0.86454725,15571.342272121,-75.488910932
2024-05-27 09:00,92.346139441,92.346139441,91.923102017,92.134620729,91.923102017,-0.458099739,59636.407866126,282.988228143
2024-05-27 10:00,91.923102017,91.985067787,91.9165318,91.950799793,91.985067787,0.067410442,24161.487623578,-59.485340435
2024-05-27 11:00,91.985067787,92.447209115,91.985067787,92.216138451,92.026840392,0.045412376,15788.249584414,-34.655308355
2024-05-27 12:00,92.026840392,92.026840392,91.447827822,91.737334107,91.86446945,-0.176438679,154710.851835767,879.911363882
2024-05-27 13:00,91.86446945,92.126219882,91.475526655,91.800873268,91.475526655,-0.423387625,71296.278001481,-53.916433685
2024-05-27 14:00,91.475526655,92.508507715,91.475526655,91.992017185,91.514930647,0.043075994,37130.77207508,-47.920462167
2024-05-27 15:00,91.514930647,92.101050649,90.717886787,91.409468718,91.259686195,-0.278910173,295887.389927137,696.879174311
2024-05-27 16:00,91.259686195,91.787247882,90.958197451,91.372722667,91.544224893,0.311790134,101712.057240135,-65.624740796
2024-05-27 17:00,91.544224893,91.930072597,91.338910455,91.634491526,91.338910455,-0.224278962,28130.215920251,-72.343282907
2024-05-27 18:00,91.338910455,92.536758562,91.338910455,91.937834509,92.536758562,1.311432445,37844.162454757,34.532072424
2024-05-27 19:00,92.536758562,92.86875062,92.015186134,92.441968377,92.190792634,-0.373868648,100366.024249114,165.208734291
2024-05-27 20:00,92.190792634,92.691549186,91.866631926,92.279090556,91.947570905,-0.263824317,41626.658465597,-58.525149544
2024-05-27 21:00,91.947570905,91.947570905,91.724483105,91.836027005,91.724483105,-0.242625007,14712.19977145,-64.656784105
2024-05-27 22:00,91.724483105,91.724483105,90.168100569,90.946291837,90.168100569,-1.696801643,35084.322765796,138.470951393
2024-05-27 23:00,90.168100569,90.284942952,90.057462529,90.17120274,90.284942952,0.129582837,10297.571326781,-70.649080515
2024-05-28 00:00,90.284942952,90.454284069,90.284942952,90.36961351,90.454284069,0.187562967,14489.638804532,40.709283235
2024-05-28 01:00,90.454284069,90.454284069,89.984295982,90.219290025,89.984295982,-0.519586322,66983.343210014,362.284423467
2024-05-28 02:00,89.984295982,90.324829412,89.779363655,90.052096533,90.324829412,0.378436511,25216.937009412,-62.353421312
2024-05-28 03:00,90.324829412,90.324829412,89.341393694,89.833111553,89.341393694,-1.088776723,16641.245012856,-34.007667122
2024-05-28 04:00,89.341393694,89.888943836,88.634926329,89.261935082,88.634926329,-0.790750329,30031.312907005,80.463137727
2024-05-28 05:00,88.634926329,88.634926329,88.380674383,88.507800356,88.380674383,-0.286853001,19167.766909563,-36.174062823
2024-05-28 06:00,88.380674383,89.100511653,87.961071193,88.530791423,87.961071193,-0.474768034,41657.142436546,117.329137156
2024-05-28 07:00,87.961071193,87.983937158,87.25076852,87.617352839,87.25076852,-0.807519354,71952.588295249,72.725693811
2024-05-28 08:00,87.25076852,88.311528562,87.25076852,87.781148541,87.800106693,0.629608407,42311.042696887,-41.195940689
2024-05-28 09:00,87.800106693,88.499029285,87.800106693,88.149567989,88.036754532,0.26953024,24214.709731343,-42.769763665
2024-05-28 10:00,88.036754532,88.499441219,87.938055709,88.218748464,88.056441203,0.022361878,17491.695610259,-27.764173908
2024-05-28 11:00,88.056441203,88.776309056,87.993301602,88.384805329,88.182854389,0.143559273,36054.384745533,106.122868525
2024-05-28 12:00,88.182854389,89.764536896,88.182854389,88.973695643,89.764536896,1.793639498,110838.188054434,207.419441038
2024-05-28 13:00,89.764536896,90.208797977,89.376986357,89.792892167,89.591726753,-0.192514939,40297.936902792,-63.642551714
2024-05-28 14:00,89.591726753,90.714958286,89.591726753,90.15334252,90.177068376,0.653343388,102947.492741165,155.465913775
2024-05-28 15:00,90.177068376,90.211714599,89.784717988,89.998216293,89.784717988,-0.43508887,71421.421544305,-30.62344731
2024-05-28 16:00,89.784717988,89.907034923,88.861926054,89.384480489,88.861926054,-1.02778285,52953.275467711,-25.85799285
2024-05-28 17:00,88.861926054,88.861926054,88.222337646,88.54213185,88.222337646,-0.719755285,17042.861592569,-67.815283489
2024-05-28 18:00,88.222337646,88.222337646,87.991868772,88.107103209,88.005015008,-0.246335161,9420.556088938,-44.724329082
2024-05-28 19:00,88.005015008,89.026008002,87.823831036,88.424919519,87.823831036,-0.205879144,40069.117862574,325.337076541
2024-05-28 20:00,87.823831036,87.900443388,87.801920411,87.8511819,87.900443388,0.087234127,15254.17587928,-61.930342635
2024-05-28 21:00,87.900443388,87.900443388,87.812639839,87.856541614,87.812639839,-0.099889769,4715.203993905,-69.089093824
2024-05-28 22:00,87.812639839,88.0761079,86.798048713,87.437078307,87.775304153,-0.042517439,59696.047720078,1166.033193839
2024-05-28 23:00,87.775304153,88.723201152,87.775304153,88.249252652,87.992008012,0.246884771,41687.347083908,-30.167324846
2024-05-29 00:00,87.992008012,88.828230966,87.992008012,88.410119489,88.413804857,0.479358131,44220.860905919,6.077416768
2024-05-29 01:00,88.413804857,88.818388354,88.413804857,88.616096605,88.818388354,0.457602179,14429.902326378,-67.368563093
2024-05-29 02:00,88.818388354,89.178363363,88.56281074,88.870587052,89.178363363,0.405293336,35614.999734852,146.813865606
2024-05-29 03:00,89.178363363,89.708690449,89.037258291,89.37297437,89.263036136,0.094947664,132373.559597081,271.679237913
2024-05-29 04:00,89.263036136,89.492782592,88.993979062,89.243380827,88.993979062,-0.301420482,14400.998566736,-89.120940307
2024-05-29 05:00,88.993979062,89.848731138,88.993979062,89.4213551,89.325636606,0.372674138,47377.238626844,228.985788085
2024-05-29 06:00,89.325636606,89.891002599,89.320010468,89.605506533,89.320010468,-0.006298459,4883.080459567,-89.693193185
2024-05-29 07:00,89.320010468,90.418789093,89.320010468,89.86939978,90.092328831,0.864664435,70516.357513338,1344.095752614
2024-05-29 08:00,90.092328831,90.941448348,90.092328831,90.51688859,90.356284885,0.292983938,53962.560568218,-23.475116312
2024-05-29 09:00,90.356284885,90.356284885,90.33460412,90.345444502,90.33460412,-0.02399475,9676.835302087,-82.067501616
2024-05-29 10:00,90.33460412,90.33460412,89.52002877,89.927316445,89.52002877,-0.901731244,27248.81937568,181.588127989
2024-05-29 11:00,89.52002877,89.52002877,88.497072771,89.008550771,88.658334442,-0.962571549,45374.014612721,66.517359843
2024-05-29 12:00,88.658334442,89.451886445,88.55979611,89.005841278,89.290270049,0.712776312,80304.56184553,76.983594092
2024-05-29 13:00,89.290270049,89.679845687,88.766947763,89.223396725,89.679845687,0.436302452,29601.018623341,-63.13905718
2024-05-29 14:00,89.679845687,89.798601178,89.266397954,89.532499566,89.778343504,0.109832724,28726.7775395,-2.953415539
2024-05-29 15:00,89.778343504,89.853510133,89.075159939,89.464335036,89.817712782,0.043851642,46472.097525021,61.772748305
2024-05-29 16:00,89.817712782,90.213094256,89.108281687,89.660687972,89.401854512,-0.463002516,67042.274112024,44.263499352
2024-05-29 17:00,89.401854512,89.401854512,88.444391321,88.923122917,88.444391321,-1.070965694,33978.593887538,-49.317659137
2024-05-29 18:00,88.444391321,89.673764462,87.728197576,88.700981019,87.728197576,-0.809767284,358426.74039576,954.860426485
2024-05-29 19:00,87.728197576,88.042377689,87.354690534,87.698534112,88.042377689,0.358128996,82021.501962042,-77.116243651
2024-05-29 20:00,88.042377689,88.344823321,87.636983584,87.990903453,87.636983584,-0.460453381,41135.426803274,-49.847996173
2024-05-29 21:00,87.636983584,87.636983584,87.388555143,87.512769363,87.388555143,-0.283474432,41280.929649394,0.353716632
2024-05-29 22:00,87.388555143,87.404506346,87.143127474,87.27381691,87.143127474,-0.280846466,37153.877573991,-9.997478522
2024-05-29 23:00,87.143127474,87.143127474,86.855216974,86.999172224,86.934788085,-0.239077246,22585.3148647,-39.211419266
2024-05-30 00:00,86.934788085,87.50876741,86.624653927,87.066710669,87.142698393,0.239156628,65107.585913887,188.273979371
2024-05-30 01:00,87.142698393,87.142698393,86.989883791,87.066291092,87.016055692,-0.145327954,10377.730556778,-84.060642994
2024-05-30 02:00,87.016055692,87.470398808,86.964162086,87.217280447,87.470398808,0.522137106,10347.364015309,-0.292612545
2024-05-30 03:00,87.470398808,87.470398808,86.686759293,87.07857905,86.686759293,-0.895891097,52482.525387632,407.206717672
2024-05-30 04:00,86.686759293,86.686759293,86.531386132,86.609072713,86.671027651,-0.018147687,11358.807333879,-78.35697263
2024-05-30 05:00,86.671027651,87.484351998,86.661647392,87.072999695,87.484351998,0.93840395,7359.328311221,-35.210378212
2024-05-30 06:00,87.484351998,87.619219056,87.125072,87.372145528,87.176017676,-0.352445112,18390.221403155,149.889944101
2024-05-30 07:00,87.176017676,87.292808997,87.176017676,87.234413336,87.20444402,0.032607987,9359.010799148,-49.108764957
2024-05-30 08:00,87.20444402,87.453043928,86.866645409,87.159844668,87.453043928,0.285077109,10219.487288488,9.194096554
2024-05-30 09:00,87.453043928,87.453043928,85.79624598,86.624644954,85.79624598,-1.894500035,84548.002394645,727.321371493
2024-05-30 10:00,85.79624598,85.79624598,85.001882762,85.399064371,85.001882762,-0.925871766,22846.324107012,-72.978280432
2024-05-30 11:00,85.001882762,85.26022908,84.69684557,84.978537325,84.99721136,-0.005495646,21296.749488559,-6.782599298
2024-05-30 12:00,84.99721136,85.347557084,84.899499887,85.123528485,85.347557084,0.412184963,99075.573353435,365.214531479
2024-05-30 13:00,85.347557084,85.414531175,84.845870344,85.13020076,84.934182601,-0.48434249,36145.816320592,-63.516924407
2024-05-30 14:00,84.934182601,85.591239197,84.934182601,85.262710899,85.236433622,0.355864991,16401.795254879,-54.623254018
2024-05-30 15:00,85.236433622,85.651495502,85.059674178,85.35558484,85.230153445,-0.007367948,52398.684206538,219.469200732
2024-05-30 16:00,85.230153445,86.253600257,85.230153445,85.741876851,85.670025954,0.516099633,55052.098375621,5.063894655
2024-05-30 17:00,85.670025954,86.711134631,85.670025954,86.190580293,86.180082772,0.595373717,57979.324637284,5.317192892
2024-05-30 18:00,86.180082772,86.697278308,85.641766956,86.169522632,86.697278308,0.600133487,77463.760523031,33.605834507
2024-05-30 19:00,86.697278308,86.975937178,86.363409536,86.669673357,86.444825164,-0.291189237,54136.815644163,-30.113364909
2024-05-30 20:00,86.444825164,88.066656416,86.444825164,87.25574079,88.066656416,1.876146141,41015.398904017,-24.237511172
2024-05-30 21:00,88.066656416,88.151208928,87.334295985,87.742752456,87.449546963,-0.700729967,40186.827403823,-2.020147365
2024-05-30 22:00,87.449546963,87.900342162,86.483722767,87.192032465,86.483722767,-1.104435905,23649.507172454,-41.151096764
2024-05-30 23:00,86.483722767,86.483722767,85.502794117,85.993258442,85.665140441,-0.946516061,38548.311659075,62.998371924
2024-05-31 00:00,85.665140441,85.970736158,85.329625841,85.650180999,85.537812134,-0.148634913,57279.0176349,48.59021101
2024-05-31 01:00,85.537812134,85.537812134,85.418120244,85.477966189,85.418120244,-0.139928631,23373.933912928,-59.192851278
2024-05-31 03:00,85.418120244,85.418120244,84.915821252,85.166970748,84.915821252,-0.588047349,47749.643219393,104.285865603
2024-05-31 04:00,84.915821252,85.54792728,84.915821252,85.231874266,84.98672502,0.083498889,14778.398396559,-69.05024331
2024-05-31 05:00,84.98672502,85.068967293,84.42993233,84.749449812,85.056332213,0.081903607,175392.008625152,1086.813373944
2024-05-31 06:00,85.056332213,85.262836106,84.698393935,84.98061502,84.698393935,-0.420824963,19177.747726812,-89.065780205
2024-05-31 07:00,84.698393935,84.873770061,84.698393935,84.786081998,84.873770061,0.207059566,39.739936113,-99.792781005
2024-05-31 08:00,84.873770061,84.873770061,84.707742842,84.790756452,84.707742842,-0.195616642,13786.130672395,34590.872761166
2024-05-31 09:00,84.707742842,85.364305331,84.404932409,84.88461887,85.364305331,0.775091469,59282.181750123,330.01320065
2024-05-31 10:00,85.364305331,85.364305331,85.306956588,85.335630959,85.354410681,-0.011591086,48251.610258827,-18.606891929
2024-05-31 11:00,85.354410681,85.760192733,85.354410681,85.557301707,85.760192733,0.475408416,77177.160405979,59.947326093
2024-05-31 12:00,85.760192733,85.760192733,85.119063232,85.439627982,85.119063232,-0.747584025,50904.730666358,-34.041715971
2024-05-31 13:00,85.119063232,85.633358781,85.119063232,85.376211007,85.542289475,0.497216754,53632.058080437,5.357709153
2024-05-31 14:00,85.542289475,86.795509795,85.542289475,86.168899635,86.752005612,1.414173205,107905.912557946,101.196665614
2024-05-31 15:00,86.752005612,87.319045526,86.719888077,87.019466801,87.319045526,0.653633204,28885.846005303,-73.23052526
2024-05-31 16:00,87.319045526,87.364869702,85.862677387,86.613773544,85.862677387,-1.667869971,187919.574460437,550.559358469
2024-05-31 17:00,85.862677387,85.862677387,85.046236474,85.45445693,85.046236474,-0.950868221,20689.621131088,-88.990172423
2024-05-31 18:00,85.046236474,85.693176571,85.046236474,85.369706522,85.693176571,0.760692211,36027.197091426,74.131739113
2024-05-31 19:00,85.693176571,85.693176571,85.021876662,85.357526616,85.021876662,-0.783376152,8997.649195527,-75.025397694
2024-05-31 20:00,85.021876662,85.233243855,84.805447613,85.019345734,84.86659148,-0.182641442,51963.582167925,477.523984751
2024-05-31 21:00,84.86659148,85.434363294,84.86659148,85.150477387,85.177884401,0.366802667,1977.009924757,-96.195393308
2024-05-31 22:00,85.177884401,85.27309987,85.177884401,85.225492136,85.27309987,0.111784262,4881.374298275,146.906919239
2024-05-31 23:00,85.27309987,85.829300568,85.27309987,85.551200219,85.829300568,0.652258096,99.960580665,-97.952204143
2024-06-01 00:00,85.829300568,86.103616755,85.514529673,85.809073214,85.919054278,0.104572342,545.471990814,445.687097038
2024-06-01 01:00,85.919054278,85.942443062,85.919054278,85.93074867,85.942443062,0.027221882,101.799023189,-81.337442636
2024-06-01 02:00,85.942443062,85.942443062,84.708133458,85.32528826,85.220012857,-0.840597705,38052.532201435,37280.056320102
2024-06-01 03:00,85.220012857,85.220012857,84.618881056,84.919446957,84.957891667,-0.30758173,74168.463906345,94.910718461
2024-06-01 04:00,84.957891667,85.257898597,84.591408283,84.92465344,85.257898597,0.353124264,51037.197333506,-31.187468844
2024-06-01 05:00,85.257898597,85.257898597,85.17311277,85.215505684,85.17311277,-0.099446301,9754.081041259,-80.888290206
2024-06-01 07:00,85.17311277,85.487798051,84.773189032,85.130493541,85.487798051,0.369465515,52657.080147486,439.846654183
2024-06-01 08:00,85.487798051,85.487798051,85.079192473,85.283495262,85.079192473,-0.477969473,1907.505223354,-96.377495262
2024-06-01 09:00,85.079192473,85.596445121,85.079192473,85.337818797,85.160193397,0.095206503,11694.611541968,513.0841163
2024-06-01 10:00,85.160193397,85.314946168,84.756535651,85.035740909,85.314946168,0.181719609,100539.573367223,759.70853334
2024-06-01 11:00,85.314946168,85.314946168,84.724605271,85.019775719,84.758662856,-0.652035002,4308.62833686,-95.714495106
2024-06-01 12:00,84.758662856,84.946724532,84.758662856,84.852693694,84.845074532,0.101950259,30128.912657886,599.26924075
2024-06-01 13:00,84.845074532,86.404620848,84.845074532,85.62484769,86.404620848,1.838110608,204882.561403042,580.019766161
2024-06-01 14:00,86.404620848,86.404620848,85.69527327,86.049947059,85.69527327,-0.820960234,73122.265919548,-64.310156307
2024-06-01 15:00,85.69527327,85.69527327,83.359802215,84.527537743,83.359802215,-2.72532074,814360.959914007,1013.697653749
2024-06-01 16:00,83.359802215,83.769833051,83.359802215,83.564817633,83.769833051,0.49188077,12781.511263782,-98.430485756
2024-06-01 17:00,83.769833051,84.173127141,83.415562863,83.794345002,84.173127141,0.481431172,29979.973288464,134.55734357
2024-06-01 18:00,84.173127141,84.371671806,83.663496264,84.017584035,84.371671806,0.235876546,30163.574710096,0.61241356
2024-06-01 19:00,84.371671806,84.371671806,83.813483562,84.092577684,84.323306002,-0.057324696,16875.754944404,-44.052536523
2024-06-01 20:00,84.323306002,84.323306002,83.388845645,83.856075823,83.849943016,-0.56136673,55661.820349158,229.833068402
2024-06-01 21:00,83.849943016,83.849943016,83.287704086,83.568823551,83.287704086,-0.670529889,4347.871199644,-92.188772892
2024-06-01 22:00,83.287704086,83.926461545,83.287704086,83.607082816,83.926461545,0.766928884,14950.940610143,243.868066086
2024-06-01 23:00,83.926461545,83.926461545,83.297160242,83.611810894,83.830833717,-0.113942405,11492.069186499,-23.134808129
2024-06-02 00:00,83.830833717,84.288621012,83.592071935,83.940346474,83.936007409,0.125459437,61599.606401697,436.018408887
2024-06-02 01:00,83.936007409,83.957332583,83.936007409,83.946669996,83.957332583,0.025406467,908.400896007,-98.525313798
2024-06-02 03:00,83.957332583,84.719045719,83.957332583,84.338189151,84.719045719,0.907262191,9763.777521421,974.831339812
2024-06-02 04:00,84.719045719,85.023444018,84.433256575,84.728350297,85.023444018,0.359303267,19429.043770944,98.991053701
2024-06-02 05:00,85.023444018,85.523041027,84.675904394,85.099472711,84.675904394,-0.408757405,105301.757683537,441.981164513
2024-06-02 06:00,84.675904394,85.540833498,84.675904394,85.108368946,85.540833498,1.021458359,62125.318169233,-41.002581974
2024-06-02 07:00,85.540833498,86.585962451,85.527790086,86.056876268,86.137448828,0.69746261,214003.495315876,244.470662883
2024-06-02 08:00,86.137448828,86.342683396,85.906483444,86.12458342,86.342683396,0.238264043,33689.157132023,-84.257660333
2024-06-02 10:00,86.342683396,86.342683396,85.577077066,85.959880231,85.577077066,-0.886706667,18751.862336348,-44.338582699
2024-06-02 11:00,85.577077066,85.924810397,85.44091917,85.682864783,85.456682825,-0.140685152,27033.627124433,44.165025529
2024-06-02 12:00,85.456682825,86.057743615,85.435008514,85.746376065,85.944383323,0.570699074,29986.160742406,10.921707266
2024-06-02 13:00,85.944383323,85.944383323,85.191378765,85.567881044,85.280716164,-0.772205389,15246.028133595,-49.156451656
2024-06-02 14:00,85.280716164,85.288214826,85.151861804,85.220038315,85.151861804,-0.151094368,28302.492180944,85.638462247
2024-06-02 15:00,85.151861804,85.896808513,85.151861804,85.524335159,85.386807519,0.275913773,542.804151076,-98.082133023
2024-06-02 16:00,85.386807519,85.386807519,85.168866999,85.277837259,85.168866999,-0.255239101,225.355531518,-58.483086198
2024-06-02 17:00,85.168866999,85.300500829,84.560873069,84.930686949,84.565889695,-0.707978544,140250.115926422,62135.044767621
2024-06-02 18:00,84.565889695,84.574056301,83.885394585,84.229725443,83.885394585,-0.804692189,88235.102375672,-37.087323035
2024-06-02 19:00,83.885394585,83.997586856,83.885394585,83.941490721,83.997586856,0.133744701,481.604202842,-99.454180717
2024-06-02 20:00,83.997586856,83.997586856,82.961959896,83.479773376,82.961959896,-1.232924657,113601.855554369,23488.21930622
2024-06-02 21:00,82.961959896,82.961959896,82.361006675,82.661483286,82.865818933,-0.115885597,36000.406496786,-68.310018951
2024-06-02 23:00,82.865818933,82.865818933,82.210495905,82.538157419,82.210495905,-0.790824296,53332.784242851,48.144950107
2024-06-03 01:00,82.210495905,82.391637577,81.788457843,82.09004771,82.281493415,0.08636064,122177.645766082,129.085444348
2024-06-03 02:00,82.281493415,82.281493415,82.223411431,82.252452423,82.223411431,-0.070589366,4391.821575259,-96.405380421
2024-06-03 03:00,82.223411431,82.223411431,82.111907705,82.167659568,82.17904374,-0.053959924,11724.333194404,166.95832227
2024-06-03 04:00,82.17904374,83.406989617,82.17904374,82.793016679,83.406989617,1.494232376,124861.85967237,964.980477798
2024-06-03 05:00,83.406989617,84.612500117,83.406989617,84.009744867,84.612500117,1.445335103,168922.601654671,35.287590701
2024-06-03 06:00,84.612500117,86.323759676,84.612500117,85.468129897,86.323759676,2.022466606,349292.537333216,106.776673998
2024-06-03 07:00,86.323759676,86.865967381,85.99566495,86.430816166,86.865967381,0.628109465,109330.475423488,-68.699452826
2024-06-03 08:00,86.865967381,88.149115435,86.865967381,87.507541408,88.149115435,1.477158538,172847.321013552,58.096194445
2024-06-03 09:00,88.149115435,88.628404455,88.149115435,88.388759945,88.628404455,0.543725274,29415.699497485,-82.981686193
2024-06-03 10:00,88.628404455,88.676565044,87.408535743,88.042550394,87.408535743,-1.376385729,148537.685104862,404.960574259
2024-06-03 11:00,87.408535743,88.417297866,87.408535743,87.912916805,88.417297866,1.154077361,63464.889935123,-57.273543148
2024-06-03 13:00,88.417297866,88.729575109,88.118414144,88.423994627,88.118414144,-0.338037612,89606.718708284,41.191009391
2024-06-03 14:00,88.118414144,88.118414144,87.81438331,87.966398727,87.81438331,-0.345025313,43887.597267658,-51.021979266
2024-06-03 15:00,87.81438331,88.5832061,87.700371041,88.14178857,88.5832061,0.875508955,51269.47517107,16.819963641
2024-06-03 16:00,88.5832061,88.5832061,87.987057634,88.285131867,88.033020081,-0.621095175,37896.575730981,-26.083550486
2024-06-03 17:00,88.033020081,88.221128997,88.033020081,88.127074539,88.221128997,0.213679953,12785.126976491,-66.263107603
2024-06-03 18:00,88.221128997,88.221128997,86.474023084,87.347576041,86.474023084,-1.980371293,1318.040993033,-89.690825946
2024-06-03 19:00,86.474023084,87.569306992,86.474023084,87.021665038,87.569306992,1.266604546,28545.262791648,2065.734066129
2024-06-03 20:00,87.569306992,87.569306992,86.740091194,87.154699093,87.447481237,-0.13911924,37113.860819616,30.017583269
2024-06-03 21:00,87.447481237,89.45335353,87.447481237,88.450417384,88.873972295,1.631254597,431192.339930243,1061.809443717
2024-06-03 22:00,88.873972295,88.873972295,88.337145746,88.60555902,88.337145746,-0.604031231,2156.853275707,-99.49979323
2024-06-03 23:00,88.337145746,88.836123331,88.193772728,88.51494803,88.265780938,-0.080786862,17625.607904088,717.19086331
2024-06-04 00:00,88.265780938,88.265780938,87.785481683,88.02563131,87.785481683,-0.544151142,37081.808495014,110.385983263
2024-06-04 01:00,87.785481683,90.484941404,87.704638539,89.094789972,89.864735454,2.368562239,371680.912543786,902.326821772
2024-06-04 02:00,89.864735454,90.483425313,89.461493859,89.972459586,89.461493859,-0.448720616,135615.262330805,-63.512987147
2024-06-04 03:00,89.461493859,90.050367072,88.85828598,89.454326526,88.85828598,-0.674265377,40585.789044614,-70.072845529
2024-06-04 04:00,88.85828598,90.414887085,88.85828598,89.636586533,90.414887085,1.75177935,100325.174113751,147.192863501
2024-06-04 05:00,90.414887085,97.656274488,90.414887085,94.035580787,97.656274488,8.009065361,2043914.96836878,1937.290227926
2024-06-04 06:00,97.656274488,98.453013721,94.773472532,96.613243127,94.773472532,-2.951988462,836873.111671191,-59.055385149
2024-06-04 07:00,94.773472532,94.773472532,91.690972145,93.232222339,92.181123656,-2.735310638,589260.977777489,-29.587775069
2024-06-04 08:00,92.181123656,92.181123656,91.210008721,91.695566189,91.210008721,-1.053485678,76735.645042732,-86.977646928
2024-06-04 09:00,91.210008721,92.09822923,91.210008721,91.654118975,92.09822923,0.973819125,103160.95428995,34.436811253
2024-06-04 10:00,92.09822923,92.198494787,91.611829422,91.905162104,91.661779596,-0.473895793,40753.158593805,-60.495558737
2024-06-04 11:00,91.661779596,92.803317337,91.661779596,92.232548466,92.803317337,1.245380294,89086.223957008,118.599556528
2024-06-04 12:00,92.803317337,92.824620466,92.08853837,92.456579418,92.578485852,-0.242266646,60006.928473518,-32.641742114
2024-06-04 13:00,92.578485852,92.578485852,91.194050125,91.886267989,91.197229819,-1.491983824,126661.103206833,111.077464601
2024-06-04 14:00,91.197229819,91.965281125,91.197229819,91.581255472,91.336213218,0.152398707,98593.601263675,-22.159527458
2024-06-04 15:00,91.336213218,91.336213218,91.328576298,91.332394758,91.328576298,-0.008361327,453.236999778,-99.540297754
2024-06-04 16:00,91.328576298,93.042278732,91.328576298,92.185427515,92.407220071,1.181058346,136985.549954861,30123.823302566
2024-06-04 17:00,92.407220071,93.863951454,92.407220071,93.135585763,93.097736504,0.747253767,102837.943374702,-24.927889541
2024-06-04 18:00,93.097736504,94.53796023,92.966040844,93.752000537,94.159177273,1.140135957,95032.770787067,-7.589778959
2024-06-04 19:00,94.159177273,94.829433972,94.144672187,94.48705308,94.192568325,0.035462345,165132.203093878,73.763431
2024-06-04 20:00,94.192568325,94.270333692,93.570792547,93.92056312,93.570792547,-0.66011129,99932.28802997,-39.483464668
2024-06-04 21:00,93.570792547,94.162620983,93.475416587,93.819018785,93.475416587,-0.1019292,61106.161202854,-38.852434576
2024-06-04 22:00,93.475416587,93.475416587,92.505623785,92.990520186,92.521573918,-1.02042088,17943.013951806,-70.636326029
2024-06-04 23:00,92.521573918,92.923749746,92.313270662,92.618510204,92.378848747,-0.154261504,60633.62186077,237.923283255
2024-06-05 00:00,92.378848747,92.479390796,92.378848747,92.429119772,92.401192652,0.024187252,37809.455363721,-37.642756274
2024-06-05 01:00,92.401192652,92.981219203,91.996363341,92.488791272,92.001374418,-0.432698132,81038.679022032,114.334425721
2024-06-05 02:00,92.001374418,92.60557079,91.969863235,92.287717012,92.044360396,0.046723191,28064.084855566,-65.369518366
2024-06-05 03:00,92.044360396,92.769155435,92.012819675,92.390987555,92.769155435,0.787441007,24243.051274845,-13.615386357
2024-06-05 04:00,92.769155435,92.802228736,91.964718055,92.383473396,92.146241895,-0.671466218,65354.578754437,169.580664635
2024-06-05 05:00,92.146241895,92.146241895,90.654550558,91.400396227,90.654550558,-1.618830358,152804.207896801,133.807960833
2024-06-05 06:00,90.654550558,90.921957545,90.359049968,90.640503757,90.359049968,-0.325963328,28049.55993689,-81.64346367
2024-06-05 07:00,90.359049968,90.679583287,90.061883681,90.370733484,90.061883681,-0.328872744,12546.060725535,-55.271809063
2024-06-05 08:00,90.061883681,90.526989215,89.774526104,90.15075766,89.774526104,-0.319066807,25237.262964175,101.156869206
2024-06-05 09:00,89.774526104,90.41080906,89.767432275,90.089120668,89.960100847,0.206712027,52484.58504063,107.964647811
2024-06-05 10:00,89.960100847,90.244168385,89.960100847,90.102134616,90.234357035,0.304864252,14991.563074466,-71.436254925
2024-06-05 11:00,90.234357035,90.234357035,89.8250672,90.029712118,89.8250672,-0.453585362,48838.417390454,225.772683928
2024-06-05 12:00,89.8250672,90.219569272,89.575996814,89.897783043,89.608464807,-0.241138025,53572.493972939,9.693345598
2024-06-05 13:00,89.608464807,89.993951983,89.458963612,89.726457798,89.458963612,-0.16683825,23225.842660077,-56.645955905
2024-06-05 14:00,89.458963612,90.378981481,89.457358951,89.918170216,89.988002349,0.591375884,72322.511662543,211.388106434
2024-06-05 15:00,89.988002349,90.458263194,89.878541608,90.168402401,89.940398155,-0.052900601,33368.713139124,-53.861235773
2024-06-05 16:00,89.940398155,90.583459515,89.671188419,90.127323967,89.671188419,-0.299320152,36550.803511381,9.536149503
2024-06-05 17:00,89.671188419,89.671188419,89.114984184,89.393086302,89.180197485,-0.54754592,41314.602576908,13.03336345
2024-06-05 18:00,89.180197485,90.133265621,88.510615291,89.321940456,89.710045982,0.594132455,810224.755155778,1861.109885173
2024-06-05 19:00,89.710045982,90.579890432,89.710045982,90.144968207,89.870384359,0.178729567,99828.496629166,-87.678913043
2024-06-05 20:00,89.870384359,89.999904182,89.856498649,89.928201415,89.999904182,0.14411847,19362.156793982,-80.604579406
2024-06-05 21:00,89.999904182,91.04829554,89.999904182,90.524099861,91.04829554,1.164880527,12462.605261005,-35.634209589
2024-06-05 22:00,91.04829554,91.04829554,90.484618583,90.766457062,90.935970531,-0.123368602,17601.137758244,41.231607594
2024-06-05 23:00,90.935970531,91.475152042,90.832870224,91.154011133,91.475152042,0.592924349,79827.607213919,353.536631043
2024-06-06 00:00,91.475152042,91.475152042,90.418847389,90.946999715,90.448634273,-1.122182086,19620.738678508,-75.421111363
2024-06-06 01:00,90.448634273,91.361627099,90.424877147,90.893252123,90.896663147,0.495340674,98268.973945781,400.842376813
2024-06-06 02:00,90.896663147,91.690603003,90.896663147,91.293633075,91.228247233,0.364792364,57271.510777153,-41.719641024
2024-06-06 03:00,91.228247233,91.261143363,91.182456665,91.221800014,91.182456665,-0.05019341,12540.85632769,-78.102801624
2024-06-06 04:00,91.182456665,91.825061903,91.118445236,91.471753569,91.376380986,0.212677228,48890.772226413,289.851944308
2024-06-06 05:00,91.376380986,92.477177979,91.351172389,91.914175184,91.936633715,0.613126414,77851.532851417,59.235637537
2024-06-06 06:00,91.936633715,92.357368648,91.687668748,92.022518698,91.737699313,-0.216382082,28494.645377219,-63.398735602
2024-06-06 07:00,91.737699313,92.258392905,91.463066641,91.860729773,91.463066641,-0.299367298,21068.102511361,-26.062941888
2024-06-06 08:00,91.463066641,91.804463525,91.224774084,91.514618804,91.224774084,-0.260534188,15246.206177788,-27.633700427
2024-06-06 09:00,91.224774084,91.224774084,90.778826365,91.001800225,90.778826365,-0.488844969,50216.394155204,229.369769565
2024-06-06 10:00,90.778826365,91.107197004,90.518385176,90.81279109,90.518385176,-0.286896405,33516.416071588,-33.256027966
2024-06-06 11:00,90.518385176,91.814887925,90.518385176,91.166636551,91.075003315,0.614922744,193471.23386294,477.243203598
2024-06-06 12:00,91.075003315,93.276570166,91.075003315,92.17578674,92.863393632,1.963645624,295398.979465324,52.683669591
2024-06-06 13:00,92.863393632,95.083458435,92.861928147,93.972693291,95.083458435,2.390678088,303208.976219301,2.64388075
2024-06-06 14:00,95.083458435,96.120843357,94.456410804,95.28862708,94.456410804,-0.659470786,324224.635847318,6.931080963
2024-06-06 15:00,94.456410804,95.462842124,94.456410804,94.959626464,94.624866221,0.178341963,111577.22568529,-65.586444289
2024-06-06 16:00,94.624866221,95.311465686,93.908668632,94.610067159,94.988876275,0.384687523,201046.039103776,80.18555119
2024-06-06 17:00,94.988876275,95.44603794,94.900997898,95.173517919,95.44603794,0.48127916,10773.035850154,-94.641508036
2024-06-06 18:00,95.44603794,95.818948612,94.97995352,95.399451066,95.343686099,-0.107235296,52184.507461996,384.399274149
2024-06-06 19:00,95.343686099,96.461872061,95.343686099,95.90277908,96.180715496,0.877907528,111813.813482592,114.266300327
2024-06-06 20:00,96.180715496,96.373469337,95.586451696,95.979960517,95.586451696,-0.617861696,132548.99035499,18.544378576
2024-06-06 21:00,95.586451696,95.586451696,94.871815563,95.22913363,94.871815563,-0.74763329,101868.004590447,-23.146902653
2024-06-06 22:00,94.871815563,95.59252782,93.865906125,94.729216972,94.456056466,-0.438232466,185869.111477137,82.460736543
2024-06-06 23:00,94.456056466,94.456056466,93.055063551,93.755560009,94.215407578,-0.254773381,94892.953635716,-48.946356454
2024-06-07 00:00,94.215407578,94.943967843,94.215407578,94.579687711,94.447881632,0.246747384,91366.49365839,-3.716250619
2024-06-07 01:00,94.447881632,95.050465344,94.447881632,94.749173488,94.5737369,0.133253669,1305.490681649,-98.571149412
2024-06-07 02:00,94.5737369,94.594787684,94.5737369,94.584262292,94.594787684,0.022258594,1324.327027573,1.44285564
2024-06-07 03:00,94.594787684,95.379795629,94.594787684,94.987291656,95.379795629,0.829863848,12802.801690837,866.740195154
2024-06-07 04:00,95.379795629,95.379795629,94.146810946,94.763303287,94.146810946,-1.292710553,107378.363936461,738.709889674
2024-06-07 05:00,94.146810946,94.666124621,94.099663767,94.382894194,94.469053095,0.342276223,8431.044760876,-92.148283461
2024-06-07 06:00,94.469053095,94.469053095,93.854485527,94.161769311,94.43020975,-0.041117534,1698.109146295,-79.858852675
2024-06-07 08:00,94.43020975,94.43020975,94.07089297,94.25055136,94.07089297,-0.380510412,548.642545179,-67.690972846
2024-06-07 09:00,94.07089297,94.986769597,94.07089297,94.528831283,94.986769597,0.973602566,13563.102503962,2372.12007584
2024-06-07 10:00,94.986769597,95.15878305,94.351195648,94.754989349,94.605498599,-0.401393794,44017.238448318,224.536649601
2024-06-07 11:00,94.605498599,95.932891457,94.605498599,95.269195028,95.932891457,1.403082143,175229.460044035,298.092806867
2024-06-07 12:00,95.932891457,96.204060423,95.546222052,95.875141238,95.546222052,-0.40306239,83343.304107919,-52.437618602
2024-06-07 13:00,95.546222052,96.164261066,95.546222052,95.855241559,95.627919563,0.085505747,12114.44549346,-85.464404582
2024-06-07 14:00,95.627919563,96.45926549,95.627919563,96.043592526,96.45926549,0.869354819,374.615606694,-96.907694975
2024-06-07 15:00,96.45926549,96.45926549,93.084262098,94.771763794,93.084262098,-3.49888979,299145.782162173,79754.062889287
2024-06-07 16:00,93.084262098,93.474966798,93.084262098,93.279614448,93.474966798,0.419732284,214.057673967,-99.928443693
2024-06-07 17:00,93.474966798,94.253115265,93.474966798,93.864041031,94.253115265,0.83246723,28708.857894557,13311.73963191
2024-06-07 18:00,94.253115265,94.253115265,93.186439858,93.719777561,93.186439858,-1.131713688,43054.705811009,49.970110163
2024-06-07 19:00,93.186439858,93.288803327,92.178172663,92.733487995,92.178172663,-1.081989178,88710.462053025,106.041268619
2024-06-07 20:00,92.178172663,92.178172663,91.19570577,91.686939216,91.19570577,-1.065834638,84673.2771699,-4.550968161
2024-06-07 21:00,91.19570577,91.19570577,84.300431746,87.748068758,86.230145319,-5.444949857,1032656.99215834,1119.578391995
2024-06-07 22:00,86.230145319,86.230145319,85.37577977,85.802962544,86.19466034,-0.041151478,78824.950722688,-92.366782841
2024-06-07 23:00,86.19466034,86.699665185,86.19466034,86.447162762,86.699665185,0.585888781,86497.511467012,9.733670207
2024-06-08 00:00,86.699665185,86.699665185,86.074229781,86.386947483,86.074229781,-0.721381568,75394.463052067,-12.83626341
2024-06-08 01:00,86.074229781,86.411327306,85.84819631,86.129761808,86.357890561,0.329553667,17996.938157026,-76.12962885
2024-06-08 02:00,86.357890561,86.547124109,85.815292718,86.181208413,86.04562644,-0.361593039,60984.109175928,238.85824713
2024-06-08 03:00,86.04562644,86.04562644,85.922948235,85.984287338,85.922948235,-0.142573434,26137.132221882,-57.141077282
2024-06-08 04:00,85.922948235,86.464274015,85.922948235,86.193611125,86.464274015,0.630013041,4018.462497291,-84.625465169
2024-06-08 05:00,86.464274015,86.464274015,85.827405665,86.14583984,86.340257871,-0.143430503,28643.73410066,612.803320175
2024-06-08 06:00,86.340257871,86.340257871,85.867202409,86.10373014,85.867202409,-0.547896745,357.26234048,-98.752738246
2024-06-08 07:00,85.867202409,86.217499113,85.710709269,85.964104191,86.217499113,0.40795169,26967.02546494,7448.241840643
2024-06-08 08:00,86.217499113,86.516821687,86.156862773,86.33684223,86.516821687,0.347171487,64586.181753425,139.500577612
2024-06-08 09:00,86.516821687,86.516821687,85.605016929,86.060919308,86.093182148,-0.489661467,74058.096630003,14.665543959
2024-06-08 10:00,86.093182148,86.093182148,85.55788322,85.825532684,85.740578033,-0.40956102,28563.164804768,-61.431408442
2024-06-08 11:00,85.740578033,85.740578033,85.473778268,85.60717815,85.51484551,-0.263273853,38036.975935096,33.167932178
2024-06-08 12:00,85.51484551,85.949501532,85.299478799,85.624490165,85.299478799,-0.251847162,30007.021809468,-21.110916229
2024-06-08 13:00,85.299478799,85.299478799,84.719004493,85.009241646,84.719004493,-0.680513309,60020.540299724,100.021650535
2024-06-08 14:00,84.719004493,84.821454089,83.93369304,84.377573565,84.33450836,-0.453848738,137243.142551387,128.660291737
2024-06-08 15:00,84.33450836,84.337861782,83.604903551,83.971382667,84.096471353,-0.282253388,95286.405172844,-30.57109929
2024-06-08 16:00,84.096471353,84.096471353,83.347760926,83.722116139,84.025192885,-0.084757976,121017.401000852,27.003847801
2024-06-08 17:00,84.025192885,84.025192885,83.397394874,83.71129388,83.397394874,-0.747154502,75201.504079098,-37.858933131
2024-06-08 18:00,83.397394874,84.052448403,83.397394874,83.724921639,83.644618709,0.296440716,41535.138655836,-44.768207545
2024-06-08 19:00,83.644618709,83.656778205,83.537379057,83.597078631,83.537379057,-0.128208668,21822.882208607,-47.459228704
2024-06-08 20:00,83.537379057,83.537379057,82.920269904,83.22882448,82.950350272,-0.702713913,81393.010914151,272.97094919
2024-06-08 21:00,82.950350272,83.636939023,82.950350272,83.293644648,83.468294811,0.624403076,65947.077221979,-18.976977899
2024-06-08 23:00,83.468294811,83.468294811,82.617541615,83.042918213,83.080097352,-0.46508373,13109.2102813,-80.121620497
2024-06-09 00:00,83.080097352,83.080097352,82.492863606,82.786480479,82.492863606,-0.706828428,26048.952953023,98.707263016
2024-06-09 01:00,82.492863606,83.051730909,82.307277552,82.679504231,82.307277552,-0.224972253,50270.331111998,92.9840758
2024-06-09 02:00,82.307277552,82.307277552,82.029569128,82.16842334,82.068474829,-0.290135611,8297.875738721,-83.493492971
2024-06-09 03:00,82.068474829,83.0208143,82.068474829,82.544644565,82.558283063,0.596828727,50432.976299478,507.781773161
2024-06-09 04:00,82.558283063,83.232578402,82.558283063,82.895430733,83.232578402,0.816750681,33562.206221776,-33.451862879
2024-06-09 05:00,83.232578402,83.362564066,82.12528292,82.743923493,82.12528292,-1.330363066,109800.959841495,227.156561508
2024-06-09 06:00,82.12528292,82.602961784,82.058505182,82.330733483,82.602961784,0.581646537,14252.136820384,-87.020025289
2024-06-09 07:00,82.602961784,83.081537762,82.602961784,82.842249773,83.081537762,0.579369029,82815.781340245,481.076244103
2024-06-09 08:00,83.081537762,83.081537762,82.179803604,82.630670683,82.692364868,-0.468422835,111935.637516705,35.162206653
2024-06-09 09:00,82.692364868,83.003798012,82.692364868,82.84808144,83.003798012,0.376616565,25102.120886614,-77.574504918
2024-06-09 10:00,83.003798012,83.003798012,82.703307041,82.853552526,82.703307041,-0.362020749,2250.522985242,-91.034530527
2024-06-09 11:00,82.703307041,83.536267493,82.703307041,83.119787267,83.536267493,1.007167043,43233.893389314,1821.05984577
2024-06-09 12:00,83.536267493,83.741629384,83.536267493,83.638948438,83.741629384,0.245835608,32125.320924183,-25.694129291
2024-06-09 13:00,83.741629384,83.770072087,83.155112796,83.462592441,83.155112796,-0.700388316,46770.147503498,45.586553404
2024-06-09 14:00,83.155112796,83.406970714,82.956297574,83.181634144,83.406970714,0.302877249,15240.69689994,-67.413622335
2024-06-09 15:00,83.406970714,84.064418927,82.952398529,83.508408728,84.064418927,0.788241327,55781.509043289,266.003663806
2024-06-09 16:00,84.064418927,84.193298286,84.062063679,84.127680983,84.062063679,-0.002801718,23597.940534222,-57.695765247
2024-06-09 17:00,84.062063679,84.15945354,84.062063679,84.11075861,84.15945354,0.115854711,23903.029745593,1.292863718
2024-06-09 18:00,84.15945354,84.169238797,84.15945354,84.164346168,84.169238797,0.011627044,677.682710751,-97.164866889
2024-06-09 19:00,84.169238797,84.246817698,83.778009023,84.01241336,84.246817698,0.092170135,12261.678250465,1709.353854826
2024-06-09 20:00,84.246817698,84.888128351,84.246817698,84.567473024,84.888128351,0.761228341,98835.061245274,706.048399138
2024-06-09 21:00,84.888128351,85.851556803,84.655190217,85.25337351,85.133462872,0.289009224,169919.554621368,71.922344642
2024-06-09 22:00,85.133462872,85.638401758,85.079363012,85.358882385,85.079363012,-0.063547116,3931.285271866,-97.68638443
2024-06-09 23:00,85.079363012,85.079363012,84.675620835,84.877491923,84.675620835,-0.47454772,67558.68876847,1618.488588247
2024-06-10 00:00,84.675620835,84.675620835,84.470572494,84.573096664,84.564087498,-0.131718357,45811.609147253,-32.189907794
2024-06-10 01:00,84.564087498,85.041309692,84.501907792,84.771608742,84.586449565,0.026443929,5397.764329368,-88.217474937
2024-06-10 02:00,84.586449565,84.586449565,84.527851188,84.557150377,84.527851188,-0.069276317,36.393481679,-99.325767494
2024-06-10 03:00,84.527851188,85.005620978,84.527851188,84.766736083,85.005620978,0.565221738,50375.757157194,138319.724721558
2024-06-10 04:00,85.005620978,85.248567707,84.447661512,84.848114609,85.248567707,0.285800782,58287.710821216,15.705875426
2024-06-10 05:00,85.248567707,85.260236817,84.670344186,84.965290502,84.670344186,-0.678279455,23658.545966714,-59.410747766
2024-06-10 06:00,84.670344186,84.670344186,84.203255192,84.436799689,84.203255192,-0.551655954,60312.488448394,154.928973798
2024-06-10 07:00,84.203255192,84.203255192,83.921562112,84.062408652,83.921562112,-0.334539418,28379.092827137,-52.946572829
2024-06-10 08:00,83.921562112,84.472322836,83.7374548,84.104888818,83.7374548,-0.219380224,14315.08631694,-49.55763243
2024-06-10 09:00,83.7374548,83.998077697,83.367094153,83.682585925,83.998077697,0.31123814,86933.804303751,507.288020338
2024-06-10 10:00,83.998077697,84.337107067,83.824313277,84.080710172,84.09359141,0.113709403,98139.495797218,12.889912714
2024-06-10 11:00,84.09359141,85.317987222,84.09359141,84.705789316,85.317987222,1.455991819,160552.339738671,63.596051146
2024-06-10 12:00,85.317987222,85.826200817,84.79427993,85.310240373,85.826200817,0.59566993,95620.769073062,-40.442618757
2024-06-10 13:00,85.826200817,86.670550595,85.398955412,86.034753004,86.210291227,0.447521161,122996.904277145,28.629904852
2024-06-10 14:00,86.210291227,86.267982143,86.087342428,86.177662285,86.087342428,-0.142614991,41349.835107491,-66.381401751
2024-06-10 15:00,86.087342428,86.087342428,85.264149419,85.675745923,85.264149419,-0.956230017,124844.795125389,201.923320373
2024-06-10 16:00,85.264149419,85.269701409,84.689934832,84.979818121,84.689934832,-0.673453721,113038.89568788,-9.456461061
2024-06-10 17:00,84.689934832,85.58477786,84.689934832,85.137356346,85.544409145,1.008944351,135112.382319925,19.527337469
2024-06-10 18:00,85.544409145,87.128217602,85.544409145,86.336313373,87.128217602,1.851445901,203141.165247331,50.3497768
2024-06-10 19:00,87.128217602,87.128217602,86.355510328,86.741863965,86.355510328,-0.886862253,94776.005047789,-53.344756622
2024-06-10 20:00,86.355510328,86.727656553,86.165436071,86.446546312,86.727656553,0.430946703,5712.491944798,-93.972639022
2024-06-10 21:00,86.727656553,87.256179046,86.112812464,86.684495755,86.112812464,-0.708936588,183260.124843947,3108.059225551
2024-06-10 22:00,86.112812464,86.112812464,85.428459061,85.770635763,85.894541021,-0.253471506,85680.163088486,-53.246696104
2024-06-10 23:00,85.894541021,85.894541021,84.587967051,85.241254036,84.587967051,-1.521137379,48136.110880519,-43.818838404
2024-06-11 00:00,84.587967051,84.768950542,84.511563745,84.640257143,84.511563745,-0.090324084,29983.815087527,-37.7103498
2024-06-11 01:00,84.511563745,84.539021796,84.456071849,84.497546823,84.456071849,-0.065661896,18617.631875173,-37.907728483
2024-06-11 02:00,84.456071849,84.543198297,84.289063902,84.4161311,84.289063902,-0.197745341,29562.444529438,58.7873513
2024-06-11 03:00,84.289063902,84.370119611,83.852865569,84.11149259,83.852865569,-0.51750288,99692.952405176,237.228378749
2024-06-11 04:00,83.852865569,84.373842881,82.575541262,83.474692072,82.575541262,-1.523292374,87784.059611808,-11.945571383
2024-06-11 05:00,82.575541262,83.122252618,82.339901414,82.731077016,82.339901414,-0.285362766,49169.397008056,-43.988239749
2024-06-11 06:00,82.339901414,82.57898631,82.071376029,82.32518117,82.57898631,0.290363351,10542.932178494,-78.55793884
2024-06-11 07:00,82.57898631,82.57898631,81.362271221,81.970628766,81.860897312,-0.869578364,74760.992132803,609.110054652
2024-06-11 08:00,81.860897312,81.860897312,81.154767477,81.507832395,81.154767477,-0.862597233,78648.606403539,5.200057088
2024-06-11 09:00,81.154767477,81.154767477,80.706526264,80.930646871,80.706526264,-0.552328874,43680.987161904,-44.460570684
2024-06-11 10:00,80.706526264,81.04066929,80.706526264,80.873597777,81.04066929,0.414022312,32517.900487419,-25.555939551
2024-06-11 11:00,81.04066929,81.447338789,80.969603307,81.208471048,81.447338789,0.501809156,87755.120718598,169.867117505
2024-06-11 12:00,81.447338789,81.447338789,80.224915684,80.836127236,80.710083542,-0.905192555,77355.359660698,-11.850887985
2024-06-11 13:00,80.710083542,81.668996452,80.710083542,81.189539997,81.668996452,1.188095549,83388.570103936,7.799343794
2024-06-11 14:00,81.668996452,81.668996452,80.950636615,81.309816534,80.985977362,-0.836326047,45206.457727693,-45.788184554
2024-06-11 15:00,80.985977362,81.610976377,80.985977362,81.29847687,81.143837945,0.194923353,31284.893877751,-30.795520264
2024-06-11 16:00,81.143837945,81.143837945,80.502976626,80.823407286,80.502976626,-0.789784332,102290.085798304,226.963186124
2024-06-11 18:00,80.502976626,80.629479398,78.43625905,79.532869224,79.009987737,-1.854576007,60626.079870673,-40.731225908
2024-06-11 19:00,79.009987737,79.779040343,79.009987737,79.39451404,79.333913869,0.409981246,49330.290131382,-18.631898621
2024-06-11 20:00,79.333913869,79.405118202,78.183611348,78.794364775,79.405118202,0.089752703,140178.894573378,184.163937005
2024-06-11 21:00,79.405118202,79.496611805,79.044933944,79.270772875,79.42644071,0.026852814,11008.334120252,-92.146938986
2024-06-11 22:00,79.42644071,79.42644071,79.269385652,79.347913181,79.269385652,-0.197736493,29129.871285511,164.616525691
2024-06-11 23:00,79.269385652,79.965258506,79.269385652,79.617322079,79.965258506,0.877858267,27235.103297752,-6.504553244
2024-06-12 00:00,79.965258506,80.042321472,79.529374493,79.785847982,80.042321472,0.096370557,376.020488027,-98.619353546
2024-06-12 01:00,80.042321472,80.042321472,79.553671281,79.797996376,79.972040632,-0.087804599,29410.778090741,7721.589255695
2024-06-12 02:00,79.972040632,79.972040632,79.498081987,79.735061309,79.498081987,-0.592655435,260.607514237,-99.113904728
2024-06-12 03:00,79.498081987,79.498081987,79.409486102,79.453784044,79.409486102,-0.111444054,20952.650527969,7939.925705627
2024-06-12 04:00,79.409486102,79.409486102,78.189285551,78.799385826,78.656005896,-0.948854151,93504.569612003,346.266067805
2024-06-12 05:00,78.656005896,79.868927453,78.656005896,79.262466675,79.868927453,1.542058414,105122.82108266,12.42533014
2024-06-12 06:00,79.868927453,80.473717442,79.547842589,80.010780016,80.473717442,0.757228134,74028.967395375,-29.578595178
2024-06-12 07:00,80.473717442,81.515947704,80.473717442,80.994832573,81.042152877,0.706361595,118342.373891178,59.859549653
2024-06-12 08:00,81.042152877,81.042152877,80.218038598,80.630095737,80.620657642,-0.520093827,99733.900006344,-15.724269569
2024-06-12 09:00,80.620657642,81.155371819,80.463945962,80.80965889,81.155371819,0.663247103,93802.700842438,-5.947024195
2024-06-12 11:00,81.155371819,81.506567533,81.155371819,81.330969676,81.506567533,0.432744878,9624.936694834,-89.739168906
2024-06-12 13:00,81.506567533,82.109837713,81.506567533,81.808202623,82.109837713,0.740149165,39260.708978115,307.906152767
2024-06-12 14:00,82.109837713,82.551317466,82.109837713,82.330577589,82.551317466,0.537669743,62567.118221122,59.363189941
2024-06-12 15:00,82.551317466,84.899688667,81.841479937,83.370584302,84.460594467,2.312836499,117588.213338019,87.939314901
2024-06-12 16:00,84.460594467,85.369808189,84.460594467,84.915201328,84.901651342,0.522204323,71855.405671414,-38.892339945
2024-06-12 17:00,84.901651342,85.528853902,84.901651342,85.215252622,85.528853902,0.738740119,74321.952029805,3.432652471
2024-06-12 18:00,85.528853902,85.763674669,85.528853902,85.646264286,85.763674669,0.274551518,21834.017811307,-70.622383811
2024-06-12 19:00,85.763674669,85.828084394,84.659903063,85.243993729,84.933664591,-0.967787448,338235.958225864,1449.123762511
2024-06-12 20:00,84.933664591,85.627708097,84.931354242,85.27953117,85.627708097,0.817159496,42467.819844097,-87.444321394
2024-06-12 21:00,85.627708097,85.627708097,83.519155271,84.573431684,83.519155271,-2.462465564,259891.560901536,511.97292881
2024-06-12 22:00,83.519155271,84.424166702,82.211993622,83.318080162,82.211993622,-1.565104011,75967.800365344,-70.769423947
2024-06-12 23:00,82.211993622,83.244100982,82.137072725,82.690586853,83.244100982,1.255421885,47228.860366269,-37.830422707
2024-06-13 00:00,83.244100982,83.244100982,83.225976573,83.235038777,83.225976573,-0.021772605,144.825323326,-99.693354186
2024-06-13 01:00,83.225976573,83.232716263,83.225976573,83.229346418,83.232716263,0.008098061,19.258016053,-86.702590672
2024-06-13 02:00,83.232716263,83.232716263,83.196874318,83.21479529,83.196874318,-0.043062328,12982.574989827,67313.875625279
2024-06-13 03:00,83.196874318,83.499981012,82.957458486,83.228719749,82.957458486,-0.287770224,21288.456504464,63.977150305
2024-06-13 04:00,82.957458486,83.498784576,82.957458486,83.228121531,83.498784576,0.652534564,11536.068797625,-45.810684794
2024-06-13 05:00,83.498784576,83.498784576,81.875415422,82.687099999,81.875415422,-1.944182974,57488.752621243,398.339197085
2024-06-13 06:00,81.875415422,81.892379177,81.219391022,81.555885099,81.298807861,-0.704249936,127165.405741269,121.20049565
2024-06-13 07:00,81.298807861,81.794320369,81.298807861,81.546564115,81.369311714,0.086721878,21913.137294813,-82.768004264
2024-06-13 08:00,81.369311714,82.465887063,81.369311714,81.917599388,81.886592072,0.635719224,109923.344185233,401.632161139
2024-06-13 09:00,81.886592072,81.886592072,81.040544306,81.463568189,81.040544306,-1.0331945,67896.723712957,-38.232661846
2024-06-13 10:00,81.040544306,81.121147452,81.040544306,81.080845879,81.121147452,0.099460273,2080.548071985,-96.935716544
2024-06-13 11:00,81.121147452,81.615892288,81.088051406,81.351971847,81.615892288,0.609883922,30549.008465384,1368.315434607
2024-06-13 12:00,81.615892288,81.615892288,80.677514806,81.146703547,80.677514806,-1.149748481,6158.011471053,-79.842188731
2024-06-13 13:00,80.677514806,81.783260277,80.659123069,81.221191673,81.246255007,0.704955032,182901.557214338,2870.139923806
2024-06-13 14:00,81.246255007,81.508561555,81.246255007,81.377408281,81.498677178,0.310687762,4212.744187341,-97.69671497
2024-06-13 15:00,81.498677178,82.440246506,81.498677178,81.969461842,81.978035329,0.588179057,32537.361291418,672.355496666
2024-06-13 16:00,81.978035329,81.978035329,81.335099954,81.656567642,81.748593844,-0.279881659,39433.795688046,21.195432337
2024-06-13 17:00,81.748593844,82.030459898,81.288103042,81.65928147,81.552758136,-0.239558503,29541.656420852,-25.085435208
2024-06-13 18:00,81.552758136,81.552758136,79.54492997,80.548844053,79.54492997,-2.461999094,77767.820707608,163.248003429
2024-06-13 19:00,79.54492997,79.808368457,79.087205111,79.447786784,79.546799142,0.002349831,118737.53474261,52.68209095
2024-06-13 20:00,79.546799142,79.546799142,79.517502279,79.53215071,79.517502279,-0.036829718,8567.497149436,-92.784508144
2024-06-13 21:00,79.517502279,80.179228644,79.517502279,79.848365462,80.179228644,0.832176999,8639.499872539,0.84041724
2024-06-13 22:00,80.179228644,80.179228644,79.720923205,79.950075924,79.744026719,-0.54278637,23543.383941048,172.508643884
2024-06-13 23:00,79.744026719,79.834094447,79.704076178,79.769085313,79.704076178,-0.050098475,29747.576971385,26.352171998
2024-06-14 00:00,79.704076178,79.780864087,79.138343522,79.459603805,79.780864087,0.096341258,60014.629269647,101.74627778
2024-06-14 01:00,79.780864087,80.002384784,79.780864087,79.891624436,80.002384784,0.277661441,8702.5926687,-85.499214484
2024-06-14 02:00,80.002384784,80.002384784,79.337558394,79.669971589,79.337558394,-0.831008215,9046.490449458,3.951670426
2024-06-14 03:00,79.337558394,80.068912547,79.178477095,79.623694821,79.514299585,0.22277115,179888.003626274,1888.483872628
2024-06-14 04:00,79.514299585,80.061812816,79.38697585,79.724394333,80.061812816,0.688572035,17699.549051898,-90.16079522
2024-06-14 05:00,80.061812816,80.181884017,79.990637544,80.08626078,79.990637544,-0.0889004,17990.403410974,1.643286833
2024-06-14 06:00,79.990637544,80.054179307,79.990637544,80.022408425,80.045183771,0.068190764,14769.642380146,-17.902661532
2024-06-14 07:00,80.045183771,80.962695213,80.045183771,80.503939492,80.507172817,0.57716033,104713.969979844,608.981079465
2024-06-14 08:00,80.507172817,80.916304643,80.507172817,80.71173873,80.916304643,0.508193011,31897.580050578,-69.538371951
2024-06-14 09:00,80.916304643,80.916364234,80.76037972,80.838371977,80.76037972,-0.192699016,29639.191161534,-7.080126096
2024-06-14 10:00,80.76037972,80.770641123,80.76037972,80.765510421,80.770641123,0.012705986,3054.750129025,-89.693544225
2024-06-14 11:00,80.770641123,80.770641123,80.752547475,80.761594299,80.752547475,-0.022401268,341.196127563,-88.830637101
2024-06-14 12:00,80.752547475,81.268546657,80.752547475,81.010547066,80.787848441,0.043714988,1709.042976108,400.897530202
2024-06-14 13:00,80.787848441,81.257206095,80.728594171,80.992900133,81.257206095,0.580975559,8697.089157295,408.886510104
2024-06-14 14:00,81.257206095,81.536994607,81.257206095,81.397100351,81.536994607,0.344324553,45048.514766235,417.972323285
2024-06-14 15:00,81.536994607,81.764348183,81.121464441,81.442906312,81.764348183,0.278834874,49114.833024067,9.026531238
2024-06-14 16:00,81.764348183,81.764348183,81.178713616,81.4715309,81.178713616,-0.716246849,7473.541272355,-84.783535213
2024-06-14 17:00,81.178713616,81.178713616,79.882298795,80.530506205,79.882298795,-1.596988624,74569.412691318,897.778830327
2024-06-14 18:00,79.882298795,79.900894325,79.876321981,79.888608153,79.876321981,-0.007482025,3730.500420421,-94.997277991
2024-06-14 19:00,79.876321981,79.876321981,76.519100025,78.197711003,76.943384926,-3.671847905,415988.333435042,11051.006207047
2024-06-14 20:00,76.943384926,77.52470574,76.581111463,77.052908601,77.331588929,0.504532006,45821.292384451,-88.984957341
2024-06-14 21:00,77.331588929,77.331588929,76.821541147,77.076565038,77.059292362,-0.352115573,13738.206847893,-70.017853856
2024-06-14 22:00,77.059292362,77.134803627,76.576941167,76.855872397,76.688060245,-0.481748671,48555.761876692,253.435949934
2024-06-14 23:00,76.688060245,77.116446779,76.688060245,76.902253512,77.041266807,0.46057569,14418.54612027,-70.305179935
2024-06-15 00:00,77.041266807,79.613737555,77.041266807,78.327502181,79.37114561,3.024195862,73223.106211364,407.839733636
2024-06-15 01:00,79.37114561,79.37114561,78.553436366,78.962290988,79.054925844,-0.398406453,10261.567516752,-85.985888816
2024-06-15 02:00,79.054925844,79.054925844,78.45512843,78.755027137,78.45512843,-0.758709729,100.0626776,-99.024879216
2024-06-15 03:00,78.45512843,78.62678183,78.450131971,78.538456901,78.533247373,0.099571492,33355.241698342,33234.348528552
2024-06-15 04:00,78.533247373,78.533247373,78.396722161,78.464984767,78.396722161,-0.173843838,21743.535572682,-34.812238
2024-06-15 05:00,78.396722161,78.702612851,78.207842537,78.455227694,78.240096256,-0.199786293,13837.27135214,-36.361447264
2024-06-15 06:00,78.240096256,78.788395577,78.240096256,78.514245917,78.314190324,0.09470089,5080.1486216,-63.286485519
2024-06-15 07:00,78.314190324,79.224117402,78.314190324,78.769153863,79.224117402,1.161892978,13725.769703703,170.184412427
2024-06-15 08:00,79.224117402,79.374110134,78.835558212,79.104834173,78.923421817,-0.379550564,68210.023049198,396.948619434
2024-06-15 09:00,78.923421817,79.488283268,78.923421817,79.205852542,79.461017713,0.681161415,21720.466620029,-68.156488374
2024-06-15 11:00,79.461017713,79.612069282,79.150178709,79.381123996,79.612069282,0.190095185,6692.503523129,-69.188030625
2024-06-15 12:00,79.612069282,79.612069282,78.864552873,79.238311078,78.864552873,-0.938948599,40497.49607273,505.117291799
2024-06-15 13:00,78.864552873,78.864552873,78.578429467,78.72149117,78.578429467,-0.362803561,26885.736917251,-33.6113599
2024-06-15 14:00,78.578429467,79.392523854,78.578429467,78.98547666,79.392523854,1.036027816,1228.401295456,-95.431029846
2024-06-15 15:00,79.392523854,79.392523854,78.826509161,79.109516507,78.826509161,-0.712931981,15428.262433392,1155.962728992
2024-06-15 16:00,78.826509161,79.137862828,78.826509161,78.982185994,79.055270168,0.290208218,22003.378272778,42.617345069
2024-06-15 17:00,79.055270168,79.055270168,78.981797242,79.018533705,78.981797242,-0.092938682,8120.418752477,-63.094672773
2024-06-15 18:00,78.981797242,79.841750289,78.981797242,79.411773765,79.824835497,1.067382972,606.754026829,-92.528045101
2024-06-15 19:00,79.824835497,80.708282524,79.809191719,80.258737122,80.708282524,1.106732036,179553.761303145,29492.512511459
2024-06-15 20:00,80.708282524,80.708282524,80.170774032,80.439528278,80.170774032,-0.665989259,24185.796991033,-86.530052718
2024-06-15 22:00,80.170774032,80.718379297,79.887799999,80.303089648,79.887799999,-0.352964076,78192.305961485,223.298446565
2024-06-15 23:00,79.887799999,80.023755283,79.548199587,79.785977435,79.548199587,-0.425096714,5434.7861672,-93.049461708
2024-06-16 00:00,79.548199587,79.638974789,79.548199587,79.593587188,79.638974789,0.114113459,6056.643281862,11.442163418
2024-06-16 01:00,79.638974789,80.226795245,79.638974789,79.932885017,79.74079233,0.127848885,1317.652796992,-78.244503834
2024-06-16 02:00,79.74079233,80.193586428,79.709608836,79.951597632,79.709608836,-0.039106075,15000.226978886,1038.405125624
2024-06-16 03:00,79.709608836,80.192672515,79.024747336,79.608709926,79.474821764,-0.294553035,150321.232723508,902.126387388
2024-06-16 04:00,79.474821764,79.490262858,79.474821764,79.482542311,79.490262858,0.019428913,92.262355976,-99.938623204
2024-06-16 05:00,79.490262858,79.509903787,79.024290136,79.267096962,79.024290136,-0.586201008,19388.376043966,20914.395133057
2024-06-16 06:00,79.024290136,79.024290136,78.944039353,78.984164744,78.944039353,-0.101552046,12.041777183,-99.93789177
2024-06-16 07:00,78.944039353,79.544399638,78.871174202,79.20778692,78.92656036,-0.022140991,96764.348334675,803471.988262836
2024-06-16 08:00,78.92656036,79.6705139,78.92656036,79.29853713,79.6705139,0.942589588,18434.194174429,-80.949394595
2024-06-16 09:00,79.6705139,79.704496245,79.149359989,79.426928117,79.149359989,-0.6541365,32054.624623793,73.886768906
2024-06-16 10:00,79.149359989,79.770930906,79.149359989,79.460145447,79.320227759,0.215880166,15090.807380886,-52.921590697
2024-06-16 11:00,79.320227759,79.862589436,79.320227759,79.591408597,79.842919154,0.658963558,12532.563550028,-16.952332412
2024-06-16 12:00,79.842919154,79.842919154,79.674503993,79.758711574,79.674503993,-0.21093312,1676.342427611,-86.624105907
2024-06-16 13:00,79.674503993,79.75785579,79.215495341,79.486675566,79.75785579,0.104615395,8619.957927934,414.212238857
2024-06-16 14:00,79.75785579,79.75785579,79.40074806,79.579301925,79.40074806,-0.447739884,664.059883167,-92.296251458
2024-06-16 15:00,79.40074806,79.491582146,79.40074806,79.446165103,79.491582146,0.114399535,903.30259372,36.02727956
2024-06-16 16:00,79.491582146,79.731944845,79.44308758,79.587516213,79.731944845,0.302375035,17253.668066995,1810.065152801
2024-06-16 17:00,79.731944845,79.83542915,79.686290233,79.760859692,79.83542915,0.129790268,16985.131253762,-1.556404193
2024-06-16 18:00,79.83542915,80.399566758,79.83542915,80.117497954,79.861983142,0.033260912,40941.611354922,141.043832651
2024-06-16 19:00,79.861983142,79.861983142,79.753270301,79.807626722,79.777106447,-0.106279224,37174.3358623,-9.201580905
2024-06-16 20:00,79.777106447,80.427721982,79.777106447,80.102414214,79.796172362,0.023898981,7536.376719511,-79.726936488
2024-06-16 21:00,79.796172362,79.796172362,79.793329238,79.7947508,79.793329238,-0.003562983,402.989750045,-94.652738776
2024-06-16 22:00,79.793329238,80.13854077,79.638675965,79.888608367,80.13854077,0.43263207,3902.770983416,868.45415621
2024-06-16 23:00,80.13854077,80.13854077,79.763489262,79.951015016,79.763489262,-0.468003915,81.995585162,-97.899041847
2024-06-17 00:00,79.763489262,79.797653252,79.763489262,79.780571257,79.776676264,0.01653263,7083.716168315,8539.143381093
2024-06-17 01:00,79.776676264,81.06306856,79.776676264,80.419872412,80.330171603,0.693805965,26520.051640294,274.380494788
2024-06-17 02:00,80.330171603,80.330171603,80.164112996,80.2471423,80.164112996,-0.206720094,8044.285993657,-69.66715562
2024-06-17 03:00,80.164112996,80.569687804,80.04691425,80.308301027,80.569687804,0.505930637,38950.104558371,384.195919801
2024-06-17 04:00,80.569687804,80.638443447,79.665132219,80.151787833,79.665132219,-1.122699628,45796.201373954,17.576581355
2024-06-17 05:00,79.665132219,79.730505809,79.014468769,79.372487289,79.014468769,-0.816748095,66190.923685179,44.533654974
2024-06-17 07:00,79.014468769,79.014468769,78.605130421,78.809799595,78.615664647,-0.504722905,12794.882182503,-80.669733144
2024-06-17 08:00,78.615664647,78.615664647,78.538384332,78.577024489,78.538384332,-0.098301421,1773.730131572,-86.137190587
2024-06-17 09:00,78.538384332,78.538384332,77.736021746,78.137203039,77.736021746,-1.0216184,26273.22540712,1381.241421085
2024-06-17 10:00,77.736021746,78.164903887,77.577163002,77.871033445,78.053352567,0.408215925,23642.911772675,-10.01138457
2024-06-17 11:00,78.053352567,78.053352567,77.109652881,77.581502724,77.109652881,-1.209044397,38561.484603984,63.099558019
2024-06-17 12:00,77.109652881,77.548119984,76.48815278,77.018136382,76.48815278,-0.805995199,37722.488394176,-2.175736278
2024-06-17 13:00,76.48815278,76.49106532,75.755732988,76.123399154,76.49106532,0.003807831,73561.551773164,95.007155956
2024-06-17 15:00,76.49106532,76.49106532,76.147255553,76.319160436,76.147255553,-0.449477027,20054.205786222,-72.738196377
2024-06-17 16:00,76.147255553,76.530379891,75.440606281,75.985493086,75.440606281,-0.928003599,41544.08849239,107.158981688
2024-06-17 17:00,75.440606281,75.799141116,75.301479272,75.550310194,75.586328296,0.193161245,39069.580902962,-5.956341032
2024-06-17 18:00,75.586328296,75.586328296,75.495415979,75.540872137,75.495415979,-0.120276139,12867.312034919,-67.065651237
2024-06-17 19:00,75.495415979,75.774586331,74.239015012,75.006800671,75.774586331,0.369784507,162288.783292504,1161.248525349
2024-06-17 20:00,75.774586331,76.682465607,75.774586331,76.228525969,76.682465607,1.198131617,70151.017959325,-56.773957795
2024-06-17 21:00,76.682465607,77.403266402,76.557181945,76.980224173,77.250062893,0.740191753,21293.842483613,-69.645711348
2024-06-17 22:00,77.250062893,77.748809487,76.957357741,77.353083614,76.957357741,-0.378906038,339843.772685414,1495.972041903
2024-06-17 23:00,76.957357741,76.957357741,75.770831108,76.364094424,75.770831108,-1.54179752,71258.916735596,-79.031860383
2024-06-18 00:00,75.770831108,75.934398953,75.631733332,75.783066142,75.934398953,0.215871785,22228.196356593,-68.806435216
2024-06-18 01:00,75.934398953,76.181136136,75.701065953,75.941101045,76.181136136,0.324934662,7584.641669558,-65.878285634
2024-06-18 02:00,76.181136136,76.181136136,75.473365044,75.82725059,75.473365044,-0.92906345,17888.668994449,135.853844833
2024-06-18 03:00,75.473365044,75.473365044,74.598451521,75.035908283,74.7585126,-0.947158569,88844.965660102,396.654981361
2024-06-18 04:00,74.7585126,75.106460564,70.757562444,72.932011504,71.397688834,-4.495573345,744484.579617216,737.959218157
2024-06-18 05:00,71.397688834,71.635267669,70.657610826,71.146439248,71.203985887,-0.271301425,57743.079897229,-92.243885034
2024-06-18 06:00,71.203985887,71.725123036,71.099374121,71.412248578,71.564072637,0.505711508,92812.336471329,60.733262993
2024-06-18 07:00,71.564072637,72.105869544,71.276104029,71.690986787,71.276104029,-0.402392706,26428.781717286,-71.524494779
2024-06-18 08:00,71.276104029,72.239410172,71.276104029,71.757757101,72.239410172,1.351513464,50858.720906006,92.436872233
2024-06-18 09:00,72.239410172,72.266797968,71.657714726,71.962256347,72.062853405,-0.24440505,21253.423168009,-58.210857864
2024-06-18 10:00,72.062853405,72.477719132,72.007615026,72.242667079,72.47382895,0.570301515,62263.281967821,192.956487412
2024-06-18 11:00,72.47382895,72.47382895,72.044850897,72.259339923,72.069110554,-0.558433853,5642.397665918,-90.937840911
2024-06-18 12:00,72.069110554,72.125767325,71.744562222,71.935164773,71.768069784,-0.417711233,23600.15411145,318.264636929
2024-06-18 13:00,71.768069784,71.768069784,71.352958291,71.560514037,71.352958291,-0.578406936,16048.067247475,-32.000159102
2024-06-18 14:00,71.352958291,71.352958291,70.481865202,70.917411746,70.908972642,-0.622238599,76579.782538136,377.190065054
2024-06-18 15:00,70.908972642,70.974676603,70.018184011,70.496430307,70.463841918,-0.627749504,64063.857150296,-16.34364185
2024-06-18 16:00,70.463841918,70.463841918,69.118638882,69.7912404,69.118638882,-1.909068537,146657.998968177,128.924709644
2024-06-18 17:00,69.118638882,70.308159396,68.533234732,69.420697064,69.9372872,1.184410358,111178.716421694,-24.191849607
2024-06-18 18:00,69.9372872,70.391539026,69.44925998,69.920399503,70.391539026,0.649513076,75985.408304982,-31.654717062
2024-06-18 19:00,70.391539026,70.391539026,69.721064166,70.056301596,69.724982023,-0.94692773,30550.500027732,-59.794254306
2024-06-18 20:00,69.724982023,70.313194287,69.724982023,70.019088155,70.313194287,0.843617663,15263.96246936,-50.036947168
2024-06-18 21:00,70.313194287,70.385274632,69.561034257,69.973154445,70.385274632,0.102513256,30819.175131288,101.908090335
2024-06-18 22:00,70.385274632,70.385274632,69.46656354,69.925919086,69.475835317,-1.292087471,16216.469771417,-47.381882538
2024-06-18 23:00,69.475835317,70.550812993,69.475835317,70.013324155,70.550812993,1.547268444,15111.282202091,-6.815216782
2024-06-19 00:00,70.550812993,71.87680507,70.550812993,71.213809031,71.87680507,1.879485183,47045.499292516,211.326985118
2024-06-19 01:00,71.87680507,72.112619597,71.87680507,71.994712333,72.112619597,0.328081538,32133.730591424,-31.696483033
2024-06-19 02:00,72.112619597,72.309162802,71.736266576,72.022714689,72.309162802,0.272550361,7555.259065085,-76.488073666
2024-06-19 03:00,72.309162802,72.309162802,71.676290242,71.992726522,71.676290242,-0.875231486,8076.930160791,6.904741336
2024-06-19 04:00,71.676290242,73.284581359,71.676290242,72.480435801,73.284581359,2.243825834,23682.899281889,193.216591086
2024-06-19 05:00,73.284581359,73.837116659,72.969594515,73.403355587,73.350686348,0.090203133,113399.900293755,378.82608858
2024-06-19 06:00,73.350686348,74.361236476,73.350686348,73.855961412,74.021197814,0.914117508,52159.511695585,-54.003917499
2024-06-19 07:00,74.021197814,74.434341601,74.021197814,74.227769708,74.434341601,0.558142531,7674.020948669,-85.28739879
2024-06-19 08:00,74.434341601,74.434341601,74.040890561,74.237616081,74.040890561,-0.528588056,25718.19996241,235.133304098
2024-06-19 09:00,74.040890561,74.040890561,73.858815816,73.949853189,73.858815816,-0.245911069,22066.989947162,-14.196988983
2024-06-19 10:00,73.858815816,74.238470195,73.830573526,74.03452186,74.126334109,0.36220225,30944.021504752,40.227650345
2024-06-19 11:00,74.126334109,74.126334109,73.151473918,73.638904014,73.151473918,-1.315133417,69367.541455253,124.171061427
2024-06-19 12:00,73.151473918,73.151473918,72.838204561,72.99483924,72.838204561,-0.428247498,49124.090912268,-29.182885999
2024-06-19 13:00,72.838204561,72.838204561,72.449368459,72.64378651,72.456678191,-0.523799801,107407.719742362,118.645714857
2024-06-19 14:00,72.456678191,72.456678191,70.767321921,71.612000056,70.767321921,-2.331539772,212418.708126116,97.768566948
2024-06-19 15:00,70.767321921,70.911209259,70.767321921,70.83926559,70.911209259,0.203324549,9493.202800454,-95.530900793
2024-06-19 16:00,70.911209259,71.029435425,70.911209259,70.970322342,70.926425233,0.021457784,14515.287608236,52.901901638
2024-06-19 17:00,70.926425233,70.926425233,70.238559345,70.582492289,70.673086908,-0.35718468,44490.847123692,206.510269204
2024-06-19 18:00,70.673086908,70.673086908,70.641234629,70.657160769,70.641234629,-0.045069886,140.928078109,-99.683242538
2024-06-19 19:00,70.641234629,70.96908321,70.250924199,70.610003705,70.96908321,0.464103696,12971.627284437,9104.430698636
2024-06-19 20:00,70.96908321,72.182076013,70.96908321,71.575579611,71.568521683,0.84464734,90468.965883573,597.437290633
2024-06-19 22:00,71.568521683,71.568521683,71.274754528,71.421638106,71.274754528,-0.410469783,9792.436884584,-89.175915974
2024-06-19 23:00,71.274754528,71.274754528,70.75865509,71.016704809,70.833367757,-0.619275048,63937.243326441,552.924742636
2024-06-20 00:00,70.833367757,71.57035277,70.833367757,71.201860263,71.28357498,0.635586359,49491.038820669,-22.59434995
2024-06-20 01:00,71.28357498,71.28357498,71.13510545,71.209340215,71.13510545,-0.208280141,7644.473721956,-84.553822461
2024-06-20 02:00,71.13510545,71.510848534,70.886129879,71.198489207,70.886129879,-0.350003797,33974.574651528,344.433140688
2024-06-20 03:00,70.886129879,71.711826579,70.846635651,71.279231115,71.309893257,0.597808595,84133.868221072,147.637738173
2024-06-20 04:00,71.309893257,72.466093937,71.309893257,71.887993597,72.466093937,1.621374858,92951.777735318,10.480808384
2024-06-20 05:00,72.466093937,72.466093937,71.322611528,71.894352733,71.736707622,-1.006520809,40000.783228294,-56.966091233
2024-06-20 06:00,71.736707622,71.736707622,70.893717875,71.315212748,70.893717875,-1.175116304,73151.020953662,82.873971582
2024-06-20 07:00,70.893717875,71.885108956,70.893717875,71.389413415,71.885108956,1.398418803,39664.277952899,-45.777547004
2024-06-20 08:00,71.885108956,72.287645626,71.885108956,72.086377291,72.285930179,0.557585888,32503.742288512,-18.05285772
2024-06-20 09:00,72.285930179,72.285930179,71.920861658,72.103395918,71.920861658,-0.505033996,17501.963739921,-46.1540041
2024-06-20 10:00,71.920861658,73.010218479,71.920861658,72.465540069,73.010218479,1.514660415,47923.536561329,173.818054211
2024-06-20 11:00,73.010218479,73.17201169,72.742292848,72.957152269,72.742292848,-0.366970045,28273.558674572,-41.002770865
2024-06-20 12:00,72.742292848,73.037517291,72.742292848,72.889905069,73.037517291,0.40584979,6446.494746162,-77.199563662
2024-06-20 13:00,73.037517291,73.037517291,72.449050155,72.743283723,72.761350616,-0.378116186,829.694447101,-87.129525738
2024-06-20 14:00,72.761350616,73.527910792,72.761350616,73.144630704,73.029411863,0.368411588,26533.639863213,3098.001379414
2024-06-20 16:00,73.029411863,73.029411863,71.58360018,72.306506022,71.58360018,-1.979766296,34109.467233494,28.551783356
2024-06-20 17:00,71.58360018,71.58360018,70.450838526,71.017219353,70.603828978,-1.368709034,84620.304226543,148.084508759
2024-06-20 18:00,70.603828978,70.947759789,70.515570349,70.731665069,70.575419222,-0.040238266,34261.807961397,-59.511126467
2024-06-20 19:00,70.575419222,70.575419222,69.859407691,70.217413456,69.859407691,-1.014533869,36343.925194522,6.077079282
2024-06-20 20:00,69.859407691,71.182999494,69.859407691,70.521203592,71.182999494,1.894650767,72933.745296216,100.676577739
2024-06-20 21:00,71.182999494,71.238650085,70.942657541,71.090653813,70.942657541,-0.337639541,1439.392950751,-98.026437632
2024-06-20 22:00,70.942657541,70.942657541,70.918995366,70.930826454,70.918995366,-0.033353945,1417.278715424,-1.536358457
2024-06-20 23:00,70.918995366,70.918995366,70.869792364,70.894393865,70.869792364,-0.06937916,4539.416791661,220.291043833
2024-06-21 00:00,70.869792364,70.874692095,70.849167501,70.861929798,70.874692095,0.00691371,2762.671073603,-39.140396214
2024-06-21 01:00,70.874692095,71.237456607,70.811235345,71.024345976,71.237456607,0.511839277,2188.320923874,-20.789668203
2024-06-21 02:00,71.237456607,71.237456607,70.500982887,70.869219747,70.502215645,-1.032098839,38783.047801623,1672.274229913
2024-06-21 03:00,70.502215645,70.591678629,70.145552473,70.368615551,70.591678629,0.126893862,11471.82335082,-70.420521333
2024-06-21 04:00,70.591678629,71.35964976,70.520432064,70.940040912,71.35964976,1.087906033,107509.577042612,837.162068791
2024-06-21 05:00,71.35964976,71.523566681,71.35964976,71.44160822,71.523566681,0.229705333,5627.259832418,-94.765805999
2024-06-21 06:00,71.523566681,71.523566681,70.687720137,71.105643409,70.687720137,-1.16863096,31447.089790978,458.834863281
2024-06-21 07:00,70.687720137,70.687720137,70.582630902,70.635175519,70.592884029,-0.134162069,10791.967558514,-65.682142194
2024-06-21 08:00,70.592884029,70.695396362,70.592884029,70.644140196,70.695396362,0.145216243,142.37524076,-98.680729533
2024-06-21 09:00,70.695396362,71.116835697,70.685874196,70.901354947,71.116835697,0.596134057,4005.7906036,2713.544393134
2024-06-21 10:00,71.116835697,71.116835697,70.404488516,70.760662107,70.404488516,-1.001657588,29807.56254341,644.111849397
2024-06-21 11:00,70.404488516,70.420062589,69.83340045,70.126731519,70.420062589,0.022120852,47910.371428718,60.732268393
2024-06-21 12:00,70.420062589,70.420062589,69.570287718,69.995175153,70.101202745,-0.452796876,13475.838946439,-71.872814707
2024-06-21 13:00,70.101202745,71.214924623,70.101202745,70.658063684,71.214924623,1.588734336,24905.296481091,84.814441461
2024-06-21 14:00,71.214924623,71.600286023,70.52382211,71.062054067,71.600286023,0.541124494,146340.930653715,487.589594707
2024-06-21 15:00,71.600286023,71.600286023,70.666978869,71.133632446,70.666978869,-1.303496405,79155.25822389,-45.910376632
2024-06-21 16:00,70.666978869,70.666978869,70.171326495,70.419152682,70.171326495,-0.701391769,16764.004853471,-78.82136294
2024-06-21 17:00,70.171326495,71.667496104,70.171326495,70.919411299,71.667496104,2.132166631,58210.980056276,247.237909826
2024-06-21 18:00,71.667496104,71.987401822,70.738530598,71.36296621,70.738530598,-1.296215936,111946.940144436,92.3124126
2024-06-21 19:00,70.738530598,71.012137907,70.458340914,70.73523941,70.636823651,-0.14377871,18995.850910468,-83.031379968
2024-06-21 20:00,70.636823651,70.80217787,70.404502382,70.603340126,70.404502382,-0.328895407,32475.724834059,70.962201099
2024-06-21 21:00,70.404502382,71.790064125,70.311639721,71.050851923,71.790064125,1.968001614,58617.821782652,80.497347117
2024-06-21 22:00,71.790064125,71.967587179,71.472155542,71.71987136,71.546787304,-0.338872551,75182.689056662,28.259097268
2024-06-21 23:00,71.546787304,72.286903315,71.546787304,71.91684531,72.286903315,1.034450377,49256.600547288,-34.484119728
2024-06-22 00:00,72.286903315,72.348899116,72.286903315,72.317901215,72.348899116,0.085763531,11747.565415924,-76.150271668
2024-06-22 01:00,72.348899116,72.348899116,71.546360499,71.947629808,71.560226158,-1.090096694,27665.087798513,135.496350257
2024-06-22 02:00,71.560226158,72.158745261,71.560226158,71.85948571,72.158745261,0.836385147,43318.371320619,56.581362171
2024-06-22 03:00,72.158745261,72.158745261,71.606241826,71.882493543,71.606241826,-0.76567772,30193.646529994,-30.298287748
2024-06-22 04:00,71.606241826,72.030688228,71.606241826,71.818465027,71.719230135,0.157791146,60928.820609535,101.793514901
2024-06-22 05:00,71.719230135,72.290988298,71.719230135,72.005109217,71.86136513,0.198182544,23044.192486297,-62.178502299
2024-06-22 06:00,71.86136513,72.374972355,71.86136513,72.118168742,72.374972355,0.71471955,16391.625153298,-28.868737045
2024-06-22 07:00,72.374972355,72.482086435,72.374972355,72.428529395,72.482086435,0.147998785,17430.043806661,6.335056126
2024-06-22 08:00,72.482086435,72.98698251,72.482086435,72.734534472,72.706089366,0.30904592,102520.188837276,488.180901749
2024-06-22 09:00,72.706089366,72.706089366,72.455296815,72.58069309,72.455296815,-0.344940228,45698.335903358,-55.42503733
2024-06-22 10:00,72.455296815,72.575478433,72.135598233,72.355538333,72.135598233,-0.441235626,53124.6423039,16.25071516
2024-06-22 11:00,72.135598233,72.135598233,71.542207483,71.838902858,71.542207483,-0.822604601,27377.21745946,-48.466067211
2024-06-22 12:00,71.542207483,71.542207483,62.430808972,66.986508228,68.206780969,-4.662180036,4880084.05879101,17725.347174224
2024-06-22 13:00,68.206780969,68.206780969,65.834348617,67.020564793,67.10408803,-1.616691072,742135.253195413,-84.792572336
2024-06-22 14:00,67.10408803,67.296246866,66.549379322,66.922813094,66.919807971,-0.27461823,98916.538055761,-86.671359751
2024-06-22 15:00,66.919807971,67.130633405,66.134419754,66.632526579,66.134419754,-1.173625928,202577.424945487,104.796315083
2024-06-22 16:00,66.134419754,66.811498283,66.0021061,66.406802191,66.411996396,0.41971585,89237.713670117,-55.94883601
2024-06-22 17:00,66.411996396,67.020424686,66.411996396,66.716210541,67.007520111,0.896711058,25710.458644655,-71.188797217
2024-06-22 18:00,67.007520111,67.011784161,66.533182271,66.772483216,67.011784161,0.006363539,36995.347980018,43.892213248
2024-06-22 19:00,67.011784161,67.075556737,66.715387535,66.895472136,67.075556737,0.095166211,5324.994471967,-85.606313327
2024-06-22 20:00,67.075556737,67.075556737,66.600369023,66.83796288,66.600369023,-0.708436481,17303.197384106,224.943011212
2024-06-22 21:00,66.600369023,66.981272206,66.477219649,66.729245927,66.981272206,0.571923532,16862.435116215,-2.547287984
2024-06-22 22:00,66.981272206,67.135421922,66.480496626,66.807959274,67.135421922,0.230138531,49755.742754003,195.068549774
2024-06-22 23:00,67.135421922,67.42906223,67.135421922,67.282242076,67.42906223,0.437385064,47817.362927681,-3.895791157
2024-06-23 00:00,67.42906223,67.492655514,67.067645088,67.280150301,67.067645088,-0.535996098,10629.315645093,-77.771012464
2024-06-23 01:00,67.067645088,67.142744466,66.982216755,67.06248061,66.982216755,-0.127376373,26665.677237657,150.86918225
2024-06-23 02:00,66.982216755,67.023278131,66.808235051,66.915756591,66.808235051,-0.259743126,33675.68085827,26.288488975
2024-06-23 03:00,66.808235051,67.29222641,66.691977793,66.992102102,67.29222641,0.724448654,52387.388743995,55.564453068
2024-06-23 04:00,67.29222641,67.423227289,66.918052057,67.170639673,67.423227289,0.194674608,70505.46302769,34.584801262
2024-06-23 05:00,67.423227289,67.492328993,67.423227289,67.457778141,67.492328993,0.102489464,9855.948442262,-86.021014516
2024-06-23 06:00,67.492328993,67.574478032,67.157816334,67.366147183,67.574478032,0.121716112,4535.518416804,-53.981918195
2024-06-23 07:00,67.574478032,67.635144312,67.196953727,67.41604902,67.635144312,0.089776912,3473.462953825,-23.416407241
2024-06-23 08:00,67.635144312,67.855882167,67.427906348,67.641894258,67.427906348,-0.30640574,35716.268625575,928.261107154
2024-06-23 09:00,67.427906348,67.851830661,67.421492189,67.636661425,67.439680607,0.017461998,218.809651392,-99.38736699
2024-06-23 10:00,67.439680607,68.096357452,67.439680607,67.76801903,68.096357452,0.973724725,38473.575263272,17483.125341375
2024-06-23 11:00,68.096357452,68.223686466,68.096357452,68.160021959,68.223686466,0.18698359,27801.180666444,-27.739544671
2024-06-23 12:00,68.223686466,68.466542275,68.084402776,68.275472526,68.084402776,-0.204157378,41262.463242961,48.419823381
2024-06-23 13:00,68.084402776,68.450133804,67.84973571,68.149934757,67.84973571,-0.344670815,15147.503351874,-63.289871323
2024-06-23 14:00,67.84973571,68.052793293,67.704237672,67.878515482,68.052793293,0.299275422,31063.270209308,105.071882063
2024-06-23 15:00,68.052793293,68.088571676,67.500063191,67.794317433,67.856045903,-0.289109941,56601.646263611,82.214061437
2024-06-23 16:00,67.856045903,67.856045903,67.08004133,67.468043616,67.08004133,-1.143604174,62885.461635661,11.101824394
2024-06-23 17:00,67.08004133,67.08004133,66.535320635,66.807680982,66.535320635,-0.812045854,77229.825279098,22.810301889
2024-06-23 18:00,66.535320635,66.745468916,65.907591157,66.326530037,66.30219284,-0.350382013,73985.907665441,-4.200343069
2024-06-23 19:00,66.30219284,66.30219284,65.515849031,65.909020935,65.89199409,-0.618680517,69059.569058311,-6.658482355
2024-06-23 20:00,65.89199409,65.897749518,65.494340594,65.696045056,65.897749518,0.008734639,11541.092918659,-83.288205999
2024-06-23 21:00,65.897749518,66.008366576,65.48778668,65.748076628,66.008366576,0.167861663,18713.015133847,62.142487421
2024-06-23 22:00,66.008366576,66.008366576,65.502506694,65.755436635,65.502506694,-0.766357218,35201.369671684,88.111693492
2024-06-23 23:00,65.502506694,65.502506694,64.409695937,64.956101316,64.982647246,-0.793648174,90808.134529757,157.967617103
2024-06-24 00:00,64.982647246,65.051875604,64.816313718,64.934094661,64.816313718,-0.255966069,40738.032689094,-55.138344268
2024-06-24 01:00,64.816313718,64.816313718,64.42270683,64.619510274,64.42270683,-0.607265155,14161.404396863,-65.237878557
2024-06-24 02:00,64.42270683,64.846580548,64.42270683,64.634643689,64.846580548,0.657957014,10026.04549854,-29.201615761
2024-06-24 03:00,64.846580548,65.012637276,64.607090376,64.809863826,65.012637276,0.256076306,28337.108304447,182.634946237
2024-06-24 04:00,65.012637276,65.012637276,64.464085815,64.738361545,64.851974607,-0.24712529,23338.25147569,-17.640673759
2024-06-24 05:00,64.851974607,64.916234355,64.851974607,64.884104481,64.908802219,0.087626648,6961.47383543,-70.171399333
2024-06-24 06:00,64.908802219,64.908802219,64.349130655,64.628966437,64.761660641,-0.226689713,25489.949236837,266.15736609
2024-06-24 07:00,64.761660641,64.761660641,63.847289388,64.304475015,63.889015888,-1.347471242,57651.27239824,126.172566538
2024-06-24 08:00,63.889015888,63.889015888,62.382982046,63.135998967,62.382982046,-2.357265675,133182.176257369,131.013420376
2024-06-24 09:00,62.382982046,63.472256379,62.382982046,62.927619213,63.472256379,1.746108149,73096.559817377,-45.115358623
2024-06-24 10:00,63.472256379,63.472256379,63.309628004,63.390942191,63.309628004,-0.256219621,62.131890333,-99.915000254
2024-06-24 11:00,63.309628004,63.597641074,62.725354026,63.16149755,63.597641074,0.454927757,45311.85802409,72828.503835179
2024-06-24 12:00,63.597641074,63.597641074,61.089853424,62.343747249,62.198022352,-2.200739995,46831.414851566,3.353552235
2024-06-24 13:00,62.198022352,62.486903353,62.046208017,62.266555685,62.335563894,0.221134912,62906.502337066,34.325436326
2024-06-24 14:00,62.335563894,62.464797493,61.999664995,62.232231244,62.464797493,0.207319211,53760.249003148,-14.539440271
2024-06-24 15:00,62.464797493,62.890981524,62.464797493,62.677889509,62.890981524,0.682278737,51325.190396837,-4.529477916
2024-06-24 16:00,62.890981524,63.097714215,62.575395701,62.836554958,63.097714215,0.328715955,49465.026116289,-3.624271564
2024-06-24 17:00,63.097714215,63.345171595,62.718981533,63.032076564,62.81908569,-0.441582597,50109.835973028,1.303567202
2024-06-24 18:00,62.81908569,62.917590743,62.581803745,62.749697244,62.581803745,-0.377722697,21650.241348272,-56.794427825
2024-06-24 19:00,62.581803745,62.581803745,61.935129263,62.258466504,62.303146497,-0.445268803,66172.28239492,205.64223895
2024-06-24 20:00,62.303146497,62.716804287,62.026811952,62.37180812,62.161543307,-0.227280961,120408.029355821,81.961427048
2024-06-24 21:00,62.161543307,62.595108238,62.103540804,62.349324521,62.595108238,0.697480963,10646.174653142,-91.158251896
2024-06-24 22:00,62.595108238,62.595108238,61.814501741,62.204804989,61.814501741,-1.247072684,66114.235642124,521.014005464
2024-06-24 23:00,61.814501741,62.50510648,61.673207311,62.089156896,61.673207311,-0.228578127,29645.786276008,-55.159753436
2024-06-25 00:00,61.673207311,63.523379497,61.673207311,62.598293404,63.523379497,2.999961031,118097.701251549,298.362519894
2024-06-25 01:00,63.523379497,63.80710194,63.242688701,63.524895321,63.80710194,0.446642551,41919.797982843,-64.50413722
2024-06-25 02:00,63.80710194,64.694443596,63.33187695,64.013160273,64.681655391,1.370620862,435945.184688308,939.950585799
2024-06-25 03:00,64.681655391,64.795730254,64.29868932,64.547209787,64.29868932,-0.592078339,22972.12064465,-94.730502492
2024-06-25 04:00,64.29868932,64.715213286,64.29868932,64.506951303,64.663115258,0.566770399,29756.073060528,29.531241459
2024-06-25 05:00,64.663115258,64.921413472,64.281341971,64.601377722,64.921413472,0.399452165,45345.619605382,52.391142182
2024-06-25 06:00,64.921413472,65.276844947,64.705813846,64.991329396,65.028519238,0.164977563,70308.64523023,55.050577855
2024-06-25 07:00,65.028519238,65.23375354,64.835003461,65.034378501,64.953025764,-0.11609287,39876.533293989,-43.283598819
2024-06-25 08:00,64.953025764,64.953025764,64.894743106,64.923884435,64.894743106,-0.089730474,7507.488336894,-81.173166981
2024-06-25 09:00,64.894743106,65.209498813,64.894743106,65.05212096,65.209498813,0.485024968,26352.217989414,251.012439938
2024-06-25 10:00,65.209498813,65.393250739,64.883782361,65.13851655,64.883782361,-0.499492341,33622.302613691,27.588131774
2024-06-25 11:00,64.883782361,64.883782361,64.482118037,64.682950199,64.482118037,-0.619051957,25502.477220958,-24.150116921
2024-06-25 12:00,64.482118037,65.520251091,64.482118037,65.001184564,65.503377994,1.58378786,25060.818060628,-1.731828467
2024-06-25 13:00,65.503377994,65.637564457,65.111933595,65.374749026,65.111933595,-0.597594218,21898.251194831,-12.619567558
2024-06-25 14:00,65.111933595,66.199874569,65.111933595,65.655904082,65.799886985,1.056570359,345541.302145932,1477.940170069
2024-06-25 15:00,65.799886985,66.151283907,65.711081418,65.931182662,66.120164354,0.486744558,11111.923496739,-96.784198176
2024-06-25 16:00,66.120164354,66.241390829,66.120164354,66.180777592,66.188762749,0.103748071,21349.748756598,92.133691011
2024-06-25 17:00,66.188762749,67.228173315,66.188762749,66.708468032,66.910079584,1.089787458,88348.485736299,313.815107351
2024-06-25 18:00,66.910079584,67.795823703,66.910079584,67.352951643,67.334101726,0.633719382,90795.944242724,2.770232547
2024-06-25 19:00,67.334101726,67.349112282,67.334101726,67.341607004,67.334449576,0.000516603,16465.76162594,-81.865091262
2024-06-25 20:00,67.334449576,67.334449576,66.748253133,67.041351354,66.748253133,-0.870574345,18397.786694912,11.733590664
2024-06-25 21:00,66.748253133,67.319092367,66.626333563,66.972712965,67.319092367,0.855212245,38553.103806822,109.552944852
2024-06-25 22:00,67.319092367,67.319092367,66.917317254,67.11820481,66.917317254,-0.59682194,8898.055339107,-76.920002644
2024-06-25 23:00,66.917317254,66.988305645,66.917317254,66.952811449,66.988305645,0.106083737,5030.379714037,-43.466526985
2024-06-26 00:00,66.988305645,67.321501937,66.912221136,67.116861536,66.912221136,-0.113578793,11898.308348246,136.529030106
2024-06-26 01:00,66.912221136,67.597345025,66.912221136,67.25478308,67.572447772,0.986705605,39759.207115768,234.158486669
2024-06-26 02:00,67.572447772,67.576170169,67.025289873,67.300730021,67.437815151,-0.199241889,14852.678918058,-62.643422755
2024-06-26 03:00,67.437815151,67.437815151,67.346195535,67.392005343,67.346195535,-0.135857924,5230.145160296,-64.786519731
2024-06-26 04:00,67.346195535,67.568044731,66.883527706,67.225786219,67.568044731,0.329416078,8219.378017355,57.153917634
2024-06-26 05:00,67.568044731,67.736213012,67.568044731,67.652128872,67.736213012,0.248887299,14538.037974997,76.875159462
2024-06-26 06:00,67.736213012,67.736213012,67.08443279,67.410322901,67.08443279,-0.962233041,7241.516281952,-50.18917756
2024-06-26 07:00,67.08443279,67.08443279,66.708025824,66.896229307,66.708025824,-0.561094355,28578.300017951,294.645249769
2024-06-26 08:00,66.708025824,66.708025824,66.380253474,66.544139649,66.380253474,-0.491353695,32647.473645483,14.238683284
2024-06-26 09:00,66.380253474,66.380253474,66.351448024,66.365850749,66.351448024,-0.043394607,10297.777875327,-68.457657744
2024-06-26 10:00,66.351448024,66.930635576,66.351448024,66.6410418,66.930635576,0.872908684,12970.42308513,25.953610984
2024-06-26 11:00,66.930635576,66.971125068,66.330722491,66.650923779,66.380992449,-0.821213069,5881.5861857,-54.653860193
2024-06-26 12:00,66.380992449,66.642961462,66.255936797,66.44944913,66.256550556,-0.187466153,14507.719035519,146.663375788
2024-06-26 13:00,66.256550556,66.713568724,66.256550556,66.48505964,66.586819231,0.498469468,10528.309470438,-27.429601823
2024-06-26 14:00,66.586819231,66.586819231,66.282492194,66.434655713,66.482736562,-0.156311219,538.527869551,-94.884954027
2024-06-26 17:00,66.482736562,67.043127727,66.482736562,66.762932145,67.043127727,0.842912301,24364.183410574,4424.219597197
2024-06-26 19:00,67.043127727,67.043127727,66.040674191,66.541900959,66.040674191,-1.495236826,21716.482957982,-10.867183225
2024-06-26 20:00,66.040674191,66.040674191,65.411849205,65.726261698,65.458968196,-0.880829886,22429.104026864,3.281475505
2024-06-26 21:00,65.458968196,66.251213634,65.458968196,65.855090915,66.251213634,1.210293195,197.127353157,-99.121109105
2024-06-26 23:00,66.251213634,67.469261596,66.251213634,66.860237615,67.056501059,1.215505923,44684.866350089,22568.019244591
2024-06-27 00:00,67.056501059,67.131457008,67.056501059,67.093979034,67.131457008,0.111780286,16085.566971932,-64.002204133
2024-06-27 01:00,67.131457008,67.181956251,66.830168388,67.00606232,66.830168388,-0.448803935,20539.144634165,27.686793198
2024-06-27 02:00,66.830168388,66.830168388,66.570161197,66.700164793,66.570161197,-0.389056614,24249.632743814,18.065446131
2024-06-27 03:00,66.570161197,66.819742528,66.288431596,66.554087062,66.642705155,0.108973685,28969.109706556,19.462055416
2024-06-27 04:00,66.642705155,66.642705155,66.200534631,66.421619893,66.200534631,-0.663494261,10281.393128623,-64.509115976
2024-06-27 05:00,66.200534631,66.618509063,66.200534631,66.409521847,66.238621604,0.057532726,14197.606835451,38.090302139
2024-06-27 06:00,66.238621604,66.649922305,66.238621604,66.444271954,66.649922305,0.620937893,19621.887049494,38.20559533
2024-06-27 07:00,66.649922305,66.649922305,66.638493271,66.644207788,66.638493271,-0.017147859,993.196142216,-94.938325046
2024-06-27 08:00,66.638493271,66.638493271,65.819226558,66.228859914,66.156525196,-0.723257761,60364.063554176,5977.758560307
2024-06-27 09:00,66.156525196,66.156525196,65.678391995,65.917458596,65.678391995,-0.722730221,7457.593885289,-87.64563973
2024-06-27 10:00,65.678391995,65.922058814,65.539619301,65.730839057,65.922058814,0.370999976,10819.108863205,45.075060799
2024-06-27 11:00,65.922058814,65.922058814,65.408106054,65.665082434,65.408106054,-0.779636997,21120.21217602,95.212123688
2024-06-27 12:00,65.408106054,66.267944726,65.408106054,65.83802539,66.267944726,1.314575095,56384.136874403,166.967663035
2024-06-27 13:00,66.267944726,66.703957831,66.247683363,66.475820597,66.703957831,0.657954773,126.951965383,-99.774844535
2024-06-27 14:00,66.703957831,66.754244882,66.326126175,66.540185529,66.754244882,0.075388407,10005.351413412,7781.210332756
2024-06-27 15:00,66.754244882,67.492104166,66.754244882,67.123174524,67.492104166,1.105336874,34038.280011868,240.200744636
2024-06-27 16:00,67.492104166,67.974622488,67.492104166,67.733363327,67.605457763,0.167950901,80285.875318821,135.869366169
2024-06-27 17:00,67.605457763,68.06727256,67.527036478,67.797154519,67.527036478,-0.115998453,34604.727951626,-56.898112135
2024-06-27 18:00,67.527036478,67.527036478,67.188490407,67.357763443,67.188490407,-0.501348925,35112.511871875,1.467383073
2024-06-27 19:00,67.188490407,67.188490407,67.055485222,67.121987815,67.055485222,-0.197958287,22974.053982513,-34.5701781
2024-06-27 20:00,67.055485222,67.055485222,66.995000206,67.025242714,66.995000206,-0.090201444,14135.999989776,-38.469718925
2024-06-27 21:00,66.995000206,67.522237946,66.995000206,67.258619076,67.110523278,0.172435362,7414.136397566,-47.55138368
2024-06-27 23:00,67.110523278,67.404101742,66.867946275,67.136024008,66.867946275,-0.361458965,50999.799722657,587.872423542
2024-06-28 00:00,66.867946275,66.867946275,66.663294954,66.765620614,66.663294954,-0.306052947,17554.862352664,-65.578566096
2024-06-28 01:00,66.663294954,66.761487171,66.663294954,66.712391062,66.761487171,0.147295774,450.785313725,-97.432134159
2024-06-28 03:00,66.761487171,66.761487171,66.615187624,66.688337397,66.615187624,-0.219137638,5848.583045611,1197.42093798
2024-06-28 04:00,66.615187624,67.629429402,66.615187624,67.122308513,67.629429402,1.522538348,6061.946185454,3.648116786
2024-06-28 05:00,67.629429402,67.68773646,67.561502363,67.624619411,67.561502363,-0.100440059,51992.390252557,757.684787392
2024-06-28 06:00,67.561502363,67.748773956,67.381747503,67.565260729,67.385215908,-0.260927376,24386.854142914,-53.095339482
2024-06-28 07:00,67.385215908,67.385215908,67.107456736,67.246336322,67.107456736,-0.412196011,28624.961018854,17.378653479
2024-06-28 08:00,67.107456736,67.107456736,66.921123476,67.014290106,66.921123476,-0.277664016,27942.382823784,-2.384555894
2024-06-28 09:00,66.921123476,67.182956133,66.75957693,66.971266531,67.182956133,0.391255619,16095.491917822,-42.397568528
2024-06-28 10:00,67.182956133,67.248605851,66.86496905,67.05678745,67.057941035,-0.186081567,19101.613608461,18.676792893
2024-06-28 11:00,67.057941035,67.057941035,66.548734519,66.803337777,66.989932727,-0.101417233,7055.894881554,-63.061262644
2024-06-28 12:00,66.989932727,66.989932727,66.620161675,66.805047201,66.620161675,-0.551980031,32.059264626,-99.545638574
2024-06-28 13:00,66.620161675,67.05537652,66.620161675,66.837769098,66.716591708,0.144746021,6755.06017269,20970.539987108
2024-06-28 14:00,66.716591708,67.469910224,66.716591708,67.093250966,67.469910224,1.129132194,12013.073850584,77.838147159
2024-06-28 15:00,67.469910224,67.479558128,66.977219599,67.228388863,67.151342527,-0.472162621,13775.286180103,14.669120921
2024-06-28 16:00,67.151342527,67.793032094,66.926035016,67.359533555,67.793032094,0.9555871,10748.361241518,-21.973590233
2024-06-28 17:00,67.793032094,67.793032094,66.986544613,67.389788353,66.986544613,-1.189631818,9430.129793746,-12.26448775
2024-06-28 18:00,66.986544613,66.986544613,66.379279558,66.682912085,66.956912452,-0.044235991,33216.98120432,252.243096658
2024-06-28 19:00,66.956912452,66.956912452,65.721836001,66.339374226,65.721836001,-1.844583935,36201.91393393,8.986164972
2024-06-28 20:00,65.721836001,65.897048753,65.684835652,65.790942202,65.684835652,-0.056298411,33636.382055956,-7.086729952
2024-06-28 21:00,65.684835652,66.03426743,65.519321864,65.776794647,65.532085014,-0.232550841,21624.434720719,-35.711175225
2024-06-28 22:00,65.532085014,65.650899714,65.231898003,65.441398858,65.621636713,0.136653211,4225.335436434,-80.460365827
2024-06-28 23:00,65.621636713,65.644243271,65.409811323,65.527027297,65.409811323,-0.32279809,5938.654874681,40.548720073
2024-06-29 00:00,65.409811323,65.409811323,65.157936123,65.283873723,65.157936123,-0.385072507,34931.242335028,488.201252172
2024-06-29 01:00,65.157936123,65.446156599,65.051591195,65.248873897,65.051591195,-0.163211013,7238.965319914,-79.27653059
2024-06-29 02:00,65.051591195,65.051591195,65.002014732,65.026802964,65.007352292,-0.068005873,10403.543965537,43.715897311
2024-06-29 03:00,65.007352292,65.026477774,65.00299135,65.014734562,65.00299135,-0.006708383,1237.2886988,-88.107045994
2024-06-29 04:00,65.00299135,65.677210027,65.00299135,65.340100689,65.677210027,1.037211769,19272.10895093,1457.608096608
2024-06-29 05:00,65.677210027,65.789227097,65.398010819,65.593618958,65.398010819,-0.425108205,21285.785793735,10.448658463
2024-06-29 06:00,65.398010819,65.87132799,65.398010819,65.634669404,65.494718948,0.147876255,8801.234026034,-58.652059589
2024-06-29 07:00,65.494718948,65.514557173,65.494718948,65.504638061,65.501128151,0.009785831,201.519577476,-97.710325883
2024-06-29 08:00,65.501128151,65.501128151,65.352591289,65.42685972,65.352591289,-0.226769928,15471.749786433,7577.541795291
2024-06-29 09:00,65.352591289,65.352591289,65.211992467,65.282291878,65.211992467,-0.215138864,28427.982594842,83.741225054
2024-06-29 10:00,65.211992467,65.7518156,65.211992467,65.481904033,65.377044439,0.253100642,6030.009698715,-78.788471259
2024-06-29 11:00,65.377044439,65.75723506,65.330821363,65.544028211,65.330821363,-0.070702302,14785.66809869,145.201398297
2024-06-29 12:00,65.330821363,65.330821363,65.261695998,65.296258681,65.261695998,-0.105808198,2956.633270447,-80.003384015
2024-06-29 14:00,65.261695998,65.951340315,65.157583088,65.554461701,65.538222003,0.423718691,129569.570591782,4282.334863335
2024-06-29 15:00,65.538222003,65.879739178,65.437825272,65.658782225,65.477690083,-0.092361249,18472.1815825,-85.743426101
2024-06-29 16:00,65.477690083,65.477690083,65.424405681,65.451047882,65.426839964,-0.077660221,7133.288227616,-61.38361787
2024-06-29 17:00,65.426839964,65.426839964,65.231705279,65.329272622,65.231705279,-0.298248677,214.84828,-96.988089179
2024-06-29 18:00,65.231705279,65.59878318,65.179270971,65.389027075,65.59878318,0.562729272,25874.232546286,11943.025220526
2024-06-29 19:00,65.59878318,65.681527113,65.59878318,65.640155146,65.681527113,0.126136384,8343.607959141,-67.753215697
2024-06-29 20:00,65.681527113,65.681527113,65.230978679,65.456252896,65.230978679,-0.685959134,11751.812197684,40.848087005
2024-06-29 21:00,65.230978679,65.568773639,65.164127864,65.366450752,65.164127864,-0.102483231,12781.535241433,8.762248974
2024-06-29 22:00,65.164127864,65.2110124,64.819250986,65.015131693,64.819250986,-0.52924345,41585.787454753,225.358313139
2024-06-29 23:00,64.819250986,65.40455023,64.819250986,65.111900608,65.015792223,0.303214299,51344.320283866,23.466028724
2024-06-30 00:00,65.015792223,65.015792223,64.81969545,64.917743837,64.81969545,-0.301614063,11372.638073444,-77.850250991
2024-06-30 01:00,64.81969545,64.81969545,64.747166891,64.783431171,64.747166891,-0.11189278,16363.812806263,43.887572088
2024-06-30 02:00,64.747166891,65.253191699,64.70853385,64.980862774,64.70853385,-0.05966754,28850.41036573,76.306162306
2024-06-30 03:00,64.70853385,65.274052541,64.656234914,64.965143727,65.274052541,0.873947619,12368.228972222,-57.129798795
2024-06-30 04:00,65.274052541,65.32461423,64.781632999,65.053123615,64.787292227,-0.74571793,9175.911035195,-25.810630966
2024-06-30 05:00,64.787292227,64.787292227,64.366269456,64.576780842,64.366269456,-0.64985394,36512.222572457,297.913868524
2024-06-30 06:00,64.366269456,64.366269456,64.179732455,64.273000956,64.179732455,-0.28980552,1002.846347301,-97.253395503
2024-06-30 07:00,64.179732455,64.22412902,64.179732455,64.201930737,64.22412902,0.069175367,25.689651608,-97.438326252
2024-06-30 08:00,64.22412902,64.22412902,64.152567814,64.188348417,64.152567814,-0.111424174,8181.971832501,31749.290747014
2024-06-30 09:00,64.152567814,64.630868002,64.152567814,64.391717908,64.630868002,0.745566707,10530.851574115,28.707991053
2024-06-30 10:00,64.630868002,65.611831172,64.630868002,65.121349587,65.611831172,1.517793588,65694.457572193,523.828539505
2024-06-30 11:00,65.611831172,65.697947107,64.853682077,65.275814592,64.853682077,-1.155506685,254350.288297945,287.171608835
2024-06-30 12:00,64.853682077,65.006045293,64.749712736,64.877879015,64.749712736,-0.160313705,49911.117103099,-80.377015714
2024-06-30 13:00,64.749712736,65.207995159,64.749712736,64.978853948,65.207995159,0.707775222,12469.525394371,-75.01653716
2024-06-30 14:00,65.207995159,65.207995159,64.634485083,64.921240121,64.634485083,-0.879508831,46495.736284179,272.874947632
2024-06-30 15:00,64.634485083,65.250823398,64.428287565,64.839555482,64.863038567,0.353609197,126388.204089451,171.827514069
2024-06-30 16:00,64.863038567,65.543026767,64.863038567,65.203032667,65.293181129,0.663155121,66465.551116905,-47.41158671
2024-06-30 17:00,65.293181129,65.761043142,65.293181129,65.527112136,65.315688371,0.034471046,17147.804668216,-74.200462676
2024-06-30 18:00,65.315688371,65.992044929,65.315688371,65.65386665,65.992044929,1.035519298,56925.51505121,231.969696137
2024-06-30 19:00,65.992044929,66.19008393,65.777439504,65.983761717,65.777439504,-0.325198932,68822.831830096,20.899796459
2024-06-30 20:00,65.777439504,66.483993461,65.757243926,66.120618694,66.483993461,1.074158499,5173.367708112,-92.483064747
2024-06-30 21:00,66.483993461,66.742827945,66.168969258,66.455898601,66.742827945,0.389318496,8922.305555581,72.466100594
2024-06-30 23:00,66.742827945,66.821847704,66.424945875,66.623396789,66.453355848,-0.433712663,6652.236053541,-25.442633498
2024-07-01 00:00,66.453355848,66.581934111,66.286014416,66.433974264,66.581934111,0.193486485,32505.542217128,388.640841298
2024-07-01 01:00,66.581934111,67.268331528,66.218608395,66.743469961,67.268331528,1.030906395,19290.914118397,-40.653461525
2024-07-01 02:00,67.268331528,67.346993527,66.897948357,67.122470942,67.321358558,0.078829115,12058.525234924,-37.491167288
2024-07-01 03:00,67.321358558,67.321358558,66.800755745,67.061057151,67.23247936,-0.132022288,65.899038635,-99.453506649
2024-07-01 04:00,67.23247936,67.819848035,67.12721494,67.473531488,67.819848035,0.873638278,40259.632198592,60992.897608954
2024-07-01 05:00,67.819848035,68.996444663,67.819848035,68.408146349,68.996444663,1.734885379,207042.792920625,414.268962765
2024-07-01 06:00,68.996444663,69.27503632,68.575682204,68.925359262,69.27503632,0.403776831,88658.591252992,-57.178615105
2024-07-01 07:00,69.27503632,69.710139226,69.045220449,69.377679837,69.045220449,-0.331744137,161255.353440486,81.88350521
2024-07-01 08:00,69.045220449,69.328461592,68.881075401,69.104768496,68.918245475,-0.183901178,44161.306758715,-72.614052299
2024-07-01 09:00,68.918245475,68.918245475,68.875837982,68.897041728,68.897115524,-0.030659444,1365.0258776,-96.909000259
2024-07-01 10:00,68.897115524,69.727185094,68.897115524,69.312150309,69.636462169,1.07311698,74156.265150425,5332.590426841
2024-07-01 11:00,69.636462169,69.636462169,68.67928365,69.15787291,68.67928365,-1.374536398,86077.705467521,16.076106709
2024-07-01 12:00,68.67928365,68.951297465,68.431114848,68.691206157,68.431114848,-0.361344482,38458.419345272,-55.321277285
2024-07-01 13:00,68.431114848,68.833988731,68.28306913,68.558528931,68.345488758,-0.125127422,308384.759287377,701.865403044
2024-07-01 14:00,68.345488758,68.729758442,68.102358794,68.416058618,68.102358794,-0.355736667,121269.42483094,-60.675934469
2024-07-01 15:00,68.102358794,68.447715459,68.102358794,68.275037127,68.447715459,0.507114101,10.271420319,-99.991530082
2024-07-01 16:00,68.447715459,68.816377134,68.40353119,68.609954162,68.40353119,-0.064551854,61410.934684776,597781.624698093
2024-07-01 17:00,68.40353119,68.57798768,68.124367161,68.35117742,68.57798768,0.255040181,43526.478215407,-29.122592843
2024-07-01 18:00,68.57798768,69.08419085,68.57798768,68.831089265,69.08419085,0.738142351,56599.281842649,30.034140512
2024-07-01 19:00,69.08419085,69.280366499,68.843475607,69.061921053,69.280366499,0.283966052,19515.286770415,-65.520257263
2024-07-01 21:00,69.280366499,69.634614668,69.150874189,69.392744428,69.150874189,-0.186910544,9526.286112588,-51.18551818
2024-07-01 22:00,69.150874189,69.603711207,69.150874189,69.377292698,69.603711207,0.654853642,23553.210167756,147.244412874
2024-07-01 23:00,69.603711207,69.701091434,69.23767177,69.469381602,69.701091434,0.13990666,11856.921609265,-49.658999666
2024-07-02 00:00,69.701091434,69.701091434,68.938327293,69.319709364,68.938327293,-1.094336008,21936.156539291,85.007181983
2024-07-02 01:00,68.938327293,68.938327293,68.484567921,68.711447607,68.904500972,-0.049067511,10209.134002541,-53.459786885
2024-07-02 02:00,68.904500972,68.904500972,68.45017922,68.677340096,68.460536248,-0.644318902,10863.073487042,6.40543541
2024-07-02 03:00,68.460536248,68.460536248,68.386060236,68.423298242,68.386060236,-0.108786778,13321.935871957,22.635052482
2024-07-02 04:00,68.386060236,68.386060236,68.222327845,68.304194041,68.231631961,-0.225818354,22231.837274191,66.881431407
2024-07-02 05:00,68.231631961,68.295231494,68.155649148,68.225440321,68.155649148,-0.111360098,19602.190020224,-11.828294808
2024-07-02 06:00,68.155649148,68.633808553,68.155649148,68.39472885,68.633808553,0.701569731,6468.011318676,-67.003629125
2024-07-02 07:00,68.633808553,68.79296392,68.633808553,68.713386236,68.787208847,0.223505438,5061.288291996,-21.748926484
2024-07-02 08:00,68.787208847,68.7958257,68.787208847,68.791517273,68.7958257,0.012526824,6468.685744538,27.807099129
2024-07-02 10:00,68.7958257,68.7958257,68.245197705,68.520511702,68.245197705,-0.800379949,674.17499679,-89.577867539
2024-07-02 11:00,68.245197705,68.575187055,68.112188329,68.343687692,68.575187055,0.483534902,57012.140500581,8356.578895988
2024-07-02 13:00,68.575187055,68.665240067,68.575187055,68.620213561,68.665240067,0.131320113,7464.97572066,-86.906340202
2024-07-02 14:00,68.665240067,68.845044555,68.665240067,68.755142311,68.830071044,0.240050098,30878.913257597,313.650551765
2024-07-02 15:00,68.830071044,68.916286581,68.547937253,68.732111917,68.547937253,-0.409899025,205.844264675,-99.333382419
2024-07-02 16:00,68.547937253,69.202320894,68.547937253,68.875129074,69.202320894,0.954636517,22942.600519025,11045.610763207
2024-07-02 17:00,69.202320894,69.202320894,68.131508937,68.666914916,68.131508937,-1.547364225,23577.188028599,2.765978988
2024-07-02 18:00,68.131508937,68.547935983,68.036544964,68.292240474,68.036544964,-0.13938334,32097.348927343,36.137307335
2024-07-02 19:00,68.036544964,68.511545093,68.036544964,68.274045029,68.103537035,0.098464834,7172.610597971,-77.653573153
2024-07-02 20:00,68.103537035,68.103537035,68.049763783,68.076650409,68.049763783,-0.07895809,7282.267200688,1.528824146
2024-07-02 21:00,68.049763783,68.841006653,68.049763783,68.445385218,68.49097161,0.648360556,32185.453840872,341.970240227
2024-07-02 22:00,68.49097161,68.915638423,68.49097161,68.703305017,68.915638423,0.620033273,688.633490767,-97.860420132
2024-07-02 23:00,68.915638423,68.924896848,68.462851724,68.693874286,68.462851724,-0.657015896,7414.318836523,976.671253421
2024-07-03 00:00,68.462851724,68.923118811,68.462851724,68.692985267,68.923118811,0.672287343,6421.610845927,-13.3890653
2024-07-03 01:00,68.923118811,69.011359819,68.614378806,68.812869313,68.614378806,-0.447948395,13110.429401529,104.161069801
2024-07-03 02:00,68.614378806,69.17034429,68.613517916,68.891931103,69.17034429,0.810275475,13882.431023592,5.888454134
2024-07-03 03:00,69.17034429,69.370489624,69.17034429,69.270416957,69.370489624,0.289351362,8546.390476646,-38.437364017
2024-07-03 04:00,69.370489624,69.370489624,68.694101361,69.032295492,68.694101361,-0.975037465,5275.631519708,-38.270647309
2024-07-03 06:00,68.694101361,68.694101361,66.8804771,67.78728923,67.291160421,-2.042301904,58905.968758376,1016.56715482
2024-07-03 07:00,67.291160421,67.291160421,66.796377127,67.043768774,66.796377127,-0.735287206,16480.533958002,-72.022302145
2024-07-03 08:00,66.796377127,66.859241078,66.796377127,66.827809103,66.859241078,0.094112815,5841.583100905,-64.554649044
2024-07-03 10:00,66.859241078,67.577582218,66.859241078,67.218411648,66.967687942,0.162201757,12445.078016122,113.042899521
2024-07-03 11:00,66.967687942,66.967687942,66.819442586,66.893565264,66.819442586,-0.221368485,664.1852593,-94.663068737
2024-07-03 12:00,66.819442586,67.051691634,66.694032666,66.87286215,66.694032666,-0.187684774,9331.454988986,1304.947619406
2024-07-03 13:00,66.694032666,66.694032666,65.516325274,66.10517897,66.056663237,-0.955661853,85440.85435129,815.621995199
2024-07-03 14:00,66.056663237,66.056663237,65.564540557,65.810601897,65.564540557,-0.745000817,9392.127319799,-89.007451539
2024-07-03 15:00,65.564540557,65.564540557,65.069282183,65.31691137,65.069282183,-0.755375344,20760.626019058,121.042851232
2024-07-03 16:00,65.069282183,65.871965566,65.069282183,65.470623874,65.871965566,1.233582661,19209.829382528,-7.469893418
2024-07-03 17:00,65.871965566,65.901373283,65.871965566,65.886669424,65.901373283,0.044643752,1911.212568478,-90.050861304
2024-07-03 18:00,65.901373283,65.947904707,65.350352926,65.649128816,65.947904707,0.070607669,42399.076809611,2118.438571874
2024-07-03 19:00,65.947904707,65.983531762,65.560106307,65.771819034,65.560478753,-0.587472726,18170.428691093,-57.144282238
2024-07-03 20:00,65.560478753,65.560478753,65.432431843,65.496455298,65.432431843,-0.195311127,15957.168705738,-12.18056009
2024-07-03 21:00,65.432431843,65.432431843,64.909496737,65.17096429,64.909496737,-0.799198642,61149.545333956,283.210495932
2024-07-03 22:00,64.909496737,64.909496737,64.132238778,64.520867757,64.682265974,-0.350073215,21364.273961598,-65.062252148
2024-07-03 23:00,64.682265974,64.682265974,63.967655517,64.324960746,63.967655517,-1.10480121,20624.440614666,-3.462946357
2024-07-04 00:00,63.967655517,64.346056865,63.887258893,64.116657879,64.346056865,0.591551066,12008.045898488,-41.77759231
2024-07-04 01:00,64.346056865,64.390339972,64.2947004,64.342520186,64.2947004,-0.079812918,14723.899468461,22.61694861
2024-07-04 02:00,64.2947004,64.690275481,64.2947004,64.49248794,64.690275481,0.615253013,2081.943871729,-85.86010536
2024-07-04 03:00,64.690275481,64.690275481,64.402658244,64.546466863,64.424107594,-0.411449612,52.11687848,-97.496720292
2024-07-04 04:00,64.424107594,64.775032627,62.381154982,63.578093804,62.381154982,-3.17109959,151922.428592737,291403.315288265
2024-07-04 05:00,62.381154982,62.381154982,61.554026887,61.967590935,62.179621574,-0.323067772,23691.9216991,-84.405250812
2024-07-04 07:00,62.179621574,62.853834745,62.179621574,62.51672816,62.27470116,0.152911169,30863.447318004,30.269919469
2024-07-04 08:00,62.27470116,62.689735745,62.236366097,62.463050921,62.307536548,0.052726688,21266.608655647,-31.094513077
2024-07-04 09:00,62.307536548,62.605796917,61.608302299,62.107049608,61.751794123,-0.891934516,11999.843643674,-43.574249012
2024-07-04 10:00,61.751794123,61.751794123,61.14544648,61.448620302,61.353188745,-0.645496028,57312.596161511,377.61119114
2024-07-04 12:00,61.353188745,61.353188745,60.135955845,60.744572295,60.450577677,-1.471172218,5342.695849693,-90.677972719
2024-07-04 13:00,60.450577677,60.62099432,60.450577677,60.535785999,60.62099432,0.281910694,330.951275087,-93.805537796
2024-07-04 14:00,60.62099432,60.86875349,60.547252288,60.708002889,60.86875349,0.408701923,239.853255439,-27.526112303
2024-07-04 15:00,60.86875349,60.86875349,59.611218814,60.239986152,59.611218814,-2.065977376,62793.861566341,26080.116443049
2024-07-04 16:00,59.611218814,59.611218814,58.675666598,59.143442706,58.675666598,-1.569423063,58520.292263638,-6.80571189
2024-07-04 17:00,58.675666598,58.78972361,58.675666598,58.732695104,58.78972361,0.194385541,3233.408751014,-94.474722142
2024-07-04 18:00,58.78972361,59.75043527,58.78972361,59.27007944,59.75043527,1.634148966,47705.366216663,1375.389283885
2024-07-04 19:00,59.75043527,59.75043527,59.192750311,59.47159279,59.382367934,-0.616007791,21925.539610671,-54.039678658
2024-07-04 20:00,59.382367934,60.312722073,59.382367934,59.847545003,59.968233792,0.986599017,80616.3224379,267.682273136
2024-07-04 21:00,59.968233792,59.968233792,59.572650472,59.770442132,59.592439943,-0.626654856,58200.185063761,-27.805953802
2024-07-04 22:00,59.592439943,59.692517005,59.548632718,59.620574861,59.692517005,0.167935836,658.997819743,-98.867704941
2024-07-04 23:00,59.692517005,60.384131728,59.692517005,60.038324367,60.384131728,1.158628849,73903.099601851,11114.467997883
2024-07-05 00:00,60.384131728,60.602224346,60.118654038,60.360439192,60.572699198,0.31227984,11140.59723272,-84.925399215
2024-07-05 01:00,60.572699198,60.603435862,60.091385838,60.34741085,60.091385838,-0.794604445,15112.72843749,35.654562514
2024-07-05 02:00,60.091385838,60.091385838,57.873158294,58.982272066,57.873158294,-3.69142351,111844.07032891,640.065374638
2024-07-05 03:00,57.873158294,57.873158294,56.181352526,57.02725541,56.9453262,-1.603216623,393316.534936772,251.665076012
2024-07-05 04:00,56.9453262,57.026647333,55.783247196,56.404947264,56.846138285,-0.174180958,135346.686361711,-65.588355856
2024-07-05 05:00,56.846138285,56.846138285,52.751990017,54.799064151,52.751990017,-7.202157248,217348.360599157,60.586392206
2024-07-05 06:00,52.751990017,52.885695631,51.693379919,52.289537775,51.96617614,-1.489638356,174739.46779675,-19.60396328
2024-07-05 07:00,51.96617614,52.679969992,50.965300681,51.822635336,52.224594263,0.497281391,174107.689850397,-0.361554235
2024-07-05 08:00,52.224594263,53.237091517,52.003470979,52.620281248,52.815622092,1.131704012,103207.237035259,-40.722183423
2024-07-05 09:00,52.815622092,52.815622092,51.929984157,52.372803124,52.426642997,-0.736484924,41606.974181905,-59.685991625
2024-07-05 10:00,52.426642997,52.583450308,52.046496536,52.314973422,52.214882746,-0.403917243,37739.301120654,-9.295732596
2024-07-05 11:00,52.214882746,52.541501947,51.896532416,52.219017181,51.896532416,-0.609692704,80150.51662392,112.379440646
2024-07-05 12:00,51.896532416,52.581803875,51.278047829,51.929925852,52.581803875,1.320457125,42257.234105002,-47.277652241
2024-07-05 13:00,52.581803875,53.759404744,52.581803875,53.17060431,53.759404744,2.239559662,62782.342134014,48.571820811
2024-07-05 14:00,53.759404744,54.920911406,53.755965293,54.33843835,54.920911406,2.160564589,99927.753778961,59.165380555
2024-07-05 15:00,54.920911406,55.123362847,54.57860335,54.850983099,54.57860335,-0.623274537,70370.075746904,-29.579047776
2024-07-05 16:00,54.57860335,55.702460978,54.57860335,55.140532164,55.637493991,1.940120443,53172.52519648,-24.438726785
2024-07-05 17:00,55.637493991,55.637493991,54.77655469,55.20702434,55.145092354,-0.885017641,53866.725786974,1.305562578
2024-07-05 18:00,55.145092354,56.364524237,55.145092354,55.754808296,56.364524237,2.211315333,65945.71473846,22.423841017
2024-07-05 19:00,56.364524237,56.364524237,55.746529516,56.055526876,56.29206965,-0.128546435,85268.149812354,29.30051657
2024-07-05 20:00,56.29206965,56.528069416,56.091162782,56.309616099,56.404973447,0.200567855,43073.140031395,-49.485077223
2024-07-05 21:00,56.404973447,56.410856087,56.094599434,56.25272776,56.407149625,0.003858131,12150.505870046,-71.790991181
2024-07-05 22:00,56.407149625,56.496213293,56.407149625,56.451681459,56.486271992,0.140270103,1606.598536343,-86.777517302
2024-07-05 23:00,56.486271992,56.486271992,55.92289335,56.204582671,56.221085263,-0.469471111,2412.314763897,50.150439536
2024-07-06 00:00,56.221085263,56.221085263,55.933961662,56.077523463,55.933961662,-0.51070448,10645.306029461,341.290091524
2024-07-06 01:00,55.933961662,55.933961662,55.861883375,55.897922519,55.904104156,-0.053379924,12729.489984509,19.578431557
2024-07-06 02:00,55.904104156,56.256570107,55.904104156,56.080337132,55.921447451,0.031023294,1365.469684547,-89.273178374
2024-07-06 03:00,55.921447451,57.272567119,55.921447451,56.597007285,57.272567119,2.41610282,62407.513539621,4470.406377078
2024-07-06 04:00,57.272567119,57.272567119,56.027575205,56.650071162,56.027575205,-2.173801485,14826.150130428,-76.243004585
2024-07-06 05:00,56.027575205,56.247147052,55.689787712,55.968467382,56.247147052,0.391899608,35067.79119475,136.526616055
2024-07-06 06:00,56.247147052,56.247147052,55.639403821,55.943275436,55.639403821,-1.080487213,53370.996364802,52.193778241
2024-07-06 07:00,55.639403821,55.962396929,55.103205073,55.532801001,55.103205073,-0.963703259,44203.994293282,-17.175999505
2024-07-06 09:00,55.103205073,56.098627348,55.103205073,55.60091621,56.098627348,1.806468923,40969.375937601,-7.317479806
2024-07-06 10:00,56.098627348,56.694563274,56.098627348,56.396595311,56.694563274,1.062300371,27810.505446721,-32.118796515
2024-07-06 11:00,56.694563274,56.694563274,56.268559852,56.481561563,56.268559852,-0.751400836,5904.998658587,-78.767021441
2024-07-06 12:00,56.268559852,56.351714917,56.02305937,56.187387144,56.351714917,0.147782465,2094.50114907,-64.530031755
2024-07-06 13:00,56.351714917,56.529700439,56.351714917,56.440707678,56.529700439,0.31584757,15864.835645261,657.451751808
2024-07-06 14:00,56.529700439,56.776149365,56.305510411,56.540829888,56.448256997,-0.144071952,18241.822903113,14.982741145
2024-07-06 15:00,56.448256997,56.756596564,56.448256997,56.60242678,56.732676612,0.503858986,9016.753502663,-50.570984322
2024-07-06 16:00,56.732676612,56.790920427,56.228972252,56.50994634,56.790920427,0.102663612,13300.011639115,47.50332961
2024-07-06 17:00,56.790920427,56.930306961,56.771807283,56.851057122,56.930306961,0.245438061,27012.749907872,103.103205026
2024-07-06 18:00,56.930306961,57.423702463,56.887136928,57.155419695,57.423702463,0.866665804,24283.562718996,-10.103329717
2024-07-06 19:00,57.423702463,58.355613717,57.414622063,57.88511789,58.269434947,1.472793373,80737.236280705,232.476898942
2024-07-06 20:00,58.269434947,58.269434947,58.105748279,58.187591613,58.141353612,-0.219808782,8685.085947617,-89.24277527
2024-07-06 21:00,58.141353612,58.177270708,58.130904732,58.15408772,58.130904732,-0.017971512,14131.675140166,62.711978044
2024-07-06 22:00,58.130904732,58.130904732,58.083591204,58.107247968,58.083591204,-0.08139135,63.372077907,-99.551560043
2024-07-06 23:00,58.083591204,58.259304687,58.083591204,58.171447945,58.259304687,0.302518283,8.01619955,-87.35058118
2024-07-07 00:00,58.259304687,58.925323919,58.259304687,58.592314303,58.925323919,1.143198045,25450.496733704,317388.313208068
2024-07-07 01:00,58.925323919,58.925323919,58.530079655,58.727701787,58.916321846,-0.015277087,11566.288367512,-54.553781451
2024-07-07 02:00,58.916321846,58.978472283,58.916321846,58.947397064,58.978472283,0.105489337,1918.201553357,-83.415582489
2024-07-07 03:00,58.978472283,58.978472283,58.261913693,58.620192988,58.261913693,-1.214949392,18093.445447468,843.250484591
2024-07-07 04:00,58.261913693,58.261913693,57.556038705,57.908976199,57.999669409,-0.450112719,157920.550691767,772.805299302
2024-07-07 05:00,57.999669409,58.329269196,57.999669409,58.164469302,58.329269196,0.568278734,5759.251331917,-96.353070385
2024-07-07 06:00,58.329269196,58.329269196,57.625178925,57.97722406,57.646968844,-1.169739242,26701.862864722,363.634269905
2024-07-07 07:00,57.646968844,58.004098352,57.355628206,57.679863279,57.688902553,0.072742262,36480.771936922,36.622572447
2024-07-07 08:00,57.688902553,57.688902553,57.06982898,57.379365767,57.409741447,-0.483907813,3921.103409368,-89.25158871
2024-07-07 09:00,57.409741447,57.528580974,57.409741447,57.46916121,57.528580974,0.207002373,10981.657830836,180.065499028
2024-07-07 10:00,57.528580974,57.562379138,56.597316826,57.079847982,56.597316826,-1.618785189,31340.140924539,185.386245022
2024-07-07 11:00,56.597316826,56.97741885,56.597316826,56.787367838,56.97741885,0.671590184,17253.722490958,-44.946889255
2024-07-07 12:00,56.97741885,57.251684433,56.931701174,57.091692804,56.931701174,-0.080238236,21685.22508093,25.684327497
2024-07-07 13:00,56.931701174,57.376630703,56.931701174,57.154165939,57.376630703,0.781514551,12128.519971767,-44.070121816
2024-07-07 14:00,57.376630703,57.623312018,57.376630703,57.499971361,57.623312018,0.429933427,16712.250703184,37.792993227
2024-07-07 15:00,57.623312018,57.774387973,57.301134534,57.537761253,57.774387973,0.262178535,26057.90164214,55.92095945
2024-07-07 16:00,57.774387973,57.774387973,56.484336136,57.129362055,56.484336136,-2.23291303,44779.308818843,71.845413471
2024-07-07 17:00,56.484336136,56.484336136,55.701977608,56.093156872,55.701977608,-1.385089356,60013.889955716,34.021474513
2024-07-07 18:00,55.701977608,56.105966454,55.701977608,55.903972031,56.105966454,0.725268408,9570.620026573,-84.05265842
2024-07-07 19:00,56.105966454,56.476541797,56.105966454,56.291254125,56.476541797,0.660491862,22783.550940612,138.057209223
2024-07-07 20:00,56.476541797,56.839399145,56.329685528,56.584542337,56.839399145,0.642492151,29598.751882844,29.912812801
2024-07-07 21:00,56.839399145,57.106102463,56.745768609,56.925935536,57.106102463,0.46922262,1138.874443735,-96.152288961
2024-07-07 22:00,57.106102463,57.106102463,56.561786991,56.833944727,56.561786991,-0.953165159,4333.690933889,280.524030347
2024-07-07 23:00,56.561786991,56.561786991,56.392739149,56.47726307,56.393937284,-0.296754603,28007.261123221,546.268078423
2024-07-08 00:00,56.393937284,56.393937284,55.613550756,56.00374402,55.641231142,-1.334728836,49600.617824964,77.09913728
2024-07-08 01:00,55.641231142,55.81932483,55.234019579,55.526672204,55.234019579,-0.731852179,24081.948798933,-51.44828864
2024-07-08 02:00,55.234019579,55.234019579,54.679651613,54.956835596,55.026107969,-0.376419481,29465.333612155,22.354440075
2024-07-08 03:00,55.026107969,55.026107969,53.308901755,54.167504862,53.308901755,-3.120711745,259539.81254063,780.831067304
2024-07-08 04:00,53.308901755,53.308901755,52.371205064,52.840053409,52.991338703,-0.595703608,106742.564755247,-58.872373487
2024-07-08 05:00,52.991338703,54.074490951,52.901978026,53.488234488,54.074490951,2.044017521,44554.738463362,-58.259632823
2024-07-08 06:00,54.074490951,54.08828313,53.680494058,53.884388594,54.08828313,0.025505888,7147.657545488,-83.957581636
2024-07-08 07:00,54.08828313,54.633038007,53.606468207,54.119753107,54.633038007,1.007158752,94633.465266847,1223.978725402
2024-07-08 08:00,54.633038007,54.822356652,54.312943977,54.567650314,54.312943977,-0.585898281,52937.482416697,-44.060505163
2024-07-08 09:00,54.312943977,55.112542185,54.312943977,54.712743081,55.112542185,1.472205611,42370.609112888,-19.961042387
2024-07-08 10:00,55.112542185,55.112542185,54.340752439,54.726647312,54.340752439,-1.40038858,34044.571104378,-19.650503457
2024-07-08 11:00,54.340752439,57.175297201,54.340752439,55.75802482,57.175297201,5.216241283,70982.669570457,108.499232823
2024-07-08 12:00,57.175297201,58.412068194,57.175297201,57.793682697,58.110076723,1.634936008,59022.625153137,-16.849245724
2024-07-08 13:00,58.110076723,58.110076723,57.184141059,57.647108891,57.595553033,-0.885429376,214177.160714018,262.872983298
2024-07-08 14:00,57.595553033,57.595553033,57.024980995,57.310267014,57.584744882,-0.018765599,36339.289552805,-83.033069711
2024-07-08 15:00,57.584744882,58.026766371,57.584744882,57.805755627,58.026766371,0.767601715,17924.216035969,-50.675381229
2024-07-08 16:00,58.026766371,58.026766371,57.093294609,57.56003049,57.093294609,-1.60869168,27880.436251772,55.546196251
2024-07-08 17:00,57.093294609,57.093294609,55.310026629,56.201660619,56.448265539,-1.129780781,34942.155005628,25.32858055
2024-07-08 18:00,56.448265539,56.885450094,56.21765205,56.551551072,56.21765205,-0.408539548,25872.030640083,-25.95754144
2024-07-08 19:00,56.21765205,56.500301044,55.507251501,56.003776272,55.507251501,-1.26366101,36557.012011453,41.299353422
2024-07-08 20:00,55.507251501,56.225524166,55.507251501,55.866387833,56.081379186,1.034329154,39557.372820313,8.207346946
2024-07-08 22:00,56.081379186,56.628694158,56.081379186,56.355036672,56.307908532,0.4039297,20587.28988167,-47.955871652
2024-07-08 23:00,56.307908532,56.307908532,56.174307263,56.241107898,56.261385674,-0.082622245,22662.14175118,10.078314734
2024-07-09 00:00,56.261385674,56.7688746,56.003632269,56.386253435,56.7688746,0.902019956,6166.062575539,-72.79135113
2024-07-09 01:00,56.7688746,57.098782178,56.516981259,56.807881719,57.076343791,0.541615794,13248.446850028,114.860726561
2024-07-09 02:00,57.076343791,57.15152993,57.070932592,57.111231261,57.15152993,0.131729074,17962.987848623,35.585612804
2024-07-09 04:00,57.15152993,57.717779377,56.694758785,57.206269081,56.694758785,-0.799228203,24232.658091577,34.903270524
2024-07-09 05:00,56.694758785,57.435098314,56.694758785,57.064928549,57.435098314,1.305834165,14674.216307721,-39.444462707
2024-07-09 06:00,57.435098314,57.809779413,57.435098314,57.622438864,57.443209089,0.014121635,4033.55920004,-72.512609086
2024-07-09 07:00,57.443209089,57.97334915,57.443209089,57.70827912,57.97334915,0.922894228,586.586482834,-85.457347872
2024-07-09 08:00,57.97334915,57.97334915,57.425318614,57.699333882,57.425318614,-0.945314605,849.61768237,44.840992289
2024-07-09 09:00,57.425318614,58.091348701,57.398695087,57.745021894,58.091348701,1.159819577,24421.373646995,2774.395643328
2024-07-09 10:00,58.091348701,58.091348701,57.970330516,58.030839609,57.970330516,-0.208323938,6780.44407502,-72.235615518
2024-07-09 11:00,57.970330516,58.614104622,57.885931874,58.250018248,58.614104622,1.110523436,13165.007986911,94.161441954
2024-07-09 12:00,58.614104622,58.614104622,58.451483046,58.532793834,58.463546403,-0.256863464,8353.857343781,-36.544988411
2024-07-09 13:00,58.463546403,58.476321933,58.061926069,58.269124001,58.061926069,-0.686958556,16127.837041264,93.058564177
2024-07-09 14:00,58.061926069,58.528471876,58.043092772,58.285782324,58.528471876,0.8035314,19385.805458255,20.200901142
2024-07-09 15:00,58.528471876,58.528471876,58.146330363,58.337401119,58.373136393,-0.265401569,14204.093381453,-26.729413374
2024-07-09 16:00,58.373136393,58.373136393,57.972354616,58.172745504,57.972354616,-0.686585991,4345.302729551,-69.408095168
2024-07-09 17:00,57.972354616,58.956791785,57.972354616,58.464573201,58.491902087,0.896198671,30795.083656801,608.698232861
2024-07-09 18:00,58.491902087,58.491902087,58.065268931,58.278585509,58.127075466,-0.62372159,15596.917067406,-49.352574452
2024-07-09 19:00,58.127075466,58.778952369,58.127075466,58.453013918,58.588062093,0.793066955,3521.83442021,-77.419675921
2024-07-09 20:00,58.588062093,58.595396066,57.929586752,58.262491409,57.929586752,-1.123907018,6815.204606815,93.512919509
2024-07-09 21:00,57.929586752,58.330716451,57.825829432,58.078272942,58.330716451,0.692443572,10256.491164189,50.494251544
2024-07-09 22:00,58.330716451,58.458824703,58.169466468,58.314145586,58.458824703,0.219623998,148.600942423,-98.551152241
2024-07-09 23:00,58.458824703,58.458824703,58.281225483,58.370025093,58.281225483,-0.303802243,87.421838224,-41.17006474
2024-07-10 00:00,58.281225483,58.607483923,58.281225483,58.444354703,58.607483923,0.559800241,522.017761718,497.125126083
2024-07-10 01:00,58.607483923,58.607483923,58.187360936,58.39742243,58.188420675,-0.715033679,3874.078028321,642.135289721
2024-07-10 02:00,58.188420675,58.188420675,58.149030368,58.168725521,58.149030368,-0.067694407,20.933650933,-99.459648185
2024-07-10 03:00,58.149030368,58.149030368,57.907907417,58.028468892,57.907907417,-0.414663752,115.099066297,449.82796201
2024-07-10 04:00,57.907907417,58.038753076,57.907907417,57.973330246,57.972483934,0.111515889,13236.558273348,11400.143918846
2024-07-10 05:00,57.972483934,57.972483934,57.869909855,57.921196895,57.910208213,-0.107422897,21473.426470046,62.228171603
2024-07-10 06:00,57.910208213,58.231968607,57.881194917,58.056581762,58.231968607,0.555619474,17641.624712417,-17.844389031
2024-07-10 07:00,58.231968607,59.307980957,58.231968607,58.769974782,59.307980957,1.847803493,26237.960704976,48.727575451
2024-07-10 08:00,59.307980957,59.37472578,58.998289296,59.186507538,58.998289296,-0.522175355,22152.582413035,-15.570487119
2024-07-10 09:00,58.998289296,59.507447628,58.980863999,59.244155813,59.507447628,0.863005245,35406.39275238,59.82964014
2024-07-10 10:00,59.507447628,59.571474359,59.158838185,59.365156272,59.417850102,-0.15056523,7994.585395937,-77.420502981
2024-07-10 11:00,59.417850102,59.493375924,58.917537485,59.205456705,58.922054402,-0.834422146,23507.655655894,194.044712661
2024-07-10 12:00,58.922054402,58.922054402,58.848668064,58.885361233,58.848668064,-0.124548166,8178.343450595,-65.209872178
2024-07-10 14:00,58.848668064,58.994468124,58.848668064,58.921568094,58.994468124,0.247754222,825.922553736,-89.901102115
2024-07-10 16:00,58.994468124,59.433987593,58.994468124,59.214227859,59.401507003,0.689961097,12394.956415642,1400.74076069
2024-07-10 17:00,59.401507003,59.492979486,59.401507003,59.447243245,59.492979486,0.153990173,9011.152806654,-27.299842739
2024-07-10 18:00,59.492979486,59.701059496,59.492979486,59.597019491,59.701059496,0.349755569,16685.329189131,85.163092305
2024-07-10 19:00,59.701059496,60.376583016,59.701059496,60.038821256,60.252703308,0.924010089,93590.623700465,460.915656141
2024-07-10 20:00,60.252703308,60.252703308,59.199063894,59.725883601,59.199063894,-1.74870065,78824.144717452,-15.77773328
2024-07-10 21:00,59.199063894,59.630084065,59.199063894,59.414573979,59.630084065,0.728086126,21112.0048444,-73.216322334
2024-07-10 22:00,59.630084065,59.630084065,59.618184733,59.624134399,59.618184733,-0.019955249,7451.806817334,-64.703461977
2024-07-11 00:00,59.618184733,59.618184733,59.081806348,59.34999554,59.081806348,-0.899689226,434.516140029,-94.168982762
2024-07-11 01:00,59.081806348,59.341016456,59.081806348,59.211411402,59.341016456,0.438730846,77563.438866752,17750.531135992
2024-07-11 02:00,59.341016456,59.751093489,59.341016456,59.546054972,59.751093489,0.691051581,37589.339664103,-51.537296163
2024-07-11 03:00,59.751093489,59.765990184,59.568113513,59.667051849,59.568113513,-0.306237032,12461.911723386,-66.847218294
2024-07-11 05:00,59.568113513,60.06934321,59.568113513,59.818728361,60.042542639,0.79644813,7514.251708613,-39.702255357
2024-07-11 06:00,60.042542639,60.042542639,58.592880763,59.317711701,58.9516275,-1.816903635,30594.476033844,307.1526643
2024-07-11 07:00,58.9516275,59.221565614,58.9516275,59.086596557,59.221565614,0.457897645,17320.932106987,-43.385426546
2024-07-11 08:00,59.221565614,59.798660772,58.987716733,59.393188753,59.798660772,0.97446792,42814.931092666,147.186068441
2024-07-11 09:00,59.798660772,60.29614277,59.510196148,59.903169459,60.29614277,0.831928327,39511.383472822,-7.715877465
2024-07-11 10:00,60.29614277,61.363625223,60.29614277,60.829883997,61.363625223,1.770399239,127974.559246144,223.892883513
2024-07-11 11:00,61.363625223,61.415769737,61.030464728,61.223117232,61.059632922,-0.495394951,30052.901912551,-76.516502897
2024-07-11 12:00,61.059632922,61.864721959,61.059632922,61.46217744,61.53063277,0.77137681,24214.618244683,-19.426688594
2024-07-11 13:00,61.53063277,62.616292383,61.53063277,62.073462577,62.228707654,1.134516016,102269.717868897,322.347017143
2024-07-11 14:00,62.228707654,63.073991687,62.170497714,62.6222447,63.073991687,1.358350615,78388.679506473,-23.351035732
2024-07-11 15:00,63.073991687,65.225073042,62.990870035,64.107971538,65.225073042,3.410409422,201693.556969879,157.299342507
2024-07-11 16:00,65.225073042,65.225073042,63.523044639,64.374058841,63.523044639,-2.609469524,80439.238635157,-60.118092098
2024-07-11 17:00,63.523044639,64.108966346,61.913581027,63.011273687,62.673832364,-1.33685701,240609.691043653,199.119801637
2024-07-11 18:00,62.673832364,63.214293373,62.142447009,62.678370191,62.142447009,-0.847858405,130954.060036936,-45.574070824
2024-07-11 19:00,62.142447009,62.797215252,61.728992074,62.263103663,62.797215252,1.053657001,173551.917434047,32.528855833
2024-07-11 20:00,62.797215252,63.564027009,62.797215252,63.180621131,63.564027009,1.221091977,74974.480522595,-56.799969928
2024-07-11 21:00,63.564027009,64.330859206,63.564027009,63.947443108,64.083215871,0.816796679,108259.658461168,44.395343198
2024-07-11 22:00,64.083215871,64.522709534,63.600386173,64.061547854,63.643310562,-0.686459479,76312.348371954,-29.509893661
2024-07-11 23:00,63.643310562,63.643310562,63.021260964,63.332285763,63.021260964,-0.977399811,26498.066787734,-65.276829566
2024-07-12 00:00,63.021260964,63.82934583,63.021260964,63.425303397,63.82934583,1.282241664,40716.910320302,53.659927898
2024-07-12 01:00,63.82934583,64.535688053,63.475880435,64.005784244,64.535688053,1.10661047,134952.095057833,231.439920161
2024-07-12 02:00,64.535688053,65.081065267,64.150093976,64.615579622,64.724168867,0.29205672,215751.395484798,59.87257952
2024-07-12 03:00,64.724168867,65.615302998,64.724168867,65.169735932,65.113861454,0.602082026,114019.502959397,-47.15236826
2024-07-12 04:00,65.113861454,65.113861454,63.911537605,64.512699529,64.838126037,-0.423466541,185077.543496427,62.320952725
2024-07-12 05:00,64.838126037,65.05668212,64.755053375,64.905867748,64.755053375,-0.12812317,46805.437411158,-74.710363815
2024-07-12 06:00,64.755053375,65.257267602,64.597234142,64.927250872,65.164659021,0.632546226,101437.062251298,116.720680036
2024-07-12 07:00,65.164659021,65.250915574,63.75554719,64.503231382,64.125910353,-1.594036834,142224.069988297,40.209176835
2024-07-12 08:00,64.125910353,64.452270649,63.39330564,63.922788145,63.912201836,-0.333263912,159138.05898301,11.892494003
2024-07-12 09:00,63.912201836,64.83818518,63.644116679,64.24115093,64.485968545,0.897742047,194991.717404089,22.529908087
2024-07-12 10:00,64.485968545,65.071506351,63.999102677,64.535304514,63.999102677,-0.754995046,90427.857958345,-53.624769728
2024-07-12 11:00,63.999102677,64.710295881,63.630093503,64.170194692,64.687021949,1.074888932,158033.628578361,74.762105557
2024-07-12 12:00,64.687021949,64.739060438,63.469136756,64.104098597,63.469136756,-1.882734984,85452.995154082,-45.927334629
2024-07-12 13:00,63.469136756,63.469136756,62.636955786,63.053046271,62.636955786,-1.311158482,99753.929204469,16.735439202
2024-07-12 14:00,62.636955786,63.051659313,62.578440986,62.81505015,62.578440986,-0.093418971,38199.673588918,-61.706096298
2024-07-12 15:00,62.578440986,63.191548138,62.578440986,62.884994562,63.191548138,0.979741811,27908.361743382,-26.940837129
2024-07-12 16:00,63.191548138,64.106090702,62.857277563,63.481684132,64.106090702,1.447254563,45982.324625656,64.761819588
2024-07-12 17:00,64.106090702,64.106090702,63.28015574,63.693123221,63.28015574,-1.288387659,90425.190599,96.652064321
2024-07-12 18:00,63.28015574,63.454163201,62.980633784,63.217398493,62.980633784,-0.473326831,83100.554484946,-8.100216395
2024-07-12 19:00,62.980633784,63.361506189,62.914702006,63.138104098,63.361506189,0.604745272,16297.199778417,-80.388578777
2024-07-12 20:00,63.361506189,63.518804512,63.361506189,63.440155351,63.39153861,0.047398528,14287.762916544,-12.329951705
2024-07-12 21:00,63.39153861,63.637653112,63.233564871,63.435608991,63.637653112,0.388245036,12633.972227403,-11.574874939
2024-07-12 22:00,63.637653112,63.637653112,63.069561107,63.353607109,63.069561107,-0.89269792,1393.649393757,-88.969032315
2024-07-12 23:00,63.069561107,63.069561107,62.23723269,62.653396898,62.259049169,-1.28510794,22171.144287999,1490.869582215
2024-07-13 00:00,62.259049169,62.467812221,62.259049169,62.363430695,62.432590171,0.278740207,13167.754427698,-40.608593509
2024-07-13 01:00,62.432590171,62.624398837,61.920877044,62.27263794,62.186263316,-0.394548512,161210.787908914,1124.284586974
2024-07-13 02:00,62.186263316,62.472778733,62.186263316,62.329521025,62.472778733,0.460737472,28521.01044259,-82.308249459
2024-07-13 03:00,62.472778733,62.472778733,61.786405179,62.129591956,62.452326428,-0.032737948,186817.038413489,555.015497398
2024-07-13 04:00,62.452326428,62.78110395,62.268777459,62.524940705,62.769613857,0.508047414,52309.163109328,-71.99978998
2024-07-13 05:00,62.769613857,62.839537698,62.411127334,62.625332516,62.839537698,0.111397597,11296.3544416,-78.404635498
2024-07-13 06:00,62.839537698,62.857920643,62.461614682,62.659767662,62.461614682,-0.601409607,8963.762770993,-20.649065879
2024-07-13 07:00,62.461614682,62.461614682,62.214886069,62.338250375,62.214886069,-0.39500838,23026.020134661,156.878954998
2024-07-13 08:00,62.214886069,62.865439982,62.214886069,62.540163025,62.865439982,1.045656359,32381.511156132,40.630082692
2024-07-13 09:00,62.865439982,63.244910573,62.865439982,63.055175278,63.244910573,0.603623536,40479.57650065,25.00829966
2024-07-13 10:00,63.244910573,63.559765993,63.052784376,63.306275185,63.198591854,-0.07323707,45578.637695442,12.596626832
2024-07-13 11:00,63.198591854,63.871386122,63.198591854,63.534988988,63.871386122,1.064571611,37465.080782719,-17.801227336
2024-07-13 12:00,63.871386122,64.633365601,63.555068046,64.094216823,64.633365601,1.19299036,86857.348963307,131.835477593
2024-07-13 13:00,64.633365601,65.204688893,64.467621379,64.836155136,65.086524996,0.701123005,146348.951568813,68.49345889
2024-07-13 14:00,65.086524996,65.318378091,64.735238652,65.026808371,64.735238652,-0.539722077,67023.504074586,-54.202948941
2024-07-13 15:00,64.735238652,65.776015797,64.628858494,65.202437146,65.394219787,1.017963553,298186.146378989,344.897876493
2024-07-13 16:00,65.394219787,65.729405586,65.332003722,65.530704654,65.340463428,-0.082203533,9601.59337876,-96.780000179
2024-07-13 17:00,65.340463428,65.746364602,64.712024226,65.229194414,65.040442238,-0.459165997,141436.882027652,1373.056361047
2024-07-13 18:00,65.040442238,65.040442238,64.461076457,64.750759348,64.461076457,-0.890777739,101367.248133364,-28.330399624
2024-07-13 19:00,64.461076457,65.098276477,64.461076457,64.779676467,65.098276477,0.988503535,24460.648044877,-75.86927879
2024-07-13 20:00,65.098276477,65.098276477,64.708813422,64.903544949,64.708813422,-0.59826938,779.756516554,-96.812200089
2024-07-13 22:00,64.708813422,64.708813422,64.66569743,64.687255426,64.66569743,-0.066630787,4071.710580747,422.177178941
2024-07-13 23:00,64.66569743,64.696139418,64.653391696,64.674765557,64.679617789,0.02152665,17887.910577993,339.321759817
2024-07-14 00:00,64.679617789,64.679617789,64.62548465,64.652551219,64.62548465,-0.083694278,4556.649083278,-74.526655512
2024-07-14 01:00,64.62548465,64.62548465,64.471981881,64.548733265,64.471981881,-0.237526681,21310.239586568,367.67348543
2024-07-14 02:00,64.471981881,64.993251969,64.471981881,64.732616925,64.801435192,0.511002302,12169.497503151,-42.893661736
2024-07-14 03:00,64.801435192,64.80464437,64.653938131,64.72929125,64.653938131,-0.227613881,27599.635886999,126.793553964
2024-07-14 04:00,64.653938131,64.899982567,64.652946337,64.776464452,64.899982567,0.380555993,1561.005453241,-94.344108525
2024-07-14 05:00,64.899982567,64.936367367,64.320629943,64.628498655,64.320629943,-0.89268533,14360.932309344,819.979637453
2024-07-14 06:00,64.320629943,64.974297212,64.320629943,64.647463578,64.974297212,1.016263786,26169.312817916,82.225723611
2024-07-14 07:00,64.974297212,65.867748722,64.974297212,65.421022967,65.867748722,1.37508453,96486.812643118,268.702125709
2024-07-14 08:00,65.867748722,66.354774582,65.867748722,66.111261652,66.354774582,0.739399585,54967.456075503,-43.031120451
2024-07-14 09:00,66.354774582,66.354774582,65.284830645,65.819802613,65.284830645,-1.612459607,102980.456284781,87.348048531
2024-07-14 10:00,65.284830645,65.284830645,65.079314174,65.182072409,65.079314174,-0.314799731,28527.009108263,-72.298618459
2024-07-14 11:00,65.079314174,65.863366213,65.079314174,65.471340193,65.475572114,0.608884629,24950.304972869,-12.537957
2024-07-14 12:00,65.475572114,65.898445167,65.376838072,65.637641619,65.898445167,0.64584858,52595.110867691,110.799470888
2024-07-14 13:00,65.898445167,66.038895898,65.542095038,65.790495468,65.546679839,-0.533799131,34370.155250874,-34.65142542
2024-07-14 14:00,65.546679839,66.079011842,65.546679839,65.812845841,66.049031352,0.766402683,27980.947388439,-18.589406466
2024-07-14 15:00,66.049031352,66.049031352,65.487091806,65.768061579,65.487091806,-0.850791502,17936.126987546,-35.898785918
2024-07-14 16:00,65.487091806,65.487091806,64.917464997,65.202278402,64.917464997,-0.86983067,53908.474293768,200.558054318
2024-07-14 17:00,64.917464997,64.917464997,64.813275708,64.865370353,64.813275708,-0.160495006,5265.821415501,-90.231922746
2024-07-14 19:00,64.813275708,65.342661281,64.813275708,65.077968494,65.013726977,0.309275016,14875.781061698,182.496877276
2024-07-14 20:00,65.013726977,65.013726977,64.856075923,64.93490145,64.856075923,-0.242488873,19707.38990099,32.479698506
2024-07-14 21:00,64.856075923,64.856075923,64.819002238,64.83753908,64.819002238,-0.05716301,469.946890841,-97.615377312
2024-07-14 22:00,64.819002238,65.244371657,64.819002238,65.031686947,65.244371657,0.65624185,5370.035399127,1042.689845126
2024-07-14 23:00,65.244371657,65.572454126,64.883181939,65.227818032,65.572454126,0.502851756,50113.53465959,833.206784218
2024-07-15 00:00,65.572454126,66.050784368,65.572454126,65.811619247,66.050784368,0.729468263,203.593282974,-99.593735935
2024-07-15 01:00,66.050784368,66.779369671,66.050784368,66.415077019,66.779369671,1.103068358,10303.951450008,4961.046857476
2024-07-15 02:00,66.779369671,66.909710651,66.409770256,66.659740454,66.507078955,-0.407746759,14610.305522751,41.793229458
2024-07-15 03:00,66.507078955,66.515503502,66.091942908,66.303723205,66.515503502,0.012667143,42692.041977078,192.204991269
2024-07-15 04:00,66.515503502,66.528035797,66.129618067,66.328826932,66.129618067,-0.580143598,64597.259153473,51.309837061
2024-07-15 05:00,66.129618067,66.837870529,66.101157203,66.469513866,66.780710372,0.984569886,38963.61219401,-39.682251686
2024-07-15 06:00,66.780710372,67.691519575,66.754452942,67.222986259,67.248891226,0.701071988,158194.73236115,306.006331172
2024-07-15 07:00,67.248891226,67.676472642,67.151226603,67.413849622,67.151226603,-0.1452286,42731.010557404,-72.988348019
2024-07-15 08:00,67.151226603,67.151226603,66.984614513,67.067920558,66.984614513,-0.248114738,23866.678859532,-44.146701545
2024-07-15 09:00,66.984614513,67.701126554,66.984614513,67.342870533,67.470018358,0.724649756,21604.158099117,-9.479830745
2024-07-15 10:00,67.470018358,67.470018358,67.453588217,67.461803287,67.453588217,-0.024351767,13490.717643303,-37.554994824
2024-07-15 11:00,67.453588217,67.88293607,67.22461402,67.553775045,67.22461402,-0.339454434,38175.153251,182.973480436
2024-07-15 12:00,67.22461402,67.507103968,66.533255212,67.02017959,66.676544705,-0.815280717,63533.045244693,66.425121667
2024-07-15 14:00,66.676544705,66.779240879,66.676544705,66.727892792,66.779240879,0.154021438,7649.778741589,-87.959370258
2024-07-15 15:00,66.779240879,66.997601222,66.779240879,66.88842105,66.997601222,0.326988358,24076.343383345,214.732545825
2024-07-15 16:00,66.997601222,66.997601222,66.761463455,66.879532338,66.761463455,-0.352457047,14748.935599147,-38.740965086
2024-07-15 17:00,66.761463455,67.160381306,66.483017592,66.821699449,67.160381306,0.597527121,166424.590498921,1028.383735763
2024-07-15 18:00,67.160381306,67.160381306,66.153125313,66.656753309,66.153125313,-1.49977706,112268.121518273,-32.541146004
2024-07-15 19:00,66.153125313,66.370273599,65.87750861,66.123891104,66.351400511,0.299721588,44587.599594904,-60.284719302
2024-07-15 20:00,66.351400511,66.351400511,66.299417966,66.325409239,66.299417966,-0.078344306,9088.019442952,-79.617607753
2024-07-15 21:00,66.299417966,67.080033328,66.299417966,66.689725647,67.080033328,1.177409071,39056.20530385,329.75486077
2024-07-15 22:00,67.080033328,67.080033328,66.42045886,66.750246094,66.42045886,-0.983264967,51066.530823088,30.751388738
2024-07-15 23:00,66.42045886,67.749831545,66.42045886,67.085145203,67.749831545,2.001450618,39477.960401887,-22.693083384
2024-07-16 00:00,67.749831545,67.749831545,67.058298959,67.404065252,67.058298959,-1.020714841,28147.142627402,-28.701629109
2024-07-16 01:00,67.058298959,68.019551766,67.058298959,67.538925363,68.019551766,1.43345838,6532.237103424,-76.792539158
2024-07-16 02:00,68.019551766,68.445160371,68.019551766,68.232356068,68.445160371,0.625715099,6617.275916712,1.301832924
2024-07-16 03:00,68.445160371,68.529707958,67.731517072,68.130612515,67.731517072,-1.042649759,17482.23514497,164.190814544
2024-07-16 04:00,67.731517072,67.947734318,67.489919374,67.718826846,67.947734318,0.319226936,40095.259955084,129.348590856
2024-07-16 05:00,67.947734318,68.223668112,67.685600529,67.95463432,67.685600529,-0.385787388,25144.016570141,-37.289304027
2024-07-16 06:00,67.685600529,67.685600529,67.341167036,67.513383782,67.341167036,-0.508872626,29506.168216098,17.348666764
2024-07-16 07:00,67.341167036,67.616190697,67.28690823,67.451549464,67.616190697,0.408403468,10701.491980893,-63.731339486
2024-07-16 08:00,67.616190697,67.616190697,65.714985254,66.665587976,65.714985254,-2.81176065,79035.474255118,638.546311077
2024-07-16 09:00,65.714985254,65.714985254,65.033045529,65.374015391,65.033045529,-1.037723318,45161.325978287,-42.859423058
2024-07-16 10:00,65.033045529,65.758172934,64.646682085,65.20242751,64.646682085,-0.594103259,107824.387898165,138.753813274
2024-07-16 11:00,64.646682085,65.272676059,63.961166073,64.616921066,64.850420261,0.31515643,156879.90324333,45.495751287
2024-07-16 13:00,64.850420261,65.160288793,64.850420261,65.005354527,64.942494016,0.141978656,52295.185407165,-66.66546554
2024-07-16 15:00,64.942494016,65.451172411,64.379987169,64.91557979,64.379987169,-0.866161447,343011.43438663,555.913984655
2024-07-16 16:00,64.379987169,64.908709012,64.208089622,64.558399317,64.754573423,0.581836484,139259.405325162,-59.400943711
2024-07-16 17:00,64.754573423,64.922826985,64.464484703,64.693655844,64.922826985,0.259832708,34084.772216051,-75.524258389
2024-07-16 18:00,64.922826985,66.010566168,64.922826985,65.466696576,66.010566168,1.675434102,76261.358357965,123.740261119
2024-07-16 19:00,66.010566168,66.580350549,65.702851747,66.141601148,66.245429976,0.355797294,151502.000723157,98.661555453
2024-07-16 20:00,66.245429976,66.868082686,66.245429976,66.556756331,66.868082686,0.939917984,61970.682475789,-59.095799277
2024-07-16 21:00,66.868082686,67.027921393,66.651639681,66.839780537,66.651639681,-0.323686573,30604.092971991,-50.615207467
2024-07-16 22:00,66.651639681,66.702369775,66.536752274,66.619561024,66.702369775,0.076112297,11357.89379459,-62.887664062
2024-07-16 23:00,66.702369775,67.355063869,66.523999887,66.939531878,66.689245919,-0.019675247,203105.106802636,1688.228614176
2024-07-17 00:00,66.689245919,67.058628333,66.4472794,66.752953867,66.4472794,-0.362826892,11474.072981244,-94.350672338
2024-07-17 01:00,66.4472794,66.550239358,66.136886117,66.343562738,66.136886117,-0.46712715,13472.294321234,17.41510049
2024-07-17 02:00,66.136886117,66.898003247,66.118554762,66.508279004,66.898003247,1.150820932,11476.815339607,-14.811723483
2024-07-17 03:00,66.898003247,67.256316178,66.765504462,67.01091032,66.886366094,-0.017395366,33085.645567283,188.282459796
2024-07-17 04:00,66.886366094,68.229957875,66.886366094,67.558161985,68.229957875,2.008767795,21759.033790577,-34.234217234
2024-07-17 05:00,68.229957875,68.229957875,67.628495395,67.929226635,67.628495395,-0.881522573,19183.01640879,-11.838840854
2024-07-17 06:00,67.628495395,68.079161337,67.628495395,67.853828366,67.900740942,0.402560407,561.418914132,-97.073354356
2024-07-17 07:00,67.900740942,68.159339477,67.900740942,68.030040209,68.159339477,0.380847883,28182.17910979,4919.812906266
2024-07-17 08:00,68.159339477,68.352442939,68.159339477,68.255891208,68.352442939,0.283311815,6472.510999791,-77.033319622
2024-07-17 09:00,68.352442939,68.352442939,68.318460507,68.335451723,68.318460507,-0.049716484,1114.800609633,-82.776381382
2024-07-17 10:00,68.318460507,68.318460507,67.758869006,68.038664756,67.758869006,-0.819092669,38085.162461829,3316.320562866
2024-07-17 11:00,67.758869006,67.758869006,66.8890223,67.323945653,67.632731688,-0.186156173,84139.50643914,120.924635738
2024-07-17 12:00,67.632731688,67.709060599,67.272762838,67.490911719,67.709060599,0.112857945,47707.54033683,-43.299476838
2024-07-17 13:00,67.709060599,68.197801398,67.709060599,67.953430999,68.197801398,0.721824811,81242.215232401,70.292189995
2024-07-17 14:00,68.197801398,68.197801398,66.861691928,67.529746663,66.861691928,-1.959167954,55862.967353302,-31.238990476
2024-07-17 15:00,66.861691928,67.418205969,66.861691928,67.139948948,67.418205969,0.832336164,40327.1598611,-27.810566155
2024-07-17 16:00,67.418205969,67.77794991,67.418205969,67.59807794,67.77794991,0.533600584,18532.318253962,-54.045069581
2024-07-17 17:00,67.77794991,68.226592241,67.77794991,68.002271075,68.226592241,0.661929627,76053.16146473,310.381261656
2024-07-17 18:00,68.226592241,68.834817189,67.854166923,68.344492056,67.854166923,-0.545865338,117752.727775933,54.829497562
2024-07-17 19:00,67.854166923,67.854166923,66.396957542,67.125562233,66.396957542,-2.147560638,56608.934794032,-51.925585196
2024-07-17 21:00,66.396957542,67.448967939,66.396957542,66.922962741,67.448967939,1.584425605,26504.82017963,-53.179086877
2024-07-17 22:00,67.448967939,68.178079721,67.363292283,67.770686002,68.178079721,1.08098286,149703.883019893,464.817576597
2024-07-17 23:00,68.178079721,68.669937422,68.178079721,68.424008572,68.342192395,0.240711786,68119.627003689,-54.49708743
2024-07-18 00:00,68.342192395,68.342192395,67.882701431,68.112446913,68.051792423,-0.424920479,20282.074811232,-70.225798785
2024-07-18 01:00,68.051792423,68.490836306,68.051792423,68.271314365,68.240697889,0.277590727,65882.519084296,224.83125961
2024-07-18 02:00,68.240697889,68.674533049,68.127784868,68.401158959,68.674533049,0.635742561,18924.991966073,-71.274638206
2024-07-18 03:00,68.674533049,69.321435185,68.306942276,68.81418873,69.321435185,0.941982576,62360.236395131,229.512617532
2024-07-18 04:00,69.321435185,69.650938463,69.023103102,69.337020783,69.58553269,0.380975242,189341.95109943,203.626095802
2024-07-18 05:00,69.58553269,69.747203703,69.297396895,69.522300299,69.297396895,-0.414074283,50173.142085328,-73.501307136
2024-07-18 07:00,69.297396895,69.407103708,69.048821923,69.227962816,69.048821923,-0.358707517,58206.023921018,16.010322459
2024-07-18 08:00,69.048821923,69.592637095,68.972061116,69.282349106,69.592637095,0.787580666,36901.002647709,-36.602777235
2024-07-18 09:00,69.592637095,72.194086231,69.592637095,70.893361663,72.011077763,3.475138706,455190.728478959,1133.545692036
2024-07-18 10:00,72.011077763,72.724067373,71.853043603,72.288555488,71.853043603,-0.219458124,101015.339981414,-77.808128843
2024-07-18 11:00,71.853043603,71.943712424,71.240406968,71.592059696,71.943712424,0.126186472,98322.305661647,-2.665965704
2024-07-18 12:00,71.943712424,72.597518756,71.943712424,72.27061559,72.126785668,0.25446733,57316.196181728,-41.705805416
2024-07-18 13:00,72.126785668,73.382262655,71.842739984,72.612501319,72.961024588,1.156628446,389457.075549333,579.488698647
2024-07-18 14:00,72.961024588,73.296881849,72.896674627,73.096778238,73.296881849,0.460324211,52261.022349035,-86.581057161
2024-07-18 15:00,73.296881849,73.296881849,72.524123971,72.91050291,73.018393896,-0.379945157,172541.647440849,230.153601452
2024-07-18 16:00,73.018393896,74.238490714,72.777740434,73.508115574,74.238490714,1.670944474,168746.363385817,-2.199633602
2024-07-18 17:00,74.238490714,74.331806346,72.271383179,73.301594763,72.271383179,-2.649713802,154639.403111635,-8.35986032
2024-07-18 18:00,72.271383179,72.271383179,70.570643315,71.421013247,70.570643315,-2.353268733,120868.251777208,-21.838645685
2024-07-18 19:00,70.570643315,71.577780506,70.208822219,70.893301363,71.577780506,1.427133356,88363.069456748,-26.893068976
2024-07-18 20:00,71.577780506,71.864013972,71.151922967,71.50796847,71.151922967,-0.59495773,45553.900767643,-48.446900897
2024-07-18 22:00,71.151922967,71.151922967,70.689534306,70.920728637,70.689534306,-0.649861089,20917.582496312,-54.081687531
2024-07-18 23:00,70.689534306,71.314963557,70.546782964,70.930873261,71.314963557,0.884755087,69782.804624133,233.608363378
2024-07-19 00:00,71.314963557,71.956063455,70.926674677,71.441369066,71.956063455,0.898969679,75619.487785023,8.364070765
2024-07-19 01:00,71.956063455,72.741052674,71.956063455,72.348558065,72.741052674,1.09092852,53207.18834893,-29.638258725
2024-07-19 02:00,72.741052674,72.940721859,72.39734309,72.669032474,72.940721859,0.27449312,31209.840807069,-41.342811422
2024-07-19 03:00,72.940721859,72.940721859,71.657668208,72.299195034,71.657668208,-1.75903613,70949.58376945,127.330809561
2024-07-19 04:00,71.657668208,71.657668208,70.928261751,71.292964979,70.928261751,-1.01790426,49102.110091882,-30.792955387
2024-07-19 05:00,70.928261751,71.40087821,70.928261751,71.16456998,70.930851886,0.003651767,29116.057341873,-40.703042522
2024-07-19 06:00,70.930851886,71.073393839,70.930851886,71.002122862,71.073393839,0.200959032,11570.007952375,-60.262449629
2024-07-19 07:00,71.073393839,71.141824012,71.062439065,71.102131539,71.062439065,-0.015413326,23035.85838769,99.099762788
2024-07-19 08:00,71.062439065,71.062439065,70.882567777,70.972503421,70.882567777,-0.253117245,22394.160733044,-2.785646811
2024-07-19 09:00,70.882567777,71.08379372,70.297972913,70.690883316,70.297972913,-0.824737143,128361.3053452,473.190962034
2024-07-19 10:00,70.297972913,70.297972913,67.695064198,68.996518555,67.695064198,-3.702679617,465278.134126896,262.475383743
2024-07-19 11:00,67.695064198,68.066014788,67.695064198,67.880539493,68.066014788,0.547972876,33456.384061124,-92.809379679
2024-07-19 12:00,68.066014788,68.066014788,67.653416816,67.859715802,67.653416816,-0.606173248,30570.307297643,-8.626385799
2024-07-19 13:00,67.653416816,68.495287357,67.521142285,68.008214821,68.495287357,1.244387321,86770.700076976,183.839803219
2024-07-19 14:00,68.495287357,68.728228971,68.308209157,68.518219064,68.308209157,-0.273125651,7846.581803601,-90.957106723
2024-07-19 15:00,68.308209157,68.722164171,68.308209157,68.515186664,68.722164171,0.606010638,2508.937835117,-68.025085344
2024-07-19 16:00,68.722164171,69.611796406,68.41283561,69.012316008,69.611796406,1.294534661,48865.616141613,1847.661494743
2024-07-19 17:00,69.611796406,70.151333667,69.611796406,69.881565036,70.151333667,0.775065849,48281.929289018,-1.194473535
2024-07-19 18:00,70.151333667,71.005503477,70.151333667,70.578418572,70.541374284,0.555998863,74881.551890999,55.09229435
2024-07-19 19:00,70.541374284,71.240574103,70.541374284,70.890974194,70.702496843,0.228408591,79266.904274523,5.856385549
2024-07-19 20:00,70.702496843,70.702496843,70.417197025,70.559846934,70.417197025,-0.40352156,60770.346399097,-23.334527877
2024-07-19 21:00,70.417197025,70.820786691,70.417197025,70.618991858,70.820786691,0.573140771,732.17356924,-98.795179536
2024-07-19 22:00,70.820786691,72.049790506,70.820786691,71.435288598,72.049790506,1.735371594,119053.524973816,16160.287174442
2024-07-19 23:00,72.049790506,72.295166271,72.006667698,72.150916984,72.193667527,0.199691103,63664.384507502,-46.524569918
2024-07-20 00:00,72.193667527,72.337058946,71.920774411,72.128916678,72.336454111,0.197782698,29294.808180851,-53.985562874
2024-07-20 01:00,72.336454111,72.740293041,71.985900105,72.363096573,72.701567727,0.504743592,40950.025124721,39.785947298
2024-07-20 02:00,72.701567727,72.701567727,72.53845842,72.620013073,72.53845842,-0.224354595,10276.971714561,-74.903625374
2024-07-20 03:00,72.53845842,72.581500362,71.591679395,72.086589878,72.062687455,-0.65588789,38779.976403054,277.348283912
2024-07-20 04:00,72.062687455,72.188110114,72.062687455,72.125398785,72.188110114,0.174046602,15163.037931877,-60.899826822
2024-07-20 05:00,72.188110114,72.371048062,72.188110114,72.279579088,72.371048062,0.253418392,22991.200640303,51.626611657
2024-07-20 06:00,72.371048062,72.680308791,72.283930613,72.482119702,72.283930613,-0.120376105,20859.03963205,-9.273813237
2024-07-20 07:00,72.283930613,72.283930613,72.206116329,72.245023471,72.265683022,-0.025244326,10087.453371497,-51.639895463
2024-07-20 08:00,72.265683022,72.760362628,72.265683022,72.513022825,72.712231778,0.617926431,4559.36710031,-54.801604207
2024-07-20 09:00,72.712231778,72.712231778,72.197233825,72.454732801,72.197233825,-0.708268665,7934.123248597,74.01808352
2024-07-20 10:00,72.197233825,73.641807081,72.162735684,72.902271382,73.051030783,1.182589572,328675.374322761,4042.554432601
2024-07-20 11:00,73.051030783,73.051030783,72.29372239,72.672376587,72.29372239,-1.036684061,25724.871997243,-92.173167202
2024-07-20 12:00,72.29372239,72.652395486,72.243628737,72.448012112,72.272936177,-0.028752446,13749.937335945,-46.550026226
2024-07-20 13:00,72.272936177,72.775597166,72.272936177,72.524266671,72.363621509,0.125476197,10677.350559279,-22.346187489
2024-07-20 14:00,72.363621509,73.628487842,72.083504985,72.855996413,73.163452174,1.10529386,713205.083055573,6579.607259272
2024-07-20 15:00,73.163452174,73.399286292,72.972359558,73.185822925,73.045316403,-0.161468284,20808.014117727,-97.082464131
2024-07-20 16:00,73.045316403,73.389355262,72.840516873,73.114936068,73.389355262,0.470993728,72976.534798806,250.713597107
2024-07-20 17:00,73.389355262,73.664101518,73.139425194,73.401763356,73.244320381,-0.197623867,75851.664787993,3.939800646
2024-07-20 18:00,73.244320381,74.098101714,72.952119876,73.525110795,73.706202749,0.63060503,140706.296947613,85.501923182
2024-07-20 19:00,73.706202749,74.305124244,73.706202749,74.005663496,74.305124244,0.812579501,14516.490430388,-89.683126665
2024-07-20 20:00,74.305124244,74.693063712,73.57692643,74.134995071,74.266844083,-0.051517524,63938.051607281,340.451167683
2024-07-20 21:00,74.266844083,75.112374774,74.266844083,74.689609429,75.112374774,1.138503597,59563.767921792,-6.841440387
2024-07-20 22:00,75.112374774,75.238652529,74.753896227,74.996274378,75.238652529,0.168118442,19916.261092003,-66.563127574
2024-07-20 23:00,75.238652529,75.562060149,74.974912577,75.268486363,75.562060149,0.429842388,61402.732443742,208.304516395
2024-07-21 00:00,75.562060149,75.562060149,74.693838471,75.12794931,75.305908392,-0.338995201,52588.239616068,-14.35521267
2024-07-21 01:00,75.305908392,75.51312566,74.984312917,75.248719288,75.506566571,0.266457417,23686.832111076,-54.957929218
2024-07-21 02:00,75.506566571,75.572102094,75.506566571,75.539334332,75.572102094,0.086794468,11699.772941634,-50.606426023
2024-07-21 03:00,75.572102094,75.82997676,75.320993172,75.575484966,75.796245232,0.296595082,13405.511078406,14.579241369
2024-07-21 04:00,75.796245232,76.166987394,75.796245232,75.981616313,76.166987394,0.489129984,46378.219926561,245.96383275
2024-07-21 05:00,76.166987394,77.007967576,76.166987394,76.587477485,77.007967576,1.104126881,101297.066822885,118.415167687
2024-07-21 06:00,77.007967576,77.50214202,76.855234983,77.178688502,77.056608273,0.063163201,64763.199049929,-36.066066786
2024-07-21 07:00,77.056608273,78.074088083,77.056608273,77.565348178,78.074088083,1.320431606,79729.840951092,23.10979402
2024-07-21 08:00,78.074088083,78.074088083,76.775909989,77.424999036,76.775909989,-1.662751529,87288.144606639,9.479893056
2024-07-21 09:00,76.775909989,76.954908182,76.315415657,76.63516192,76.315415657,-0.599790133,23742.52436227,-72.799829267
2024-07-21 10:00,76.315415657,76.710626309,76.078584144,76.394605226,76.710626309,0.51786477,63916.852763062,169.208327589
2024-07-21 11:00,76.710626309,77.249699714,76.710626309,76.980163011,76.762815041,0.06803325,64152.188130577,0.368189855
2024-07-21 12:00,76.762815041,77.088049833,76.629646087,76.85884796,77.088049833,0.423687943,9185.066250008,-85.682380418
2024-07-21 13:00,77.088049833,77.088049833,75.785457747,76.43675379,75.785457747,-1.689745801,130544.20079369,1321.265750735
2024-07-21 14:00,75.785457747,75.878722298,75.422030082,75.65037619,75.878722298,0.123063914,48217.247776398,-63.064427617
2024-07-21 15:00,75.878722298,75.941291601,75.402840462,75.672066031,75.402840462,-0.627161108,15764.31477159,-67.305652026
2024-07-21 16:00,75.402840462,75.41728541,74.84399572,75.130640565,74.84399572,-0.741145478,60492.241499832,283.728962383
2024-07-21 17:00,74.84399572,75.266118601,74.656987865,74.961553233,75.266118601,0.564003668,52875.397235174,-12.591439953
2024-07-21 18:00,75.266118601,75.498687703,74.81823051,75.158459106,74.81823051,-0.595072656,26338.179942448,-50.188213574
2024-07-21 19:00,74.81823051,75.105133875,74.657827526,74.8814807,74.657827526,-0.214390241,16837.473557129,-36.071992849
2024-07-21 20:00,74.657827526,74.869818629,73.723424753,74.296621691,73.723424753,-1.251580449,27504.968895037,63.355676858
2024-07-21 21:00,73.723424753,73.856834043,72.126227293,72.991530668,73.493318763,-0.312120591,118820.362110207,331.995987938
2024-07-21 22:00,73.493318763,73.612274516,73.189567301,73.400920909,73.612274516,0.161859275,47457.005911077,-60.059870995
2024-07-21 23:00,73.612274516,75.845832284,73.612274516,74.7290534,75.843905919,3.031602294,437234.36092549,821.327320448
2024-07-22 00:00,75.843905919,75.843905919,74.995103831,75.419504875,74.995103831,-1.119143427,22588.871251687,-94.833692575
2024-07-22 01:00,74.995103831,75.875991976,74.995103831,75.435547903,75.527143184,0.709432117,19798.615428362,-12.352347279
2024-07-22 02:00,75.527143184,75.917960982,75.340792339,75.62937666,75.340792339,-0.246733607,55227.060585809,178.944054374
2024-07-22 03:00,75.340792339,75.883098984,74.9965,75.439799492,74.9965,-0.456979981,99479.168251931,80.12758093
2024-07-22 04:00,74.9965,74.9965,74.246569995,74.621534998,74.246569995,-0.999953337,47931.618896381,-51.817430987
2024-07-22 05:00,74.246569995,74.768144172,73.582284232,74.175214202,74.768144172,0.702489255,400843.290288617,736.281560102
2024-07-22 06:00,74.768144172,74.768144172,73.236066083,74.002105127,73.236066083,-2.049105411,301320.978324754,-24.828234468
2024-07-22 07:00,73.236066083,73.759011284,73.236066083,73.497538684,73.695045461,0.626712223,31903.136584313,-89.412241802
2024-07-22 08:00,73.695045461,73.700683227,72.785913467,73.243298347,72.785913467,-1.23364059,13624.77142448,-57.293316949
2024-07-22 09:00,72.785913467,73.034259843,72.502786312,72.768523077,72.502786312,-0.388986196,20263.891827868,48.728306674
2024-07-22 11:00,72.502786312,72.512787155,71.563354547,72.038070851,71.612715858,-1.227636203,204904.031319236,911.17807507
2024-07-22 12:00,71.612715858,72.144399967,71.612715858,71.878557913,72.144399967,0.742443716,12622.20116873,-93.839944931
2024-07-22 13:00,72.144399967,72.40615483,71.946949364,72.176552097,71.946949364,-0.273688053,36211.183808767,186.884857282
2024-07-22 14:00,71.946949364,71.94757059,71.946949364,71.947259977,71.94757059,0.00086345,137.3673381,-99.620649414
2024-07-22 15:00,71.94757059,72.683152391,71.94757059,72.31536149,72.269100815,0.446895181,88182.044451766,64094.331543168
2024-07-22 16:00,72.269100815,72.832665416,71.764989474,72.298827445,71.764989474,-0.697547549,130764.331158793,48.289067204
2024-07-22 17:00,71.764989474,71.764989474,71.070091462,71.417540468,71.468373388,-0.413315864,23098.910780351,-82.335465202
2024-07-22 18:00,71.468373388,72.021023054,71.387517655,71.704270354,72.021023054,0.77327864,64550.180519655,179.451187692
2024-07-22 19:00,72.021023054,72.201124534,72.021023054,72.111073794,72.201124534,0.250067928,14506.524733729,-77.526748001
2024-07-22 20:00,72.201124534,72.955132768,72.201124534,72.578128651,72.955132768,1.044316469,71745.941052623,394.577042879
2024-07-22 21:00,72.955132768,72.985339106,72.634870301,72.810104703,72.634870301,-0.438985518,6827.703360987,-90.483498772
2024-07-22 22:00,72.634870301,73.090051365,72.613713434,72.851882399,72.884464935,0.343629214,10712.958698732,56.90427853
2024-07-22 23:00,72.884464935,72.90059771,72.837485752,72.869041731,72.837485752,-0.06445706,15640.349367954,45.99467624
2024-07-23 00:00,72.837485752,72.837485752,71.782700795,72.310093274,72.224555089,-0.841504421,40307.044510232,157.711919101
2024-07-23 01:00,72.224555089,72.224555089,71.214897341,71.719726215,71.214897341,-1.397942497,58050.063675443,44.019648131
2024-07-23 02:00,71.214897341,71.214897341,70.540139733,70.877518537,70.540139733,-0.947495023,48664.966714695,-16.167246626
2024-07-23 03:00,70.540139733,70.945064271,70.515397435,70.730230853,70.619745099,0.112851161,21306.569109422,-56.217849209
2024-07-23 04:00,70.619745099,72.142734734,70.619745099,71.381239917,72.142734734,2.156605964,60963.795347787,186.126757596
2024-07-23 05:00,72.142734734,72.142734734,71.694756202,71.918745468,71.759416461,-0.531333161,4872.218615839,-92.008012972
2024-07-23 06:00,71.759416461,72.292661791,71.759416461,72.026039126,72.292661791,0.743101542,14770.433922085,203.156222795
2024-07-23 07:00,72.292661791,72.292661791,71.134681004,71.713671397,71.134681004,-1.601795755,34573.047174102,134.069272145
2024-07-23 08:00,71.134681004,71.134681004,70.269310426,70.701995715,70.269310426,-1.216524156,48430.452115316,40.081526142
2024-07-23 09:00,70.269310426,70.625719474,70.269310426,70.44751495,70.612981895,0.489077618,4269.548805817,-91.184164881
2024-07-23 11:00,70.612981895,72.615626334,70.612981895,71.614304115,72.615626334,2.836085356,51893.936872409,1115.443111968
2024-07-23 12:00,72.615626334,72.98090488,72.615626334,72.798265607,72.711818004,0.132466901,33352.725899459,-35.729050618
2024-07-23 13:00,72.711818004,72.711818004,72.317117518,72.514467761,72.317117518,-0.54282852,41291.878557836,23.803609583
2024-07-23 14:00,72.317117518,72.317117518,71.797564374,72.057340946,71.87477962,-0.611664173,22169.995830821,-46.309064627
2024-07-23 15:00,71.87477962,71.87477962,71.030815583,71.452797601,71.030815583,-1.174214434,77146.719151856,247.978049886
2024-07-23 16:00,71.030815583,71.069764682,69.041408332,70.055586507,69.041408332,-2.800766449,367343.269913225,376.161882128
2024-07-23 17:00,69.041408332,70.494986314,69.041408332,69.768197323,70.123615068,1.567474886,28748.895524718,-92.17383361
2024-07-23 18:00,70.123615068,70.269785638,69.335761042,69.80277334,69.335761042,-1.123521692,9629.577394405,-66.504530979
2024-07-23 19:00,69.335761042,69.335761042,67.912044813,68.623902928,67.912044813,-2.05336497,97161.668851553,908.992034355
2024-07-23 20:00,67.912044813,68.477264644,67.912044813,68.194654729,68.477264644,0.832282156,16378.253920454,-83.143297029
2024-07-23 21:00,68.477264644,68.866462548,68.112485182,68.489473865,68.866462548,0.568360763,8319.508954884,-49.203932267
2024-07-23 22:00,68.866462548,69.779284189,68.866462548,69.322873369,69.693814988,1.201386581,39190.506502585,371.067543951
2024-07-23 23:00,69.693814988,69.878845541,69.307916876,69.593381208,69.380449898,-0.449631133,19137.513446533,-51.167986448
2024-07-24 00:00,69.380449898,70.269420547,69.333406634,69.80141359,69.771106366,0.563064189,98606.895978853,415.254483057
2024-07-24 01:00,69.771106366,69.771106366,69.454924651,69.613015508,69.454924651,-0.453169988,20270.187734769,-79.443437973
2024-07-24 02:00,69.454924651,69.771731398,69.454924651,69.613328025,69.539857485,0.122284826,2196.051642689,-89.166101116
2024-07-24 03:00,69.539857485,70.368294834,69.539857485,69.954076159,69.933159854,0.565578337,33154.167794869,1409.717128249
2024-07-24 04:00,69.933159854,69.933159854,69.40198882,69.667574337,69.458347243,-0.678952034,47626.280408594,43.650960275
2024-07-24 05:00,69.458347243,69.994548573,69.458347243,69.726447908,69.994548573,0.771975365,93233.540189549,95.760700583
2024-07-24 06:00,69.994548573,70.209206225,69.632846363,69.921026294,70.209206225,0.306677673,11152.553205964,-88.038045983
2024-07-24 07:00,70.209206225,70.209206225,69.816012278,70.012609252,69.816012278,-0.560031894,38.398806753,-99.655694924
2024-07-24 08:00,69.816012278,69.963868096,69.354099334,69.658983715,69.752261363,-0.091312741,48030.050244381,124982.142665077
2024-07-24 09:00,69.752261363,69.752261363,69.273017644,69.512639504,69.721514384,-0.044080261,14882.361706666,-69.014478163
2024-07-24 10:00,69.721514384,70.479544055,69.324237345,69.9018907,70.479544055,1.087224908,96665.357081453,549.529684782
2024-07-24 11:00,70.479544055,71.267081649,70.479544055,70.873312852,71.267081649,1.11739882,73946.314687723,-23.502776051
2024-07-24 12:00,71.267081649,71.999460556,71.267081649,71.633271102,71.999460556,1.027653848,83420.590132162,12.812370007
2024-07-24 13:00,71.999460556,72.486626151,71.999460556,72.243043353,72.486626151,0.676623952,55144.451426807,-33.8958747
2024-07-24 14:00,72.486626151,72.486626151,71.617518734,72.052072443,71.808640165,-0.93532562,90637.978893307,64.364639684
2024-07-24 15:00,71.808640165,72.664261549,71.803063119,72.233662334,72.036499646,0.317314853,83227.985111126,-8.175374024
2024-07-24 16:00,72.036499646,72.830349611,72.00013201,72.41524081,72.720888065,0.950057849,57423.359151806,-31.004746691
2024-07-24 17:00,72.720888065,73.34276643,72.720888065,73.031827248,73.228928181,0.69861649,91248.304302997,58.904504457
2024-07-24 18:00,73.228928181,73.370830917,72.469196565,72.920013741,72.469196565,-1.037474717,57345.601500259,-37.154337345
2024-07-24 19:00,72.469196565,72.879338883,71.94769277,72.413515827,72.879338883,0.565954002,120076.215409599,109.390454138
2024-07-24 20:00,72.879338883,72.879338883,72.406472486,72.642905685,72.406472486,-0.648834641,16918.93719562,-85.909834735
2024-07-24 21:00,72.406472486,72.698469162,71.292038524,71.995253843,71.292038524,-1.539135831,86451.306584303,410.973624317
2024-07-24 22:00,71.292038524,71.360053771,70.834255732,71.097154751,70.834255732,-0.642123302,17033.412305535,-80.297102521
2024-07-24 23:00,70.834255732,71.305426431,70.754669635,71.030048033,71.305426431,0.665173501,12447.938257353,-26.920466469
2024-07-25 00:00,71.305426431,71.305426431,69.658309907,70.481868169,69.725264361,-2.21604743,77104.655908354,519.417081884
2024-07-25 01:00,69.725264361,70.054186917,69.725264361,69.889725639,69.728326567,0.004391818,7505.163003293,-90.266264839
2024-07-25 02:00,69.728326567,69.916357834,69.430619329,69.673488581,69.916357834,0.269662669,25366.061807787,237.98149083
2024-07-25 03:00,69.916357834,70.085823796,69.554584158,69.820203977,70.085823796,0.242383854,10658.669320345,-57.980590755
2024-07-25 04:00,70.085823796,70.085823796,66.669877372,68.377850584,67.28015098,-4.003195888,89410.006198672,738.847735223
2024-07-25 05:00,67.28015098,67.28015098,66.053345807,66.666748393,66.053345807,-1.823428091,16301.467247024,-81.767737259
2024-07-25 06:00,66.053345807,66.565155392,66.053345807,66.3092506,66.383968868,0.500539461,13539.563913662,-16.942667132
2024-07-25 07:00,66.383968868,66.753485017,65.582006243,66.16774563,66.36497986,-0.02860481,48331.996832713,256.968637549
2024-07-25 08:00,66.36497986,68.209240939,66.36497986,67.287110399,67.388127369,1.541697913,268855.607874437,456.268363596
2024-07-25 09:00,67.388127369,67.844783799,67.287137927,67.565960863,67.804872461,0.618425096,31058.845353038,-88.447759897
2024-07-25 10:00,67.804872461,67.804872461,67.247541255,67.526206858,67.247541255,-0.821963357,9699.661226697,-68.770052085
2024-07-25 11:00,67.247541255,67.247541255,66.934841427,67.091191341,66.997462009,-0.371878646,20148.773989365,107.726574346
2024-07-25 12:00,66.997462009,67.390860102,66.842973224,67.116916663,66.998451593,0.001477047,30817.834659278,52.951413697
2024-07-25 13:00,66.998451593,67.488228513,66.698207772,67.093218142,67.09068246,0.137661192,57340.572190264,86.062949666
2024-07-25 14:00,67.09068246,67.09068246,66.703211727,66.896947094,66.775438428,-0.469877515,9786.86478502,-82.932041988
2024-07-25 15:00,66.775438428,67.587629695,66.626018153,67.106823924,66.626018153,-0.223765323,61594.669786384,529.360588292
2024-07-25 16:00,66.626018153,66.626018153,66.481206187,66.55361217,66.597640691,-0.042592163,14245.41395958,-76.872326763
2024-07-25 17:00,66.597640691,67.763575227,65.897931195,66.830753211,67.763575227,1.750714476,73348.747328736,414.893758348
2024-07-25 18:00,67.763575227,70.329495632,67.279613589,68.80455461,70.329495632,3.786577665,402576.982697094,448.85324884
2024-07-25 19:00,70.329495632,70.390089643,69.04195442,69.716022031,69.04195442,-1.830727208,271955.322418758,-32.446380666
2024-07-25 20:00,69.04195442,69.66616691,69.020221205,69.343194058,69.020221205,-0.031478272,79225.678698608,-70.868127164
2024-07-25 21:00,69.020221205,69.020221205,67.157233264,68.088727234,67.536838456,-2.149200225,99258.139948101,25.285313523
2024-07-25 22:00,67.536838456,67.958366348,67.061291708,67.509829028,67.263395828,-0.404879224,45243.33499823,-54.418514167
2024-07-25 23:00,67.263395828,68.052024092,66.520833882,67.286428987,67.662317659,0.593074176,205533.730794796,354.285102552
2024-07-26 00:00,67.662317659,69.799752193,67.662317659,68.731034926,69.425665123,2.60609971,118053.027163587,-42.562699219
2024-07-26 01:00,69.425665123,69.641982556,69.136766407,69.389374482,69.641982556,0.311581363,30765.325438266,-73.93940149
2024-07-26 02:00,69.641982556,69.85829496,69.347073426,69.602684193,69.85829496,0.310606326,23836.982970826,-22.519971327
2024-07-26 03:00,69.85829496,69.85829496,69.177139046,69.517717003,69.177139046,-0.975053734,69200.796970593,190.308538859
2024-07-26 04:00,69.177139046,69.385545598,68.81503344,69.100289519,68.81503344,-0.523446925,50653.229299133,-26.802534773
2024-07-26 05:00,68.81503344,69.360683857,68.722620084,69.04165197,68.952122361,0.199213623,111517.150537438,120.158027594
2024-07-26 06:00,68.952122361,69.274958216,68.855348654,69.065153435,68.855348654,-0.140349135,40193.500066282,-63.957561799
2024-07-26 07:00,68.855348654,68.87078246,68.748861913,68.809822187,68.748861913,-0.154652823,36606.353376208,-8.924693506
2024-07-26 08:00,68.748861913,68.748861913,68.639511464,68.694186688,68.639511464,-0.159057833,14164.134813856,-61.306894822
2024-07-26 09:00,68.639511464,69.577742284,68.639511464,69.108626874,68.921780638,0.411234242,67188.697271013,374.357933993
2024-07-26 10:00,68.921780638,69.388533367,68.826125589,69.107329478,68.826125589,-0.138787837,38129.562212735,-43.250034959
2024-07-26 11:00,68.826125589,68.826125589,68.626681414,68.726403502,68.626681414,-0.289779751,22745.877944027,-40.345819296
2024-07-26 12:00,68.626681414,68.626681414,68.512600248,68.569640831,68.512600248,-0.166234421,18363.04492781,-19.268691351
2024-07-26 13:00,68.512600248,68.512600248,68.128340618,68.320470433,68.128340618,-0.560859795,26229.103147528,42.83635013
2024-07-26 14:00,68.128340618,68.49021046,67.679979561,68.08509501,67.679979561,-0.6581124,37447.307014477,42.770062719
2024-07-26 15:00,67.679979561,67.685596002,67.363569004,67.524582503,67.363569004,-0.467509829,42749.801264636,14.159881372
2024-07-26 16:00,67.363569004,67.545302826,67.11334202,67.329322423,67.11334202,-0.371457433,24755.261000237,-42.092687526
2024-07-26 17:00,67.11334202,67.939417491,66.533083367,67.236250429,66.533083367,-0.864595079,80843.490204564,226.570946692
2024-07-26 18:00,66.533083367,67.164588261,66.533083367,66.848835814,67.164588261,0.949159218,28038.220383578,-65.317899669
2024-07-26 19:00,67.164588261,67.848045762,67.037764918,67.44290534,67.848045762,1.017586081,64438.922619317,129.825294679
2024-07-26 20:00,67.848045762,67.858009887,67.246478522,67.552244205,67.246478522,-0.886639008,45632.739268341,-29.184509279
2024-07-26 21:00,67.246478522,67.268536027,67.246478522,67.257507275,67.266344349,0.02954181,935.090798351,-97.950833517
2024-07-26 22:00,67.266344349,68.182186299,67.266344349,67.724265324,68.182186299,1.361515864,2826.288430335,202.247486054
2024-07-26 23:00,68.182186299,68.182186299,67.335670832,67.758928566,67.517327001,-0.975121705,45890.108437252,1523.688083095
2024-07-27 00:00,67.517327001,67.526265869,67.007306842,67.266786356,67.526265869,0.013239369,24559.878789883,-46.481105349
2024-07-27 01:00,67.526265869,67.668249302,67.092800355,67.380524828,67.668249302,0.210264007,31682.169948748,28.999699957
2024-07-27 02:00,67.668249302,68.039579611,67.668249302,67.853914457,68.039579611,0.54875117,41239.907434134,30.167559548
2024-07-27 03:00,68.039579611,68.173541073,67.655261846,67.914401459,67.657887899,-0.560984818,2742.38318272,-93.350171343
2024-07-27 04:00,67.657887899,67.657887899,66.914955761,67.28642183,67.319780433,-0.499731039,73025.541398258,2562.849665153
2024-07-27 05:00,67.319780433,67.319780433,66.762319765,67.041050099,66.762319765,-0.828078561,7591.730114337,-89.604007079
2024-07-27 06:00,66.762319765,66.762319765,66.7341352,66.748227482,66.7341352,-0.042216275,832.302822262,-89.036717458
2024-07-27 07:00,66.7341352,67.122994208,66.7341352,66.928564704,67.09200947,0.536268687,217.458945206,-73.872617107
2024-07-27 08:00,67.09200947,67.09200947,66.608238125,66.850123798,66.608238125,-0.721056575,20140.827711406,9161.898926421
2024-07-27 09:00,66.608238125,66.608238125,66.355562994,66.48190056,66.355562994,-0.379345165,40403.865987842,100.606780251
2024-07-27 10:00,66.355562994,67.007135726,66.355562994,66.68134936,67.007135726,0.981941382,4412.975529276,-89.077838416
2024-07-27 11:00,67.007135726,67.007135726,65.994865907,66.501000817,65.994865907,-1.510689583,101352.990001995,2196.70410202
2024-07-27 12:00,65.994865907,65.994865907,64.450804399,65.222835153,64.838011536,-1.752946014,313356.302900777,209.173220143
2024-07-27 13:00,64.838011536,64.838011536,63.99678812,64.417399828,64.051021518,-1.213778768,158931.254672048,-49.280977213
2024-07-27 14:00,64.051021518,64.423374924,63.845822641,64.134598783,63.995715764,-0.086346405,117238.151019341,-26.233420065
2024-07-27 15:00,63.995715764,64.205958021,63.776915026,63.991436524,64.123275077,0.19932477,80543.678941619,-31.299088018
2024-07-27 16:00,64.123275077,64.584886121,63.400725704,63.992805913,64.584886121,0.719880642,103863.836281278,28.95342955
2024-07-27 17:00,64.584886121,64.584886121,63.818141802,64.201513962,63.834572425,-1.161748114,27427.284969486,-73.593036853
2024-07-27 18:00,63.834572425,64.219613754,62.394852855,63.307233305,62.394852855,-2.255391578,112798.847028368,311.265085676
2024-07-27 19:00,62.394852855,62.394852855,61.315777396,61.855315125,61.721878957,-1.078572779,168356.338751969,49.253598939
2024-07-27 20:00,61.721878957,61.721878957,58.858014389,60.289946673,58.858014389,-4.639950397,384092.097621073,128.142344071
2024-07-27 21:00,58.858014389,59.435197803,58.096514878,58.765856341,59.16319145,0.518497038,495390.246372614,28.976943145
2024-07-27 22:00,59.16319145,59.831171801,58.82018047,59.325676136,59.831171801,1.129047191,123499.684483528,-75.070222842
2024-07-27 23:00,59.831171801,60.976260519,59.313948748,60.145104633,60.976260519,1.913866439,171546.224917959,38.904180715
2024-07-28 00:00,60.976260519,61.880269234,60.976260519,61.428264876,61.546598112,0.93534367,150912.809527099,-12.027904083
2024-07-28 01:00,61.546598112,61.957857306,61.417256632,61.687556969,61.636061355,0.145358552,57386.844420869,-61.973510002
2024-07-28 02:00,61.636061355,61.636061355,61.108539886,61.37230062,61.108539886,-0.855864989,50231.756276802,-12.468167951
2024-07-28 03:00,61.108539886,61.306708138,60.408803772,60.857755955,61.306708138,0.324288967,147612.570347842,193.863048575
2024-07-28 04:00,61.306708138,61.896065043,61.137250956,61.516657999,61.896065043,0.961325314,71716.728208636,-51.415568444
2024-07-28 05:00,61.896065043,62.146706704,61.534987347,61.840847025,61.534987347,-0.58336131,72304.796817131,0.81998806
2024-07-28 06:00,61.534987347,61.534987347,61.200755967,61.367871657,61.200755967,-0.543156656,42788.040044231,-40.822681305
2024-07-28 07:00,61.200755967,61.303680603,61.037269603,61.170475103,61.303680603,0.168175432,17398.144670324,-59.338766972
2024-07-28 08:00,61.303680603,61.303680603,60.308913945,60.806297274,60.308913945,-1.622686678,17311.355801624,-0.498839792
2024-07-28 09:00,60.308913945,61.358209714,60.308913945,60.83356183,61.358209714,1.739868455,74852.862815539,332.391683663
2024-07-28 10:00,61.358209714,61.686888423,61.004373118,61.34563077,61.686888423,0.535671934,64073.508360811,-14.400724367
2024-07-28 11:00,61.686888423,61.915776252,61.336228249,61.62600225,61.666444858,-0.033140859,85004.42537398,32.667037515
2024-07-28 12:00,61.666444858,61.666444858,61.175704201,61.421074529,61.175704201,-0.795798522,33436.014293901,-60.665560473
2024-07-28 13:00,61.175704201,61.860002441,61.175704201,61.517853321,61.860002441,1.118578444,37872.915875425,13.269827984
2024-07-28 14:00,61.860002441,61.979848189,61.646595878,61.813222033,61.854986008,-0.008109333,27291.877717291,-27.938271753
2024-07-28 15:00,61.854986008,62.293783639,61.789368166,62.041575903,62.293783639,0.70939735,57095.385608761,109.202848555
2024-07-28 16:00,62.293783639,62.534669973,62.293783639,62.414226806,62.534669973,0.386694017,18807.205666793,-67.060025138
2024-07-28 17:00,62.534669973,62.718065113,62.111677777,62.414871445,62.718065113,0.293269541,57961.130586019,208.18576461
2024-07-28 18:00,62.718065113,63.363568102,62.718065113,63.040816607,63.363568102,1.029213812,105494.312870603,82.008721714
2024-07-28 19:00,63.363568102,63.82857106,62.964932715,63.396751888,63.029186563,-0.527718923,183294.486602975,73.748216008
2024-07-28 20:00,63.029186563,64.088492557,62.810189771,63.449341164,64.088492557,1.680659473,171223.530569832,-6.585553257
2024-07-28 21:00,64.088492557,64.779712652,63.323194388,64.05145352,63.323194388,-1.194127275,273028.619199109,59.457417033
2024-07-28 22:00,63.323194388,63.323194388,62.728907126,63.026050757,62.728907126,-0.938498551,126202.721172286,-53.776742694
2024-07-28 23:00,62.728907126,62.728907126,61.963081481,62.345994303,61.963081481,-1.220849653,88887.256880108,-29.567876148
2024-07-29 00:00,61.963081481,61.979862109,61.236397888,61.608129999,61.236397888,-1.172768647,86080.674594132,-3.157463043
2024-07-29 01:00,61.236397888,61.236397888,61.186770687,61.211584288,61.186770687,-0.081041999,101.30503981,-99.882313841
2024-07-29 02:00,61.186770687,61.723915393,61.177252774,61.450584083,61.723915393,0.877877195,24953.303628254,24531.848203301
2024-07-29 03:00,61.723915393,62.831327251,61.723915393,62.277621322,62.376370129,1.057053383,70900.483337715,184.132651908
2024-07-29 04:00,62.376370129,62.574196767,62.163532247,62.368864507,62.574196767,0.317149968,6619.884952516,-90.663131419
2024-07-29 05:00,62.574196767,63.440583446,62.574196767,63.007390106,63.440583446,1.38457499,33197.778476526,401.485731469
2024-07-29 06:00,63.440583446,63.561977873,63.007555114,63.284766493,63.007555114,-0.682573061,77676.231889865,133.980210287
2024-07-29 07:00,63.007555114,63.113858006,62.870895878,62.992376942,62.870895878,-0.216893412,39763.452210704,-48.808726629
2024-07-29 08:00,62.870895878,62.870895878,62.510761801,62.690828839,62.510761801,-0.572815246,45280.934726125,13.875763317
2024-07-29 09:00,62.510761801,63.063456807,62.510761801,62.787109304,62.759945572,0.398625396,33247.233299244,-26.575647123
2024-07-29 10:00,62.759945572,63.317567259,62.759945572,63.038756416,63.317567259,0.888499315,41535.005292135,24.927704264
2024-07-29 11:00,63.317567259,63.317567259,62.687260244,63.002413752,63.045872374,-0.429098742,52904.220737169,27.372611042
2024-07-29 12:00,63.045872374,63.11770356,62.662186169,62.889944865,63.11770356,0.113934796,19351.19842369,-63.422203079
2024-07-29 13:00,63.11770356,63.11770356,62.684460038,62.901081799,62.684460038,-0.686405711,32172.003107143,66.253285211
2024-07-29 15:00,62.684460038,62.684460038,62.149110169,62.416785103,62.149110169,-0.854039214,76875.791946525,138.952457174
2024-07-29 16:00,62.149110169,62.176089928,61.649018952,61.91255444,61.649018952,-0.804663519,29029.042380364,-62.239033062
2024-07-29 17:00,61.649018952,61.649018952,61.181858337,61.415438644,61.63413374,-0.024145091,33095.013005478,14.006561332
2024-07-29 18:00,61.63413374,61.63413374,61.109280489,61.371707115,61.202359272,-0.700544393,34730.390396277,4.941461696
2024-07-29 19:00,61.202359272,61.539657267,58.969189486,60.254423376,59.446739491,-2.868549189,979980.46601589,2721.679960502
2024-07-29 20:00,59.446739491,60.300919279,59.376003683,59.838461481,60.300919279,1.436882485,35603.594672699,-96.366907718
2024-07-29 21:00,60.300919279,60.608324062,59.95034193,60.279332996,60.608324062,0.509784571,36366.333639665,2.142308871
2024-07-29 22:00,60.608324062,60.692701106,60.291278858,60.491989982,60.629351816,0.034694498,22123.176076938,-39.165778172
2024-07-29 23:00,60.629351816,60.629351816,60.216266937,60.422809376,60.58337589,-0.075831135,24202.369751348,9.3982603
2024-07-30 00:00,60.58337589,60.610187669,60.098335092,60.354261381,60.538225354,-0.074526278,52908.865241362,118.610267445
2024-07-30 01:00,60.538225354,60.691663618,60.517656767,60.604660192,60.691663618,0.253456825,3918.564920523,-92.593746052
2024-07-30 02:00,60.691663618,60.691663618,59.989554289,60.340608954,59.989554289,-1.156846405,13869.401458418,253.940836498
2024-07-30 03:00,59.989554289,60.236312971,59.674103679,59.955208325,59.674103679,-0.525842564,23625.395088438,70.341850434
2024-07-30 04:00,59.674103679,60.40492784,59.674103679,60.039515759,59.987249303,0.524759661,18937.822833942,-19.841243869
2024-07-30 05:00,59.987249303,59.987249303,59.495575727,59.741412515,59.495575727,-0.819630141,951.409018745,-94.97614363
2024-07-30 06:00,59.495575727,60.331847785,59.495575727,59.913711756,60.331847785,1.405603775,28526.382386612,2898.3300373
2024-07-30 07:00,60.331847785,60.331847785,59.969540621,60.150694203,59.973399926,-0.594127102,2066.039965689,-92.757441383
2024-07-30 08:00,59.973399926,60.292809229,59.84304138,60.067925304,59.84304138,-0.217360607,9959.052402502,382.035806078
2024-07-30 09:00,59.84304138,60.019885412,59.84304138,59.931463396,60.019885412,0.29551311,14.693569319,-99.852460167
2024-07-30 10:00,60.019885412,60.450566046,60.019885412,60.235225729,60.282425825,0.437422382,24785.63916299,168583.582763909
2024-07-30 11:00,60.282425825,60.647622085,60.194183633,60.420902859,60.194183633,-0.146381289,18756.315402626,-24.325875644
2024-07-30 12:00,60.194183633,60.435216933,60.087921699,60.261569316,60.435216933,0.400426229,14711.163707371,-21.566878187
2024-07-30 13:00,60.435216933,60.435216933,59.793856741,60.114536837,59.793856741,-1.061235856,20948.020622359,42.395401472
2024-07-30 14:00,59.793856741,60.052196298,59.327508145,59.689852222,59.327508145,-0.779927273,65509.03371763,212.72183133
2024-07-30 15:00,59.327508145,59.399338755,59.327508145,59.36342345,59.354555822,0.045590448,1372.479525799,-97.904900366
2024-07-30 17:00,59.354555822,59.682402289,59.354555822,59.518479055,59.516447397,0.27275341,38502.991365723,2705.359981111
2024-07-30 18:00,59.516447397,59.706301379,59.417316736,59.561809057,59.706301379,0.318994143,28830.514223923,-25.121365376
2024-07-30 19:00,59.706301379,59.706301379,59.434134391,59.570217885,59.434134391,-0.455842987,8850.199891271,-69.302663759
2024-07-30 20:00,59.434134391,59.434134391,58.896519341,59.165326866,58.896519341,-0.904556036,23249.92086145,162.705036576
2024-07-30 21:00,58.896519341,59.093258177,58.474709069,58.783983623,58.882322443,-0.024104815,52179.107896756,124.42703443
2024-07-30 22:00,58.882322443,58.882322443,58.298190038,58.590256241,58.756126869,-0.214318269,31613.274732051,-39.413922533
2024-07-30 23:00,58.756126869,58.817597462,57.986975833,58.402286648,58.196745061,-0.952039962,16905.542630573,-46.523911952
2024-07-31 00:00,58.196745061,58.492240995,58.196745061,58.344493028,58.405941523,0.359464196,24645.995711831,45.786481099
2024-07-31 01:00,58.405941523,58.710154684,58.405941523,58.558048104,58.710154684,0.520859956,4489.534703624,-81.783918345
2024-07-31 02:00,58.710154684,58.764757151,58.292134942,58.528446047,58.51457278,-0.333131305,49404.719074283,1000.441857246
2024-07-31 03:00,58.51457278,58.746396744,58.51457278,58.630484762,58.746396744,0.39618159,32432.644510492,-34.353144562
2024-07-31 04:00,58.746396744,58.883427676,58.746396744,58.81491221,58.883427676,0.233258445,21664.634733847,-33.201146373
2024-07-31 05:00,58.883427676,58.939122576,58.609767238,58.774444907,58.609767238,-0.464749504,6542.481566897,-69.801099131
2024-07-31 06:00,58.609767238,59.271028245,58.609767238,58.940397741,59.271028245,1.128243701,192.94198823,-97.0509357
2024-07-31 07:00,59.271028245,59.271028245,58.770309703,59.020668974,58.770309703,-0.844794762,4717.006081117,2344.779451274
2024-07-31 08:00,58.770309703,58.770309703,58.444467505,58.607388604,58.444467505,-0.554433352,4121.082756761,-12.633507655
2024-07-31 09:00,58.444467505,59.548894261,58.444467505,58.996680883,59.220516541,1.327840032,12143.866024543,194.67658723
2024-07-31 10:00,59.220516541,59.362391083,59.183427662,59.272909373,59.183427662,-0.062628429,31985.926070032,163.391625084
2024-07-31 11:00,59.183427662,59.184527062,59.02300631,59.103766686,59.024661742,-0.268260772,25019.02492384,-21.781145654
2024-07-31 12:00,59.024661742,59.024661742,58.87012797,58.947394856,58.87012797,-0.261812211,16282.428134275,-34.919813287
2024-07-31 13:00,58.87012797,58.87012797,58.59615791,58.73314294,58.59615791,-0.465380439,27411.933488847,68.352860291
2024-07-31 14:00,58.59615791,58.824909165,58.59615791,58.710533538,58.824909165,0.390386099,595.78610122,-97.826544773
2024-07-31 15:00,58.824909165,58.824909165,58.491829651,58.658369408,58.491829651,-0.566221892,6486.7456074,988.770885073
2024-07-31 16:00,58.491829651,58.938495115,58.491829651,58.715162383,58.938495115,0.763637359,451.574970712,-93.038497298
2024-07-31 17:00,58.938495115,58.970072857,58.938495115,58.954283986,58.970072857,0.05357745,4941.457957222,994.271887884
2024-07-31 19:00,58.970072857,58.970072857,58.386184645,58.678128751,58.746702833,-0.378785397,31971.472088004,547.00483875
2024-07-31 20:00,58.746702833,58.746702833,58.25216098,58.499431906,58.535778427,-0.359040415,26450.796033036,-17.267506606
2024-07-31 21:00,58.535778427,58.535778427,58.261337932,58.398558179,58.261337932,-0.468842309,15258.644404391,-42.313099442
2024-07-31 22:00,58.261337932,58.628994969,57.422129733,58.025562351,57.443436361,-1.40384962,49043.580087229,221.415053575
2024-07-31 23:00,57.443436361,57.443436361,56.548796956,56.996116658,56.586722874,-1.491403615,60762.185542995,23.894270025
2024-08-01 00:00,56.586722874,56.816288542,56.322220791,56.569254667,56.816288542,0.405688218,31761.867177671,-47.727576133
2024-08-01 01:00,56.816288542,56.94040903,56.542200982,56.741305006,56.55855171,-0.45363194,12204.162371592,-61.576055012
2024-08-01 02:00,56.55855171,56.983061747,56.544894907,56.763978327,56.544894907,-0.024146309,38020.063836028,211.533579105
2024-08-01 03:00,56.544894907,56.544894907,56.411962914,56.47842891,56.411962914,-0.23509106,7188.702497678,-81.092345008
2024-08-01 04:00,56.411962914,56.837120386,56.283434256,56.560277321,56.647602965,0.417712909,37084.228872982,415.868181845
2024-08-01 06:00,56.647602965,56.647602965,55.831992452,56.239797709,55.831992452,-1.439797044,1246.954334365,-96.637507716
2024-08-01 07:00,55.831992452,55.831992452,55.027344697,55.429668574,55.027344697,-1.44119477,38102.318957085,2955.630660002
2024-08-01 08:00,55.027344697,55.629105053,54.859826439,55.244465746,55.629105053,1.093566044,24174.74757613,-36.553080658
2024-08-01 09:00,55.629105053,55.629105053,55.409460215,55.519282634,55.409460215,-0.394837985,12398.896400185,-48.71137181
2024-08-01 10:00,55.409460215,55.861595675,55.409460215,55.635527945,55.861595675,0.815989648,20570.641995726,65.907039883
2024-08-01 11:00,55.861595675,55.888072725,55.54551649,55.716794607,55.54551649,-0.565825557,11293.250317773,-45.100156232
2024-08-01 12:00,55.54551649,56.142865715,55.54551649,55.844191102,56.142865715,1.075422937,8694.397277731,-23.012445194
2024-08-01 13:00,56.142865715,56.142865715,55.70771594,55.925290827,55.70771594,-0.775075817,14558.970778796,67.452329514
2024-08-01 14:00,55.70771594,55.70771594,55.584220147,55.645968043,55.651647205,-0.100648058,26872.334720388,84.575785807
2024-08-01 15:00,55.651647205,55.991188757,55.586469491,55.788829124,55.682266882,0.055020252,43709.696214415,62.656861301
2024-08-01 16:00,55.682266882,56.01994208,54.876721921,55.448332,55.198473391,-0.868846615,81364.40795608,86.147273953
2024-08-01 17:00,55.198473391,55.198473391,53.932719824,54.565596607,53.932719824,-2.293095243,59544.341352904,-26.817704634
2024-08-01 18:00,53.932719824,53.95124143,53.528842469,53.74004195,53.86695282,-0.121942679,88527.396900129,48.67474371
2024-08-01 19:00,53.86695282,53.86695282,52.066831903,52.966892362,52.289806839,-2.927854461,606030.113909689,584.567868401
2024-08-01 20:00,52.289806839,52.578335533,52.2441941,52.411264816,52.578335533,0.551787645,41414.264873633,-93.166302479
2024-08-01 21:00,52.578335533,52.578335533,51.689902306,52.13411892,51.689902306,-1.689732507,103479.412446503,149.864177868
2024-08-01 22:00,51.689902306,52.622636249,51.689902306,52.156269277,52.622636249,1.804479988,24756.049256221,-76.076353092
2024-08-01 23:00,52.622636249,53.737768426,52.622636249,53.180202338,53.737768426,2.119111198,53839.553551999,117.480394367
2024-08-02 00:00,53.737768426,54.045069623,53.737768426,53.891419025,53.869241789,0.244657279,41633.256522615,-22.671616357
2024-08-02 01:00,53.869241789,54.428540572,53.869241789,54.14889118,54.428540572,1.038252563,9393.346013605,-77.437878278
2024-08-02 02:00,54.428540572,54.762206945,54.428540572,54.595373759,54.443599344,0.027667051,4560.635517072,-51.448232499
2024-08-02 03:00,54.443599344,54.881443075,54.443599344,54.662521209,54.881443075,0.804215255,17292.471578655,279.168024148
2024-08-02 04:00,54.881443075,54.881443075,53.97801356,54.429728318,53.97801356,-1.646147521,11440.151341158,-33.843168172
2024-08-02 05:00,53.97801356,53.97801356,53.320785274,53.649399417,53.320785274,-1.217585167,20359.942740687,77.969173078
2024-08-02 06:00,53.320785274,53.882218152,53.320785274,53.601501713,53.882218152,1.052934377,1624.150714497,-92.022812956
2024-08-02 07:00,53.882218152,53.959804982,53.640562323,53.800183653,53.640562323,-0.448489015,779.178770751,-52.025463906
2024-08-02 08:00,53.640562323,53.640562323,53.410411447,53.525486885,53.410411447,-0.429061266,23728.168621904,2945.279146793
2024-08-02 09:00,53.410411447,53.410411447,52.871920204,53.141165826,52.871920204,-1.008213996,24350.842502036,2.624196962
2024-08-02 10:00,52.871920204,53.560259709,52.871920204,53.216089957,53.560259709,1.301899955,37718.859846226,54.897555775
2024-08-02 11:00,53.560259709,53.560259709,53.102426107,53.331342908,53.102426107,-0.854800938,13111.493551976,-65.238892147
2024-08-02 12:00,53.102426107,53.671041018,53.102426107,53.386733562,53.354727905,0.475122921,20290.298864713,54.75200277
2024-08-02 13:00,53.354727905,53.694360025,53.354727905,53.524543965,53.694360025,0.636554872,6864.578009036,-66.168176946
2024-08-02 14:00,53.694360025,53.907055147,53.694360025,53.800707586,53.907055147,0.396121905,19811.219579069,188.600691157
2024-08-02 15:00,53.907055147,53.909920273,53.448865778,53.679393025,53.448865778,-0.849961787,14779.565541401,-25.398002468
2024-08-02 16:00,53.448865778,54.524790822,53.448865778,53.9868283,54.524790822,2.012998833,38944.748108128,163.504011664
2024-08-02 17:00,54.524790822,54.524790822,52.66887214,53.596831481,52.66887214,-3.403807065,21091.343617656,-45.842906573
2024-08-02 18:00,52.66887214,52.66887214,50.904618345,51.786745242,52.162021048,-0.962335192,93057.598930021,341.212284134
2024-08-02 19:00,52.162021048,52.162021048,51.70920251,51.935611779,51.70920251,-0.868100063,18976.750923188,-79.607521426
2024-08-02 20:00,51.70920251,51.996526335,51.70920251,51.852864423,51.789023379,0.15436492,16228.547249525,-14.481950492
2024-08-02 22:00,51.789023379,51.789023379,51.209643918,51.499333649,51.209643918,-1.118730231,22600.598034333,39.264455942
2024-08-02 23:00,51.209643918,51.567174174,51.209643918,51.388409046,51.451096991,0.471499222,29509.992627402,30.571733467
2024-08-03 00:00,51.451096991,51.451096991,51.147809542,51.299453266,51.147809542,-0.589467411,38816.793009411,31.537792976
2024-08-03 01:00,51.147809542,51.268369711,50.908683237,51.088526474,50.908733771,-0.467421328,12124.471993968,-68.764879698
2024-08-03 02:00,50.908733771,50.960505361,50.563839495,50.762172428,50.947830137,0.076796972,39903.672599755,229.116786443
2024-08-03 03:00,50.947830137,51.138830553,50.245085812,50.691958182,50.245085812,-1.37934103,33040.060012285,-17.200453343
2024-08-03 04:00,50.245085812,50.572329022,49.492811593,50.032570308,50.228341869,-0.03332454,159950.275604424,384.110124331
2024-08-03 05:00,50.228341869,50.911066839,50.228341869,50.569704354,50.911066839,1.359242502,976.275631351,-99.389638044
2024-08-03 06:00,50.911066839,51.114006439,50.669286301,50.89164637,51.114006439,0.398615884,12434.69634703,1173.687055962
2024-08-03 07:00,51.114006439,51.561853091,51.114006439,51.337929765,51.561853091,0.876172078,61762.074478341,396.691457151
2024-08-03 08:00,51.561853091,51.645720973,51.494898854,51.570309914,51.645720973,0.162654904,24986.223217994,-59.544391232
2024-08-03 09:00,51.645720973,51.851966554,51.645720973,51.748843764,51.851966554,0.39934689,2600.005393798,-89.594244112
2024-08-03 10:00,51.851966554,52.082499581,51.851966554,51.967233068,52.082499581,0.444598426,2412.859508383,-7.197903737
2024-08-03 11:00,52.082499581,52.082499581,51.522851228,51.802675405,51.522851228,-1.074542039,17199.064409349,612.808364913
2024-08-03 12:00,51.522851228,51.522851228,51.4810864,51.501968814,51.4810864,-0.081060786,4084.049166299,-76.254236457
2024-08-03 13:00,51.4810864,51.796300888,51.40387804,51.600089464,51.796300888,0.612291833,20774.343511909,408.67025998
2024-08-03 14:00,51.796300888,51.796300888,51.489088069,51.642694479,51.489088069,-0.593117294,154.467264208,-99.256451766
2024-08-03 15:00,51.489088069,52.04082311,51.489088069,51.76495559,51.801832252,0.607398955,23008.947022705,14795.678473116
2024-08-03 16:00,51.801832252,52.20970418,51.608410686,51.909057433,51.608410686,-0.373387499,64677.655639496,181.097851091
2024-08-03 17:00,51.608410686,52.011345449,51.608410686,51.809878068,51.99935671,0.757523858,12365.675277332,-80.881070665
2024-08-03 18:00,51.99935671,51.99935671,50.438239034,51.218797872,50.438239034,-3.002186517,30436.68665112,146.138491983
2024-08-03 19:00,50.438239034,50.647475631,49.772440403,50.209958017,49.903772967,-1.059644582,100800.459933737,231.180792079
2024-08-03 20:00,49.903772967,49.949817807,48.21229627,49.081057039,48.707070452,-2.398020117,335361.59525004,232.69847724
2024-08-03 21:00,48.707070452,48.952674344,48.309867736,48.63127104,48.511838275,-0.400829233,68810.023285568,-79.481841612
2024-08-03 22:00,48.511838275,48.511838275,48.184944114,48.348391195,48.329949902,-0.374936057,21536.24283017,-68.701881206
2024-08-03 23:00,48.329949902,48.833997687,48.329949902,48.581973794,48.833997687,1.042930493,18114.753355509,-15.887123402
2024-08-04 00:00,48.833997687,49.037150346,48.149618461,48.593384404,49.037150346,0.416006612,32055.188710984,76.956252629
2024-08-04 01:00,49.037150346,49.282082695,49.037150346,49.159616521,49.282082695,0.499483242,25492.87529837,-20.47192257
2024-08-04 02:00,49.282082695,49.282082695,49.134021037,49.208051866,49.134021037,-0.300437095,6760.210844838,-73.481960094
2024-08-04 03:00,49.134021037,49.473613352,49.134021037,49.303817195,49.473613352,0.691155147,35933.144799742,431.538817716
2024-08-04 04:00,49.473613352,49.519190834,49.274915297,49.397053065,49.399080976,-0.150650764,38678.949209612,7.641425278
2024-08-04 05:00,49.399080976,50.115338445,49.399080976,49.757209711,49.822678775,0.857501377,17640.847813861,-54.391605319
2024-08-04 06:00,49.822678775,50.135576552,49.822678775,49.979127663,49.851676348,0.058201553,5205.971888623,-70.489106059
2024-08-04 07:00,49.851676348,49.851676348,49.751445029,49.801560689,49.751445029,-0.201059076,501.945796035,-90.358269181
2024-08-04 08:00,49.751445029,49.751445029,49.52057136,49.636008194,49.52057136,-0.464054197,18499.931393032,3585.643258526
2024-08-04 09:00,49.52057136,49.749889487,49.399897026,49.574893257,49.749889487,0.463076498,23358.588733039,26.263110045
2024-08-04 10:00,49.749889487,49.749889487,48.870169021,49.310029254,48.870169021,-1.768286273,19090.826377505,-18.27063443
2024-08-04 11:00,48.870169021,48.997552811,48.814328935,48.905940873,48.997552811,0.26065756,11292.025913411,-40.851036565
2024-08-04 12:00,48.997552811,49.348658197,48.997552811,49.173105504,49.134629797,0.279762922,2828.902307942,-74.947787672
2024-08-04 13:00,49.134629797,49.400423858,49.095936351,49.248180104,49.102107239,-0.066190704,2211.661926544,-21.819077303
2024-08-04 15:00,49.102107239,49.43575519,49.102107239,49.268931215,49.43575519,0.679498233,13051.502037511,490.121929616
2024-08-04 16:00,49.43575519,49.490083938,49.43575519,49.462919564,49.490083938,0.109897679,6659.449623929,-48.975607522
2024-08-04 17:00,49.490083938,49.490083938,47.667079209,48.578581574,47.667079209,-3.683575747,85619.585033582,1185.685602695
2024-08-04 18:00,47.667079209,47.667079209,46.900022385,47.283550797,46.900022385,-1.609196193,80120.5680555,-6.422615779
2024-08-04 19:00,46.900022385,46.900022385,45.725917624,46.312970005,45.725917624,-2.503420469,140777.949885975,75.707628269
2024-08-04 20:00,45.725917624,45.725917624,43.412601287,44.569259456,44.293027781,-3.133649181,131878.991151509,-6.321273141
2024-08-04 21:00,44.293027781,45.309083738,44.261241653,44.785162696,45.309083738,2.293941073,167215.423950842,26.79458835
2024-08-04 22:00,45.309083738,46.835606572,45.309083738,46.072345155,46.590328219,2.827787224,94168.765719719,-43.684162923
2024-08-04 23:00,46.590328219,46.886635748,46.063136632,46.47488619,46.063136632,-1.131547271,58315.55277634,-38.073359749
2024-08-05 00:00,46.063136632,46.217316793,45.808994533,46.013155663,45.808994533,-0.551725561,12120.193316428,-79.21619064
2024-08-05 01:00,45.808994533,46.336534948,45.808994533,46.07276474,45.987672752,0.390050516,54214.751743652,347.309298856
2024-08-05 02:00,45.987672752,45.987672752,45.094306492,45.540989622,45.094306492,-1.942621157,45741.814328136,-15.62847222
2024-08-05 03:00,45.094306492,45.094306492,42.374140136,43.734223314,42.374140136,-6.0321725,83487.458642636,82.518905008
2024-08-05 04:00,42.374140136,42.918019011,37.589145448,40.25358223,39.934553008,-5.757254592,395696.848833755,373.959628508
2024-08-05 05:00,39.934553008,40.055888424,39.101391154,39.578639789,40.055888424,0.303835669,33056.948269119,-91.645890442
2024-08-05 06:00,40.055888424,40.345550747,39.326401567,39.835976157,39.326401567,-1.821172581,143574.046560302,334.323354326
2024-08-05 07:00,39.326401567,40.050746256,39.08736008,39.569053168,39.410668282,0.214275172,75944.169860591,-47.104527817
2024-08-05 08:00,39.410668282,39.670811784,38.460937461,39.065874622,38.817592425,-1.504861202,100964.965433735,32.946302026
2024-08-05 09:00,38.817592425,38.817592425,35.707655632,37.262624028,36.174400013,-6.80926417,155735.15442355,54.246726827
2024-08-05 10:00,36.174400013,38.735178984,36.174400013,37.454789498,38.735178984,7.078981187,37661.23209075,-75.817128618
2024-08-05 11:00,38.735178984,38.735178984,37.626461738,38.180820361,37.862959425,-2.251750429,25480.830137471,-32.34201665
2024-08-05 12:00,37.862959425,37.99791699,37.498836403,37.748376696,37.498836403,-0.961686641,43100.063182309,69.14701346
2024-08-05 13:00,37.498836403,37.498836403,36.28763385,36.893235126,36.28763385,-3.229973698,137148.067558191,218.208506976
2024-08-05 14:00,36.28763385,36.28763385,35.07730951,35.68247168,36.264416623,-0.063981099,144541.797632727,5.391056692
2024-08-05 15:00,36.264416623,36.475423442,35.741486537,36.108454989,35.741486537,-1.441992275,59098.81353138,-59.112993958
2024-08-05 16:00,35.741486537,37.552384983,34.904619242,36.228502113,37.344759012,4.485746483,131590.622781365,122.662038234
2024-08-05 17:00,37.344759012,38.96772912,37.344759012,38.156244066,38.96772912,4.345911316,49554.784769513,-62.341705114
2024-08-05 18:00,38.96772912,39.123215185,38.91702932,39.020122253,39.007789149,0.102803089,35051.132478044,-29.267915014
2024-08-05 19:00,39.007789149,40.128112004,39.007789149,39.567950577,39.65214467,1.651863729,69853.739390534,99.290962808
2024-08-05 20:00,39.65214467,40.012650599,39.188945027,39.600797813,39.632418252,-0.049748679,32197.830135438,-53.906790937
2024-08-05 21:00,39.632418252,39.632418252,38.617459098,39.124938675,38.617459098,-2.560931677,41480.390076123,28.829768657
2024-08-05 22:00,38.617459098,38.617459098,37.836826229,38.227142664,38.282496804,-0.86738564,28771.688543725,-30.637854439
2024-08-05 23:00,38.282496804,39.119150204,38.282496804,38.700823504,38.942306276,1.723527793,17959.798050729,-37.57822721
2024-08-06 00:00,38.942306276,39.233363995,38.797719907,39.015541951,39.045497055,0.264983739,8382.993533542,-53.323564609
2024-08-06 01:00,39.045497055,39.525128955,38.747109637,39.136119296,39.481610831,1.116937441,31334.239655959,273.783416754
2024-08-06 02:00,39.481610831,39.805514452,39.134318131,39.469916292,39.154850197,-0.827627411,27491.454725065,-12.263852492
2024-08-06 03:00,39.154850197,41.308374712,39.154850197,40.231612454,41.308374712,5.500019803,66815.485474831,143.0409236
2024-08-06 04:00,41.308374712,41.839698048,41.308374712,41.57403638,41.37451625,0.160116535,40772.87559264,-38.97690737
2024-08-06 05:00,41.37451625,41.407732756,40.887443776,41.147588266,40.887443776,-1.177228204,90112.325853586,121.010474596
2024-08-06 06:00,40.887443776,40.95639302,40.887443776,40.921918398,40.891156905,0.009081343,796.271625698,-99.116356594
2024-08-06 07:00,40.891156905,41.004148654,40.770376745,40.8872627,40.998356501,0.262158384,8639.619134909,985.009041649
2024-08-06 08:00,40.998356501,41.478002872,40.982350678,41.230176775,41.478002872,1.169916095,16765.90408404,94.058370192
2024-08-06 09:00,41.478002872,41.742196213,41.222349991,41.482273102,41.688137643,0.506617379,23528.655678522,40.336337132
2024-08-06 10:00,41.688137643,41.708849271,41.613456656,41.661152964,41.654388391,-0.080956488,21437.663150697,-8.887003815
2024-08-06 11:00,41.654388391,41.815973454,40.646886635,41.231430045,40.646886635,-2.418716957,24950.516709664,16.386364196
2024-08-06 12:00,40.646886635,40.981286253,40.646886635,40.814086444,40.981286253,0.822694296,21675.012034596,-13.128003372
2024-08-06 13:00,40.981286253,41.042488502,40.981286253,41.011887377,41.042488502,0.149341941,14603.522353133,-32.625078455
2024-08-06 14:00,41.042488502,41.159364807,41.042488502,41.100926654,41.091737588,0.119995372,32309.189898751,121.242444922
2024-08-06 15:00,41.091737588,41.394624323,41.042129928,41.218377125,41.119987617,0.068748684,25403.224269141,-21.374617102
2024-08-06 16:00,41.119987617,41.422095519,40.777969055,41.100032287,41.422095519,0.734698427,4078.748559827,-83.943972952
2024-08-06 17:00,41.422095519,43.073414825,41.422095519,42.247755172,42.826823606,3.391253071,34804.539735127,753.314177734
2024-08-06 18:00,42.826823606,42.924318535,42.28678948,42.605554008,42.799571145,-0.063634093,23019.240452784,-33.861385245
2024-08-06 19:00,42.799571145,42.999116707,42.665181574,42.83214914,42.999116707,0.46623262,13097.430700538,-43.102246456
2024-08-06 20:00,42.999116707,43.257658844,42.941811101,43.099734972,42.941811101,-0.133271588,33896.66230787,158.803906529
2024-08-06 21:00,42.941811101,42.941811101,42.633877289,42.787844195,42.684708372,-0.598723534,5134.699604158,-84.851902062
2024-08-06 22:00,42.684708372,43.022888416,42.565430606,42.794159511,43.022888416,0.792274462,8440.755677029,64.386552822
2024-08-06 23:00,43.022888416,43.022888416,42.592240504,42.80756446,42.592240504,-1.000973963,400.288831012,-95.257665945
2024-08-07 00:00,42.592240504,42.718204495,42.379355225,42.54877986,42.489526105,-0.241157541,5079.760431569,1169.02377434
2024-08-07 01:00,42.489526105,42.983894779,42.112155458,42.548025119,42.146795032,-0.806624841,4422.145370547,-12.945788879
2024-08-07 02:00,42.146795032,42.223490007,42.146795032,42.18514252,42.223490007,0.181971072,24.489624204,-99.446204904
2024-08-07 03:00,42.223490007,42.304655474,41.840503538,42.072579506,42.303996189,0.190666811,6815.133007381,27728.654905369
2024-08-07 04:00,42.303996189,42.521557255,41.88628182,42.203919538,42.521557255,0.514280176,15834.89606686,132.349039259
2024-08-07 05:00,42.521557255,43.269580643,42.521557255,42.895568949,42.586794426,0.153421407,28084.54110085,77.358543954
2024-08-07 06:00,42.586794426,42.953581498,42.586794426,42.770187962,42.693024583,0.249443889,11527.890306307,-58.952897735
2024-08-07 07:00,42.693024583,43.645270369,42.693024583,43.169147476,43.394528324,1.643134325,47378.796696981,310.992778714
2024-08-07 08:00,43.394528324,43.682533136,43.346471534,43.514502335,43.486057204,0.210922628,8049.414173541,-83.010513701
2024-08-07 09:00,43.486057204,43.486057204,42.894292193,43.190174699,42.894292193,-1.360815509,22404.131987713,178.332453824
2024-08-07 10:00,42.894292193,42.894292193,42.514191457,42.704241825,42.768265506,-0.293807594,102585.913683722,357.888365146
2024-08-07 11:00,42.768265506,43.02416836,42.737270652,42.880719506,42.803862666,0.08323265,36758.754024545,-64.167834838
2024-08-07 12:00,42.803862666,42.961676538,42.782851017,42.872263778,42.94921897,0.339586885,6403.353793688,-82.580057557
2024-08-07 13:00,42.94921897,43.597313755,42.754909893,43.176111824,43.597313755,1.508979208,51628.0039493,706.265054419
2024-08-07 14:00,43.597313755,43.597313755,42.467305069,43.032309412,42.467305069,-2.591922732,16159.692176075,-68.699754126
2024-08-07 15:00,42.467305069,42.565903938,42.216548285,42.391226111,42.216548285,-0.590470207,12831.352925951,-20.59655106
2024-08-07 16:00,42.216548285,42.653614919,42.063540475,42.358577697,42.310209288,0.221858506,51865.785483662,304.211354664
2024-08-07 17:00,42.310209288,42.310209288,40.178520975,41.244365131,40.802464102,-3.563549345,95012.329005876,83.188836571
2024-08-07 18:00,40.802464102,40.873189083,40.355102385,40.614145734,40.437515413,-0.894428061,148229.097170301,56.010381728
2024-08-07 19:00,40.437515413,40.88387618,40.437515413,40.660695797,40.828092839,0.965878892,28971.24743965,-80.455087434
2024-08-07 20:00,40.828092839,40.828092839,40.111176665,40.469634752,40.590644197,-0.581581518,12687.554141869,-56.206393362
2024-08-07 21:00,40.590644197,40.590644197,40.113760696,40.352202447,40.113760696,-1.174860638,160.455042783,-98.735335109
2024-08-07 22:00,40.113760696,40.113760696,39.214307995,39.664034345,39.809187017,-0.759274807,348361.580853329,217008.527604112
2024-08-07 23:00,39.809187017,39.902749293,39.418590237,39.660669765,39.418590237,-0.981172461,22419.472779735,-93.56430961
2024-08-08 00:00,39.418590237,39.926783104,39.418590237,39.672686671,39.926783104,1.289221315,19808.040584189,-11.648053552
2024-08-08 01:00,39.926783104,39.926783104,39.249830256,39.58830668,39.591845621,-0.838879212,13934.396891601,-29.652825415
2024-08-08 02:00,39.591845621,40.028118211,39.591845621,39.809981916,39.930030809,0.854178891,32027.411088079,129.844257611
2024-08-08 03:00,39.930030809,40.132635674,39.602361619,39.867498647,40.132635674,0.507399722,17291.954803209,-46.008889836
2024-08-08 04:00,40.132635674,41.888166772,40.132635674,41.010401223,41.888166772,4.374322962,122424.997542308,607.988188354
2024-08-08 05:00,41.888166772,42.036084583,41.848514138,41.942299361,42.036084583,0.35312553,5848.0061488,-95.223192758
2024-08-08 06:00,42.036084583,42.036084583,41.7528833,41.894483941,41.7528833,-0.673709947,3637.175201032,-37.804867018
2024-08-08 07:00,41.7528833,41.883439391,41.7528833,41.818161345,41.883439391,0.312687606,4367.149085192,20.06980263
2024-08-08 08:00,41.883439391,41.967265224,41.520389385,41.743827304,41.967265224,0.200140757,27553.087726006,530.917039664
2024-08-08 09:00,41.967265224,41.967265224,41.548214813,41.757740018,41.820820624,-0.348949589,30473.507008288,10.599245033
2024-08-08 10:00,41.820820624,41.820820624,41.438816099,41.629818362,41.438816099,-0.913431443,52.473158681,-99.827807286
2024-08-08 11:00,41.438816099,41.516864594,41.438816099,41.477840347,41.516864594,0.188346343,1831.417464281,3390.198627863
2024-08-08 12:00,41.516864594,41.594577801,41.435477193,41.515027497,41.594577801,0.187184671,29782.791490971,1526.215326207
2024-08-08 13:00,41.594577801,41.726104049,41.594577801,41.660340925,41.61519071,0.049556722,5774.917493698,-80.609885089
2024-08-08 15:00,41.61519071,42.595308097,41.61519071,42.105249404,42.595308097,2.355191388,140982.54867278,2341.291132326
2024-08-08 16:00,42.595308097,42.595308097,42.176454815,42.385881456,42.176454815,-0.98333197,37867.998050857,-73.13993937
2024-08-08 17:00,42.176454815,42.671322098,41.862701666,42.267011882,42.671322098,1.173325935,13366.505506546,-64.702370882
2024-08-08 19:00,42.671322098,44.084348157,42.671322098,43.377835127,43.82545501,2.704703899,117770.200068228,781.08443909
2024-08-08 20:00,43.82545501,44.054273016,43.816903491,43.935588253,44.054273016,0.522112105,18623.891147963,-84.186244791
2024-08-08 21:00,44.054273016,44.054273016,43.557423319,43.805848167,43.56353196,-1.113946553,28764.127365656,54.44746287
2024-08-08 22:00,43.56353196,43.790556867,43.450625288,43.620591077,43.450625288,-0.259177039,18663.820706947,-35.11424675
2024-08-08 23:00,43.450625288,43.765522619,43.450625288,43.608073953,43.765522619,0.72472451,22716.792819696,21.71566142
2024-08-09 00:00,43.765522619,44.509125451,43.765522619,44.137324035,44.505305496,1.690332557,91078.364698548,300.929679737
2024-08-09 01:00,44.505305496,45.394032661,44.401484038,44.897758349,45.394032661,1.996901615,48127.134874242,-47.158543049
2024-08-09 02:00,45.394032661,45.826257966,45.394032661,45.610145313,45.65897558,0.583651427,36335.189424545,-24.501656873
2024-08-09 03:00,45.65897558,45.65897558,45.105482813,45.382229196,45.105482813,-1.212232118,27931.431744467,-23.128426776
2024-08-09 04:00,45.105482813,45.167902869,44.973048271,45.07047557,44.973048271,-0.29361074,5085.920252274,-81.791408694
2024-08-09 05:00,44.973048271,45.409876632,44.973048271,45.191462451,45.409876632,0.971311436,2640.760354358,-48.077039683
2024-08-09 06:00,45.409876632,45.409876632,45.297024095,45.353450364,45.297024095,-0.248519804,16067.771889101,508.452480839
2024-08-09 07:00,45.297024095,46.150693117,45.297024095,45.723858606,45.535211122,0.525833718,162752.554504675,912.913026324
2024-08-09 08:00,45.535211122,46.330324338,45.318287774,45.824306056,45.909017545,0.820917294,247332.488919593,51.968422046
2024-08-09 09:00,45.909017545,46.800563183,45.909017545,46.354790364,46.545536126,1.386478334,61483.006007197,-75.141556908
2024-08-09 10:00,46.545536126,47.069109548,46.369397487,46.719253518,46.564477421,0.040694117,91208.818473788,48.348014186
2024-08-09 11:00,46.564477421,46.564477421,46.254553096,46.409515259,46.254553096,-0.665581022,22680.883813766,-75.133014336
2024-08-09 12:00,46.254553096,46.254553096,45.92911197,46.091832533,45.92911197,-0.703587225,41333.606987776,82.239842711
2024-08-09 13:00,45.92911197,46.059250266,45.692106307,45.875678287,45.758167122,-0.372192799,91930.649333062,122.411388777
2024-08-09 14:00,45.758167122,45.905141961,45.626845734,45.765993848,45.843484715,0.186453257,27522.844347699,-70.061296698
2024-08-09 15:00,45.843484715,45.843484715,45.52660854,45.685046628,45.52660854,-0.691213108,11822.380777289,-57.045207145
2024-08-09 16:00,45.52660854,45.653846121,44.869971474,45.261908798,45.408396777,-0.259654226,3858.487095005,-67.362858906
2024-08-09 17:00,45.408396777,45.408396777,44.75741495,45.082905863,45.28174829,-0.278909841,18766.944046514,386.380894491
2024-08-09 18:00,45.28174829,45.28174829,44.89001845,45.08588337,44.89001845,-0.865094336,8228.770438771,-56.152848229
2024-08-09 19:00,44.89001845,44.980951592,44.89001845,44.935485021,44.980951592,0.202568732,13209.534312844,60.528652624
2024-08-09 20:00,44.980951592,45.105203371,44.980951592,45.043077481,45.06681722,0.190893313,9898.207318757,-25.067704248
2024-08-09 21:00,45.06681722,45.16320686,44.881051972,45.022129416,44.908236306,-0.351879553,5641.606008503,-43.003759905
2024-08-09 22:00,44.908236306,45.2916203,44.908236306,45.099928303,45.2916203,0.853705302,2059.796532867,-63.489181454
2024-08-09 23:00,45.2916203,45.2916203,45.086631672,45.189125986,45.086631672,-0.45259725,445.06997008,-78.392527467
2024-08-10 00:00,45.086631672,45.396917142,44.644166151,45.020541646,45.396917142,0.688198383,1752.11142011,293.671004089
2024-08-10 01:00,45.396917142,45.396917142,45.064807346,45.230862244,45.137046947,-0.572440181,1975.243901006,12.735062299
2024-08-10 02:00,45.137046947,45.168602992,45.00283995,45.085721471,45.00283995,-0.29733225,69.33016691,-96.490045261
2024-08-10 03:00,45.00283995,45.74703899,45.00283995,45.37493947,45.216559266,0.474901841,5395.595358727,7682.46411227
2024-08-10 04:00,45.216559266,45.216559266,44.890173582,45.053366424,45.094825101,-0.269224741,14090.983239983,161.157153254
2024-08-10 05:00,45.094825101,45.15417482,45.094825101,45.124499961,45.15417482,0.131610929,156.345769206,-98.890455218
2024-08-10 06:00,45.15417482,45.15417482,44.922655839,45.038415329,44.922655839,-0.512729956,17329.516478782,10984.096849406
2024-08-10 07:00,44.922655839,44.930350572,44.80592442,44.868137496,44.80592442,-0.259849773,19329.217021911,11.539274887
2024-08-10 08:00,44.80592442,44.80592442,44.710319981,44.7581222,44.765525783,-0.090163604,2046.649733897,-89.411626288
2024-08-10 09:00,44.765525783,44.990111372,44.765525783,44.877818578,44.990111372,0.501693178,8713.877134407,325.76299159
2024-08-10 11:00,44.990111372,45.231320201,44.990111372,45.110715787,45.231320201,0.536137435,1753.734581859,-79.874233308
2024-08-10 12:00,45.231320201,45.231320201,45.143882146,45.187601173,45.174472226,-0.125682768,9717.054580595,454.077833733
2024-08-10 13:00,45.174472226,45.422765181,45.13953624,45.281150711,45.422765181,0.549631115,8343.569801874,-14.134785056
2024-08-10 14:00,45.422765181,45.422765181,45.154460363,45.288612772,45.177307558,-0.540384591,2332.29717351,-72.046771
2024-08-10 15:00,45.177307558,45.525976096,45.177307558,45.351641827,45.525976096,0.77177804,12831.326254428,450.158290297
2024-08-10 16:00,45.525976096,45.525976096,44.942872702,45.234424399,44.942872702,-1.2808147,44.942872702,-99.649741018
2024-08-10 17:00,44.942872702,45.156657313,44.876487411,45.016572362,45.156657313,0.475680788,304.288437006,577.05604629
2024-08-10 18:00,45.156657313,45.295476169,44.959887305,45.127681737,44.959887305,-0.435749721,24581.006999317,7978.192928123
2024-08-10 19:00,44.959887305,44.959887305,44.383426842,44.671657073,44.473343316,-1.082173505,44308.410943318,80.254661433
2024-08-10 20:00,44.473343316,44.752370037,44.473343316,44.612856677,44.752370037,0.627402169,215.877384211,-99.512784639
2024-08-10 21:00,44.752370037,45.29030269,44.752370037,45.021336363,45.261646012,1.137986602,55250.977133989,25493.684737252
2024-08-10 22:00,45.261646012,45.261646012,44.947084382,45.104365197,44.947084382,-0.694984955,56.399439722,-99.897921371
2024-08-10 23:00,44.947084382,44.947084382,44.940711506,44.943897944,44.944524418,-0.005695506,699.675193337,1140.571177272
2024-08-11 00:00,44.944524418,45.290703397,44.944524418,45.117613907,45.290703397,0.770236159,1213.253261792,73.402354885
2024-08-11 01:00,45.290703397,45.314365674,45.030403821,45.172384747,45.046151274,-0.539960973,914.717318138,-24.606234581
2024-08-11 03:00,45.046151274,45.362602403,45.046151274,45.204376838,45.248338401,0.448844398,3443.954626106,276.504801846
2024-08-11 04:00,45.248338401,45.254458067,45.175505501,45.214981784,45.175505501,-0.160962595,12369.166396251,259.155904741
2024-08-11 06:00,45.175505501,45.780987981,45.175505501,45.478246741,45.780987981,1.34028933,7569.101366563,-38.806697848
2024-08-11 07:00,45.780987981,45.780987981,45.410060438,45.59552421,45.410060438,-0.810221795,20866.737258712,175.68315244
2024-08-11 08:00,45.410060438,45.410060438,45.292150779,45.351105609,45.292150779,-0.259655367,14594.95069031,-30.056383471
2024-08-11 10:00,45.292150779,45.744272103,45.292150779,45.518211441,45.697187755,0.894276312,16960.171570272,16.20574766
2024-08-11 11:00,45.697187755,46.175455481,45.697187755,45.936321618,46.100334,0.882212375,31071.297277477,83.20155046
2024-08-11 12:00,46.100334,46.860054957,46.094358943,46.47720695,46.369423246,0.583703462,25949.607532261,-16.483668833
2024-08-11 13:00,46.369423246,46.435823249,46.101434887,46.268629068,46.396530654,0.058459662,13892.237138042,-46.464557814
2024-08-11 14:00,46.396530654,46.396530654,45.553897167,45.97521391,45.553897167,-1.816156242,9347.186726499,-32.716475873
2024-08-11 15:00,45.553897167,45.553897167,45.208671095,45.381284131,45.208671095,-0.757840915,9229.169416783,-1.262597113
2024-08-11 16:00,45.208671095,45.383087322,44.854501083,45.118794202,45.383087322,0.385802595,84029.614953065,810.478626606
2024-08-11 17:00,45.383087322,45.383087322,45.144496907,45.263792114,45.364138374,-0.041753324,13997.958483419,-83.341636766
2024-08-11 18:00,45.364138374,45.364138374,44.340346491,44.852242433,44.536839513,-1.823684724,28861.135307704,106.18103234
2024-08-11 19:00,44.536839513,44.536839513,44.38785942,44.462349466,44.401444907,-0.304005868,805.495619729,-97.209064678
2024-08-11 20:00,44.401444907,44.618251495,44.401444907,44.509848201,44.618251495,0.488287237,2227.458464456,176.532660129
2024-08-11 21:00,44.618251495,44.948743585,44.618251495,44.78349754,44.948743585,0.740710535,22687.43844791,918.534747558
2024-08-11 22:00,44.948743585,44.984745247,44.016169267,44.500457257,44.016169267,-2.074750578,25746.948026894,13.485478257
2024-08-11 23:00,44.016169267,44.276581832,43.376750328,43.82666608,43.58145246,-0.987629806,21290.101345246,-17.310194113
2024-08-12 00:00,43.58145246,43.58145246,43.111490923,43.346471692,43.380547792,-0.460986628,35603.044471264,67.228158729
2024-08-12 01:00,43.380547792,43.821968399,43.192016239,43.506992319,43.192016239,-0.434599292,26270.61284705,-26.212453915
2024-08-12 02:00,43.192016239,43.205801695,43.068211818,43.137006756,43.068211818,-0.286637281,6047.917139557,-76.978393406
2024-08-12 03:00,43.068211818,43.566673653,43.068211818,43.317442735,43.101332262,0.076902298,56306.657365212,831.009074131
2024-08-12 04:00,43.101332262,43.238420386,43.101332262,43.169876324,43.238420386,0.318060062,183.267214914,-99.674519456
2024-08-12 05:00,43.238420386,43.543334617,43.238420386,43.390877502,43.543334617,0.705192808,8242.988164252,4397.797474632
2024-08-12 07:00,43.543334617,43.543334617,43.182443415,43.362889016,43.182443415,-0.828809289,254.770957908,-96.90924028
2024-08-12 08:00,43.182443415,43.249803196,43.182443415,43.216123306,43.224430591,0.097232051,12904.996577026,4965.332674876
2024-08-12 09:00,43.224430591,43.442715034,43.108027713,43.275371374,43.130484592,-0.217344675,29018.850853914,124.8652348
2024-08-12 10:00,43.130484592,43.877495091,42.90693083,43.39221296,43.877495091,1.731977987,20966.886920089,-27.747356277
2024-08-12 11:00,43.877495091,44.257687376,43.877495091,44.067591234,44.257687376,0.866485848,21797.286378348,3.960528148
2024-08-12 12:00,44.257687376,44.257687376,43.597301588,43.927494482,43.597301588,-1.492138039,9435.461274608,-56.712679226
2024-08-12 13:00,43.597301588,44.875983191,43.597301588,44.236642389,44.656424776,2.429331977,23855.186177467,152.824800857
2024-08-12 14:00,44.656424776,45.708735758,44.656424776,45.182580267,45.461306916,1.802388219,18378.053794077,-22.959923023
2024-08-12 15:00,45.461306916,45.640992121,45.404986006,45.522989064,45.445397733,-0.034994997,17012.607036912,-7.429767986
2024-08-12 16:00,45.445397733,45.56423631,44.585678426,45.074957368,44.585678426,-1.891763192,14576.610883564,-14.318770475
2024-08-12 17:00,44.585678426,46.139725454,44.106909626,45.12331754,45.735668643,2.579281638,19010.292629679,30.416410107
2024-08-12 18:00,45.735668643,51.535463832,45.42947236,48.482468096,46.615953785,1.924723457,1743841.79367883,9073.145451514
2024-08-12 19:00,46.615953785,47.352253452,46.615953785,46.984103619,46.677400441,0.131814648,81394.692635966,-95.332449714
2024-08-12 20:00,46.677400441,46.837308364,46.514231747,46.675770056,46.514231747,-0.349566797,10034.04420474,-87.672360593
2024-08-12 21:00,46.514231747,46.833156727,46.514231747,46.673694237,46.833156727,0.685650323,15406.742480783,53.544694108
2024-08-12 22:00,46.833156727,46.833156727,46.008519654,46.420838191,46.072784868,-1.623575928,40963.589777947,165.880927322
2024-08-12 23:00,46.072784868,46.622894506,46.000024549,46.311459528,46.597088424,1.13798972,23667.556010809,-42.222944476
2024-08-13 00:00,46.597088424,46.597088424,45.998447323,46.297767874,46.124215635,-1.014811878,39825.925555418,68.272235364
2024-08-13 01:00,46.124215635,46.218457188,46.124215635,46.171336412,46.218457188,0.204321204,8171.426025688,-79.482144076
2024-08-13 02:00,46.218457188,47.165064222,46.218457188,46.691760705,46.865198516,1.399313969,110990.017278379,1258.269865376
2024-08-13 03:00,46.865198516,46.885383235,46.306145107,46.595764171,46.306145107,-1.192896705,91293.198953153,-17.746477393
2024-08-13 04:00,46.306145107,46.530883639,46.039139696,46.285011667,46.234793023,-0.154087723,58833.07751996,-35.555903184
2024-08-13 05:00,46.234793023,46.234793023,46.026790398,46.130791711,46.026790398,-0.449883325,12837.126766184,-78.180426204
2024-08-13 06:00,46.026790398,46.026790398,45.183495996,45.605143197,45.183495996,-1.83218164,44791.464600349,248.92126109
2024-08-13 07:00,45.183495996,45.183495996,44.820255113,45.001875554,44.820255113,-0.80392381,47045.218985144,5.031660395
2024-08-13 08:00,44.820255113,45.259961169,44.820255113,45.040108141,45.259961169,0.981043179,14587.411169099,-68.992787187
2024-08-13 09:00,45.259961169,45.271479418,45.008904294,45.140191856,45.054475397,-0.454012257,11687.752644545,-19.877814445
2024-08-13 10:00,45.054475397,45.100773096,44.945874867,45.023323981,45.02981525,-0.054734069,2199.525544262,-81.180936908
2024-08-13 11:00,45.02981525,45.02981525,44.729457647,44.879636449,44.729457647,-0.667019398,10512.050274522,377.923536826
2024-08-13 12:00,44.729457647,44.729457647,44.617827032,44.67364234,44.617827032,-0.249568451,202.958703105,-98.069275757
2024-08-13 13:00,44.617827032,44.899187289,44.342064707,44.620625998,44.495978508,-0.273093812,3570.031483251,1658.994036048
2024-08-13 14:00,44.495978508,44.609184761,44.495978508,44.552581634,44.609184761,0.254419067,5003.9387645,40.165115853
2024-08-13 15:00,44.609184761,44.729382757,44.609184761,44.669283759,44.665433237,0.126091691,4826.427421636,-3.547432357
2024-08-13 16:00,44.665433237,45.343894296,44.665433237,45.004663766,45.343894296,1.518984617,3029.452227617,-37.231994538
2024-08-13 17:00,45.343894296,45.343894296,44.942683569,45.143288933,44.942683569,-0.884817534,3374.658779659,11.395015538
2024-08-13 18:00,44.942683569,44.942683569,44.831880453,44.887282011,44.831880453,-0.246543167,1072.73723549,-68.21197918
2024-08-13 19:00,44.831880453,46.006784358,44.831880453,45.419332406,45.787079735,2.130625064,4320.954266548,302.797080552
2024-08-13 20:00,45.787079735,46.228380745,45.787079735,46.00773024,46.228380745,0.963811217,6480.253457305,49.972738834
2024-08-13 21:00,46.228380745,46.228380745,45.993667219,46.111023982,45.993667219,-0.507726039,8143.600745838,25.667935668
2024-08-13 22:00,45.993667219,45.993667219,45.837122947,45.915395083,45.837122947,-0.340360492,3909.388868996,-51.994345118
2024-08-13 23:00,45.837122947,45.961163882,45.837122947,45.899143414,45.95969765,0.267413605,1173.133526072,-69.991894759
2024-08-14 00:00,45.95969765,46.23138948,45.95969765,46.095543565,46.23138948,0.591152345,11007.205017923,838.273842943
2024-08-14 01:00,46.23138948,46.322527928,46.157820933,46.24017443,46.159264616,-0.156008429,665.170595433,-93.956952793
2024-08-14 02:00,46.159264616,46.463824806,46.085532387,46.274678596,46.305880258,0.317629935,24788.704020685,3626.668645743
2024-08-14 03:00,46.305880258,46.346917393,46.026879306,46.18689835,46.346917393,0.088621867,3612.603568199,-85.426412106
2024-08-14 04:00,46.346917393,46.346917393,45.98835175,46.167634572,46.192883198,-0.332350465,33438.24134178,825.599521523
2024-08-14 05:00,46.192883198,46.198153971,45.952260498,46.075207235,45.998078543,-0.421720061,14437.397280367,-56.823694366
2024-08-14 06:00,45.998078543,46.218746007,45.998078543,46.108412275,46.218746007,0.479731917,878.156174127,-93.917489717
2024-08-14 07:00,46.218746007,46.310301259,45.955031469,46.132666364,45.955031469,-0.570579171,86860.065516,9791.18656512
2024-08-14 08:00,45.955031469,46.429536372,45.929437764,46.179487068,46.429536372,1.032541787,18976.029751562,-78.153332445
2024-08-14 09:00,46.429536372,46.429536372,46.041754312,46.235645342,46.101701592,-0.706091005,5289.481720813,-72.12545622
2024-08-14 10:00,46.101701592,46.101701592,45.944084564,46.022893078,45.944084564,-0.341889828,1753.208634685,-66.85481249
2024-08-14 11:00,45.944084564,45.944084564,45.876923908,45.910504236,45.888039961,-0.121984372,11275.144243155,543.114802203
2024-08-14 12:00,45.888039961,46.181693105,45.888039961,46.034866533,45.919446671,0.068442039,4770.104603183,-57.693626793
2024-08-14 13:00,45.919446671,46.361488244,45.919446671,46.140467457,46.247642916,0.71472169,22396.416270527,369.516250348
2024-08-14 14:00,46.247642916,46.247642916,45.951159357,46.099401136,45.951159357,-0.641078207,7276.776394238,-67.50919296
2024-08-14 15:00,45.951159357,46.622364434,45.951159357,46.286761895,46.28877631,0.734730001,48071.810383756,560.61959004
2024-08-14 16:00,46.28877631,46.28877631,45.818506207,46.053641258,45.818506207,-1.015948445,12824.388480703,-73.322434961
2024-08-14 17:00,45.818506207,45.818506207,44.536676366,45.177591286,44.743914825,-2.345321729,15581.580837193,21.499601019
2024-08-14 18:00,44.743914825,45.068719875,44.743914825,44.90631735,44.95505371,0.471882905,32410.89168493,108.007724143
2024-08-14 19:00,44.95505371,44.95505371,44.444640436,44.699847073,44.44650133,-1.131246296,23633.673834445,-27.081074892
2024-08-14 20:00,44.44650133,44.466004033,44.44650133,44.456252681,44.466004033,0.043879051,5483.21621866,-76.799137294
2024-08-14 21:00,44.466004033,44.829644367,44.466004033,44.6478242,44.491043435,0.056311338,15174.989624173,176.753442123
2024-08-14 22:00,44.491043435,44.491043435,44.380411188,44.435727311,44.391293335,-0.224202652,24959.81751792,64.47996431
2024-08-14 23:00,44.391293335,44.471039635,44.391293335,44.431166485,44.440139117,0.110034599,10696.181777193,-57.146394322
2024-08-15 00:00,44.440139117,44.744453732,44.440139117,44.592296424,44.476188098,0.081118064,92.097176923,-99.138971468
2024-08-15 01:00,44.476188098,44.651864222,44.476188098,44.56402616,44.651864222,0.394989166,6078.096025203,6499.655090731
2024-08-15 02:00,44.651864222,44.826397014,44.651864222,44.739130618,44.826397014,0.390874592,16197.812282233,166.494840079
2024-08-15 03:00,44.826397014,44.833845484,44.826397014,44.830121249,44.833845484,0.016616257,138.608007872,-99.144279453
2024-08-15 04:00,44.833845484,44.883217443,44.450550247,44.666883845,44.450550247,-0.854923849,21586.597080099,15473.84556025
2024-08-15 05:00,44.450550247,44.450550247,44.354327996,44.402439121,44.354327996,-0.216470325,220.696998954,-98.977620242
2024-08-15 06:00,44.354327996,44.61922269,44.348109579,44.483666135,44.348787206,-0.012492107,506.808856122,129.640121308
2024-08-15 07:00,44.348787206,44.348787206,44.157352829,44.253070017,44.157352829,-0.431656396,10907.392874409,2052.170930452
2024-08-15 09:00,44.157352829,44.157352829,43.502469254,43.829911041,43.502469254,-1.483068014,26749.651079644,145.243307797
2024-08-15 10:00,43.502469254,43.502469254,43.436056296,43.469262775,43.436056296,-0.152664801,15956.914816853,-40.347203897
2024-08-15 11:00,43.436056296,43.436056296,43.41054408,43.423300188,43.41054408,-0.058735111,22.17403138,-99.861038104
2024-08-15 12:00,43.41054408,43.590789866,43.314843886,43.452816876,43.590789866,0.415211994,89895.291699952,405307.975471338
2024-08-15 13:00,43.590789866,43.590789866,43.306202503,43.448496184,43.306202503,-0.652861221,9995.547069761,-88.880900344
2024-08-15 14:00,43.306202503,43.447591288,43.250691019,43.349141154,43.446628662,0.324263388,5433.272930951,-45.643065927
2024-08-15 15:00,43.446628662,44.309386891,43.446628662,43.878007777,44.309386891,1.98578867,29175.200764819,436.972854771
2024-08-15 16:00,44.309386891,44.449247795,44.175081021,44.312164408,44.449247795,0.315646216,15473.078774021,-46.964962131
2024-08-15 17:00,44.449247795,44.476448917,44.449247795,44.462848356,44.453585217,0.009758145,211.233993928,-98.634828937
2024-08-15 18:00,44.453585217,44.512483613,44.110237577,44.311360595,44.512483613,0.132494143,18611.056465534,8710.635125273
2024-08-15 19:00,44.512483613,44.572119559,44.330280128,44.451199844,44.330280128,-0.409331204,6890.714429809,-62.975157039
2024-08-15 20:00,44.330280128,44.330280128,43.867544656,44.098912392,43.867544656,-1.043836112,32107.543631233,365.953769501
2024-08-15 21:00,43.867544656,43.867544656,42.057388854,42.962466755,42.300772532,-3.571597489,42745.272639433,33.131556653
2024-08-15 22:00,42.300772532,42.300772532,42.173406059,42.237089296,42.173406059,-0.301097276,6007.024473123,-85.946926754
2024-08-15 23:00,42.173406059,42.208937684,41.943219984,42.076078834,42.033784811,-0.331064671,13539.743861823,125.398513397
2024-08-16 00:00,42.033784811,42.294815004,42.011034911,42.152924957,42.294815004,0.621000928,18173.378400762,34.222468211
2024-08-16 01:00,42.294815004,42.851126797,42.294815004,42.5729709,42.851126797,1.315319129,7259.220133965,-60.055747622
2024-08-16 02:00,42.851126797,42.884716067,42.812241416,42.848478741,42.884716067,0.078385967,18819.662436094,159.251849218
2024-08-16 03:00,42.884716067,42.892889062,42.884716067,42.888802564,42.892889062,0.019058061,292.14415067,-98.447665299
2024-08-16 04:00,42.892889062,42.892889062,42.346387749,42.619638405,42.346387749,-1.274107026,13541.276662234,4535.135302622
2024-08-16 06:00,42.346387749,43.109335174,42.346387749,42.727861462,42.896894081,1.300007773,4384.958897913,-67.617832445
2024-08-16 07:00,42.896894081,42.943147255,42.647189138,42.795168197,42.827867482,-0.160912814,426.080497521,-90.283135887
2024-08-16 08:00,42.827867482,42.945596169,42.827867482,42.886731825,42.945596169,0.274888045,401.851127932,-5.686570902
2024-08-16 09:00,42.945596169,43.377743183,42.945596169,43.161669676,43.189254353,0.567364772,2557.422830257,536.410514366
2024-08-16 10:00,43.189254353,43.738934997,43.189254353,43.464094675,43.738934997,1.272725477,19155.031842536,648.997452275
2024-08-16 12:00,43.738934997,43.738934997,43.441610011,43.590272504,43.445017465,-0.671981454,321.05735016,-98.323900723
2024-08-16 13:00,43.445017465,43.445017465,43.421538196,43.433277831,43.433178447,-0.027250577,3406.939257132,961.162205267
2024-08-16 14:00,43.433178447,43.433178447,43.130300878,43.281739663,43.130300878,-0.697341479,36786.389762808,979.748917912
2024-08-16 15:00,43.130300878,43.130300878,42.303388854,42.716844866,42.531322982,-1.388763547,22919.147510314,-37.696665375
2024-08-16 16:00,42.531322982,43.258226906,42.531322982,42.894774944,43.258226906,1.709102548,24465.308845445,6.746155521
2024-08-16 17:00,43.258226906,43.258226906,42.442398865,42.850312886,42.507364382,-1.73576815,22871.083233434,-6.516270128
2024-08-16 18:00,42.507364382,42.507364382,41.681800611,42.094582496,42.080212573,-1.004888952,194573.875835587,750.741846591
2024-08-16 19:00,42.080212573,42.621757951,41.865144348,42.243451149,42.372204297,0.693893178,17629.301107789,-90.939533361
2024-08-16 20:00,42.372204297,42.843172218,42.194210114,42.518691166,42.667616454,0.697183831,26144.44273006,48.301073141
2024-08-16 21:00,42.667616454,43.165967853,42.667616454,42.916792154,43.165967853,1.167985091,4359.69860398,-83.324568632
2024-08-16 22:00,43.165967853,43.195521725,43.008356584,43.101939154,43.008356584,-0.365128544,6525.062675377,49.667746973
2024-08-16 23:00,43.008356584,43.257882966,43.008356584,43.133119775,43.218082818,0.487640661,6401.169510963,-1.898727577
2024-08-17 00:00,43.218082818,43.230350712,43.063510464,43.146930588,43.083786224,-0.310741676,17510.082421492,173.545051283
2024-08-17 01:00,43.083786224,43.139176295,42.411886298,42.775531296,42.411886298,-1.559519218,141528.366929574,708.267851189
2024-08-17 02:00,42.411886298,42.411886298,42.020281777,42.216084037,42.020281777,-0.923336722,76443.045011014,-45.987474688
2024-08-17 03:00,42.020281777,42.020281777,41.735362418,41.877822097,41.735362418,-0.678051995,39812.965334929,-47.918132606
2024-08-17 04:00,41.735362418,41.83497328,41.735362418,41.785167849,41.83497328,0.23867257,3841.844510588,-90.350267863
2024-08-17 05:00,41.83497328,41.839420117,41.81226887,41.825844493,41.81226887,-0.054271363,5263.783412335,37.011880565
2024-08-17 06:00,41.81226887,42.064721409,41.747343682,41.906032545,41.747343682,-0.155277841,1864.948247504,-64.570194071
2024-08-17 07:00,41.747343682,41.747343682,41.738546749,41.742945216,41.738546749,-0.021071837,539.235626844,-71.085759213
2024-08-17 08:00,41.738546749,42.076977465,41.738546749,41.907762107,42.076977465,0.810834929,5770.622475991,970.14859344
2024-08-17 09:00,42.076977465,42.266068821,42.02751669,42.146792755,42.02751669,-0.117548309,27628.505677556,378.778603045
2024-08-17 10:00,42.02751669,42.312835582,42.02751669,42.170176136,42.312835582,0.678885919,8818.679931087,-68.081227287
2024-08-17 11:00,42.312835582,42.312835582,41.083699592,41.698267587,41.083699592,-2.904877382,699495.023973022,7831.969744216
2024-08-17 12:00,41.083699592,41.083699592,40.091337358,40.587518475,40.302645892,-1.90112796,437220.772150494,-37.494798795
2024-08-17 13:00,40.302645892,40.451083497,40.136290823,40.29368716,40.195538029,-0.265758885,52377.965991252,-88.020247589
2024-08-17 14:00,40.195538029,40.195538029,39.908808066,40.052173048,39.908808066,-0.713337792,50072.390610329,-4.40180396
2024-08-17 15:00,39.908808066,40.504548058,39.908808066,40.206678062,40.504548058,1.492753156,58442.384986255,16.715787431
2024-08-17 16:00,40.504548058,40.972754654,40.504548058,40.738651356,40.972754654,1.155935861,58922.306009528,0.821186581
2024-08-17 17:00,40.972754654,40.972754654,40.704628023,40.838691338,40.719060251,-0.619178293,600.889085926,-98.980201003
2024-08-17 18:00,40.719060251,40.79567048,40.719060251,40.757365365,40.76249783,0.10667628,7602.4484681,1165.199958887
2024-08-17 19:00,40.76249783,40.990218619,40.667108017,40.828663318,40.990218619,0.558652685,30104.680245177,295.986639982
2024-08-17 20:00,40.990218619,41.284263785,40.990218619,41.137241202,41.284263785,0.717354472,27604.15867948,-8.306089104
2024-08-17 21:00,41.284263785,41.285714983,40.959670511,41.122692747,40.959670511,-0.786239706,8769.508286931,-68.23120607
2024-08-17 22:00,40.959670511,40.959670511,40.880810261,40.920240386,40.903253563,-0.137737797,8499.755461176,-3.076031368
2024-08-17 23:00,40.903253563,40.903253563,40.606460115,40.754856839,40.606460115,-0.72559863,35353.765979371,315.938624833
2024-08-18 00:00,40.606460115,40.863288014,40.606460115,40.734874065,40.863288014,0.632480394,16917.680179091,-52.14744537
2024-08-18 01:00,40.863288014,41.111578048,40.63121195,40.871394999,41.111578048,0.607611491,33422.70536348,97.560806267
2024-08-18 02:00,41.111578048,41.145504239,41.111578048,41.128541143,41.145504239,0.08252223,6316.816599187,-81.100223544
2024-08-18 03:00,41.145504239,41.875721477,41.145504239,41.510612858,41.875721477,1.774719382,87197.883279204,1280.408658539
2024-08-18 04:00,41.875721477,42.127773816,41.875721477,42.001747647,41.886631424,0.026053155,34573.01586004,-60.351083582
2024-08-18 05:00,41.886631424,42.708250068,41.886631424,42.297440746,42.708250068,1.961529529,77266.109636626,123.48675033
2024-08-18 06:00,42.708250068,42.708250068,42.32192312,42.515086594,42.533893388,-0.408250584,42855.138243224,-44.535659366
2024-08-18 07:00,42.533893388,42.533893388,42.013545714,42.273719551,42.284545032,-0.586234496,17946.261181358,-58.123431829
2024-08-18 08:00,42.284545032,42.284545032,41.978707837,42.131626435,41.978707837,-0.723283636,10971.84940109,-38.862756481
2024-08-18 11:00,41.978707837,42.032275991,41.978707837,42.005491914,41.994913925,0.038605495,7312.709344789,-33.35025776
2024-08-18 12:00,41.994913925,42.486965638,41.994913925,42.240939782,42.441173892,1.062652413,28343.90639114,287.597880002
2024-08-18 13:00,42.441173892,43.284894415,42.441173892,42.863034153,43.280306752,1.977166944,74702.251342182,163.556654158
2024-08-18 14:00,43.280306752,43.506280754,43.128005,43.317142877,43.181189903,-0.229011429,44705.551350984,-40.155014678
2024-08-18 15:00,43.181189903,44.037119564,43.152785565,43.594952565,43.683023328,1.16215747,36913.817602254,-17.429007166
2024-08-18 16:00,43.683023328,44.08477835,43.573729159,43.829253755,43.78275345,0.228304075,27394.095444185,-25.789048049
2024-08-18 17:00,43.78275345,43.78275345,43.568448759,43.675601105,43.568448759,-0.489472848,16362.467555105,-40.270093647
2024-08-18 18:00,43.568448759,43.803373455,43.557302074,43.680337764,43.803373455,0.539208308,131.191430322,-99.198217323
2024-08-18 19:00,43.803373455,44.137391891,43.689733413,43.913562652,43.853373489,0.114146538,42910.639991213,32608.416918558
2024-08-18 20:00,43.853373489,44.023557168,43.306225233,43.664891201,43.306225233,-1.247676547,28086.005301482,-34.547689554
2024-08-18 21:00,43.306225233,43.328058095,43.277883737,43.302970916,43.318702293,0.028811239,3504.825624023,-87.521096053
2024-08-18 22:00,43.318702293,43.388142989,43.318702293,43.353422641,43.380196469,0.141957567,10153.070172231,189.688311528
2024-08-19 00:00,43.380196469,43.68863265,43.380196469,43.53441456,43.475916123,0.220652883,11742.928907718,15.658896359
2024-08-19 01:00,43.475916123,43.713021276,43.281207879,43.497114577,43.456979819,-0.043555849,25103.792140974,113.777945334
2024-08-19 02:00,43.456979819,43.703922186,42.929548377,43.316735281,42.929548377,-1.213686372,19407.829367426,-22.689650797
2024-08-19 03:00,42.929548377,42.929548377,42.41756394,42.673556158,42.41756394,-1.192615475,152301.560956715,684.742889446
2024-08-19 04:00,42.41756394,42.980313745,42.397433144,42.688873444,42.980313745,1.326690534,13425.287119443,-91.185062691
2024-08-19 05:00,42.980313745,43.053993312,42.980313745,43.017153528,43.053993312,0.171426312,691.05433049,-94.852591797
2024-08-19 06:00,43.053993312,43.053993312,42.661446053,42.857719683,43.019368338,-0.080422212,37221.385991832,5286.173611764
2024-08-19 07:00,43.019368338,43.019368338,42.567711503,42.793539921,42.841925843,-0.412471176,55689.273400277,49.616334578
2024-08-19 08:00,42.841925843,42.875592491,42.786889929,42.83124121,42.786889929,-0.128462745,6403.284773483,-88.501762759
2024-08-19 09:00,42.786889929,43.231030377,42.583591063,42.90731072,43.231030377,1.038029286,104718.915881338,1535.393701604
2024-08-19 10:00,43.231030377,43.499941379,43.130060145,43.315000762,43.130060145,-0.233559624,37539.391359926,-64.152234538
2024-08-19 11:00,43.130060145,43.485078226,43.130060145,43.307569186,43.485078226,0.823133749,21739.034238724,-42.090072718
2024-08-19 12:00,43.485078226,43.509488469,42.614431546,43.061960008,42.614431546,-2.002173425,12498.352167232,-42.507325625
2024-08-19 13:00,42.614431546,42.614431546,42.316703038,42.465567292,42.330590853,-0.666067065,23035.977474255,84.312117038
2024-08-19 14:00,42.330590853,42.330590853,42.308554178,42.319572515,42.308554178,-0.05205851,5654.188043479,-75.454967996
2024-08-19 15:00,42.308554178,42.430063179,42.308554178,42.369308678,42.427605818,0.281389052,1767.284971271,-68.743788539
2024-08-19 16:00,42.427605818,42.565341097,42.41590714,42.490624119,42.547342349,0.282213736,5391.562573087,205.076015512
2024-08-19 17:00,42.547342349,42.547342349,41.906100799,42.226721574,42.164095692,-0.900753456,70298.437427505,1203.860179207
2024-08-19 18:00,42.164095692,42.261438538,42.164095692,42.212767115,42.261438538,0.230866676,4517.18308284,-93.574276686
2024-08-19 19:00,42.261438538,42.261438538,41.989280671,42.125359605,41.989280671,-0.643986284,12677.619870117,180.653222099
2024-08-19 20:00,41.989280671,42.951305964,41.984791863,42.468048914,42.951305964,2.291121158,24785.243205975,95.503915245
2024-08-19 21:00,42.951305964,42.951305964,42.402352022,42.676828993,42.65029993,-0.700807643,15617.115032221,-36.99026916
2024-08-19 22:00,42.65029993,42.871169766,42.635868462,42.753519114,42.635868462,-0.033836732,12402.711287214,-20.582570714
2024-08-19 23:00,42.635868462,42.919630051,42.635868462,42.777749256,42.80083818,0.386927074,8017.345508711,-35.358121921
2024-08-20 00:00,42.80083818,43.092173641,42.80083818,42.946505911,42.842838804,0.098130377,5489.178385675,-31.53371799
2024-08-20 01:00,42.842838804,43.156031867,42.842838804,42.999435336,43.156031867,0.731027803,3846.688872683,-29.922319837
2024-08-20 02:00,43.156031867,43.214356368,43.156031867,43.185194118,43.214356368,0.135147969,10412.423772007,170.685363871
2024-08-20 03:00,43.214356368,43.993026473,43.130638428,43.561832451,43.993026473,1.801878291,31309.548980773,200.694148321
2024-08-20 04:00,43.993026473,43.993026473,43.543838533,43.768432503,43.543838533,-1.021043507,95615.966827903,205.389154237
2024-08-20 05:00,43.543838533,43.543838533,43.450920264,43.497379399,43.450920264,-0.213390165,6884.92693057,-92.799396211
2024-08-20 06:00,43.450920264,43.450920264,43.417385076,43.43415267,43.417385076,-0.077179465,1736.695403054,-74.775398191
2024-08-20 07:00,43.417385076,43.74947466,43.351283248,43.550378954,43.682082002,0.609656536,49497.85354752,2750.117151256
2024-08-20 08:00,43.682082002,44.078345469,43.682082002,43.880213735,44.064938649,0.876461536,14420.489808138,-70.866434048
2024-08-20 09:00,44.064938649,44.064938649,43.649610564,43.857274607,43.649610564,-0.942536397,19046.784310432,32.081396429
2024-08-20 10:00,43.649610564,43.882998317,43.649610564,43.766304441,43.882998317,0.534684617,3200.91212959,-83.194474839
2024-08-20 11:00,43.882998317,43.882998317,43.780629751,43.831814034,43.780629751,-0.233276144,4422.571538154,38.165977668
2024-08-20 12:00,43.780629751,43.967644447,43.764506476,43.866075461,43.967644447,0.427163102,35976.1686604,713.4671955
2024-08-20 13:00,43.967644447,44.167137972,43.902920241,44.035029106,43.902920241,-0.147208718,29382.348736728,-18.328299453
2024-08-20 14:00,43.902920241,44.087722569,43.779136174,43.933429371,43.779136174,-0.281949507,11178.60745893,-61.954683885
2024-08-20 15:00,43.779136174,43.940043181,43.666364658,43.803203919,43.666364658,-0.257591916,4192.004643093,-62.499759845
2024-08-20 16:00,43.666364658,43.666364658,43.489466329,43.577915494,43.489466329,-0.405113477,5399.849560358,28.813062487
2024-08-20 17:00,43.489466329,43.708291847,42.654961428,43.181626637,42.654961428,-1.918866732,52010.207122325,863.178817131
2024-08-20 18:00,42.654961428,42.654961428,41.826607511,42.240784469,42.248409457,-0.953117661,65725.456217122,26.37030278
2024-08-20 19:00,42.248409457,42.372369684,42.248409457,42.310389571,42.372369684,0.293408033,21196.876454774,-67.749365809
2024-08-20 20:00,42.372369684,42.556226777,42.372369684,42.464298231,42.556226777,0.433907979,491.273549208,-97.682330459
2024-08-20 21:00,42.556226777,42.556226777,42.455504892,42.505865835,42.455504892,-0.236679548,641.814827965,30.64306617
2024-08-20 22:00,42.455504892,42.455504892,42.423448718,42.439476805,42.423448718,-0.075505343,1808.255508771,181.740999114
2024-08-20 23:00,42.423448718,42.841227446,42.423448718,42.632338082,42.827981161,0.953558599,11333.41263083,526.759469326
2024-08-21 00:00,42.827981161,42.827981161,42.569096573,42.698538867,42.623033686,-0.47853639,15280.026046514,34.822815901
2024-08-21 02:00,42.623033686,42.623033686,42.440059492,42.531546589,42.440059492,-0.429284773,799.542104712,-94.767403522
2024-08-21 03:00,42.440059492,42.440059492,42.128759955,42.284409724,42.128759955,-0.733504008,27104.895555729,3290.052305685
2024-08-21 04:00,42.128759955,42.128759955,42.049252483,42.089006219,42.049252483,-0.188724929,9982.348155488,-63.171419956
2024-08-21 05:00,42.049252483,42.505160408,42.038733373,42.271946891,42.505160408,1.084223615,15297.739711542,53.24790794
2024-08-21 06:00,42.505160408,42.529681013,42.505160408,42.51742071,42.529681013,0.057688536,3713.392801348,-75.725872767
2024-08-21 08:00,42.529681013,42.529681013,42.310229261,42.419955137,42.310229261,-0.515996702,1121.698793523,-69.793155383
2024-08-21 10:00,42.310229261,43.043575596,42.310229261,42.676902429,42.82807116,1.223916551,52486.50426119,4579.197710138
2024-08-21 11:00,42.82807116,42.82807116,42.620963148,42.724517154,42.620963148,-0.483580059,700.749767304,-98.664895334
2024-08-21 12:00,42.620963148,42.620963148,42.227827209,42.424395179,42.482909263,-0.323910758,30766.372842856,4290.493479751
2024-08-21 13:00,42.482909263,42.560364817,42.213394363,42.38687959,42.552850433,0.164633662,27663.316853934,-10.085868766
2024-08-21 14:00,42.552850433,42.552850433,42.504304903,42.528577668,42.504304903,-0.114082909,3205.815386097,-88.411312342
2024-08-21 16:00,42.504304903,42.504304903,41.755268934,42.129786919,41.755268934,-1.762259071,15070.447807405,370.097182538
2024-08-21 17:00,41.755268934,42.642179625,41.755268934,42.19872428,42.458792069,1.684872717,1521.452138685,-89.904399935
2024-08-21 18:00,42.458792069,42.850160032,42.409068286,42.629614159,42.850160032,0.921759532,5467.749383728,259.377021774
2024-08-21 19:00,42.850160032,43.120119774,42.597887561,42.859003668,43.120119774,0.630008714,33257.251332229,508.243886071
2024-08-21 20:00,43.120119774,43.324005309,43.060934448,43.192469879,43.324005309,0.47283156,46527.744102739,39.902554297
2024-08-21 21:00,43.324005309,43.73400848,43.324005309,43.529006895,43.573791554,0.576553907,30749.712282613,-33.911018306
2024-08-21 22:00,43.573791554,44.442078931,43.573791554,44.007935243,44.313894263,1.698504266,97251.4561794,216.267857356
2024-08-21 23:00,44.313894263,44.758188686,44.285324865,44.521756775,44.285324865,-0.06447052,32105.26276969,-66.987370646
2024-08-22 00:00,44.285324865,44.609919296,44.285324865,44.44762208,44.609919296,0.732961612,8266.574526331,-74.251652803
2024-08-22 01:00,44.609919296,44.712290728,44.433721447,44.573006087,44.712290728,0.22948132,2964.209450608,-64.142227943
2024-08-22 02:00,44.712290728,44.723264853,44.712290728,44.71777779,44.723264853,0.024543868,2390.53085921,-19.353510639
2024-08-22 03:00,44.723264853,44.723264853,44.344696166,44.53398051,44.344696166,-0.846469255,3637.463226034,52.161316472
2024-08-22 04:00,44.344696166,44.344696166,43.950413584,44.147554875,44.26771412,-0.173599219,130295.494845525,3482.042944461
2024-08-22 05:00,44.26771412,44.322278076,43.841298267,44.081788172,43.841298267,-0.963266031,27625.899895261,-78.797501841
2024-08-22 06:00,43.841298267,43.942534314,43.67613812,43.809336217,43.942534314,0.230914801,21082.91428674,-23.684244254
2024-08-22 07:00,43.942534314,44.2037593,43.942534314,44.073146807,44.2037593,0.594469549,9371.225020747,-55.550618414
2024-08-22 09:00,44.2037593,44.2037593,44.035882775,44.119821037,44.035882775,-0.379778841,3505.968827641,-62.587934663
2024-08-22 11:00,44.035882775,44.583429408,44.035882775,44.309656091,44.583429408,1.243410143,16018.356372134,356.8881573
2024-08-22 12:00,44.583429408,44.707204693,44.244693041,44.475948867,44.554088021,-0.065812314,112993.43374462,605.399674721
2024-08-22 13:00,44.554088021,44.823957943,44.359127632,44.591542788,44.823957943,0.605713043,40936.594591006,-63.770819919
2024-08-22 14:00,44.823957943,45.333747112,44.823957943,45.078852528,45.333747112,1.137314044,45401.377917941,10.906582171
2024-08-22 15:00,45.333747112,45.33899618,44.88415084,45.11157351,44.88415084,-0.991747429,3573.706342276,-92.128639028
2024-08-22 16:00,44.88415084,45.11133893,44.828002689,44.969670809,45.11133893,0.506165506,8911.048084663,149.350316764
2024-08-22 17:00,45.11133893,45.11133893,44.813446378,44.962392654,44.813446378,-0.660349611,17551.348275415,96.961660499
2024-08-22 18:00,44.813446378,44.905513686,44.445432763,44.675473225,44.445432763,-0.821212482,15689.992908082,-10.605198747
2024-08-22 19:00,44.445432763,44.445432763,44.367108964,44.406270864,44.432219971,-0.029728121,929.15424232,-94.078045492
2024-08-22 20:00,44.432219971,44.835789594,44.432219971,44.634004783,44.578245927,0.328648796,5650.3963822,508.122540353
2024-08-22 21:00,44.578245927,44.887868469,44.578245927,44.733057198,44.887868469,0.694559724,355.852328534,-93.70217053
2024-08-22 22:00,44.887868469,44.887868469,44.542099857,44.714984163,44.542099857,-0.770294122,7547.550281609,2020.978191346
2024-08-22 23:00,44.542099857,44.570034184,44.514375772,44.542204978,44.514375772,-0.062242428,15731.296496401,108.429171181
2024-08-23 00:00,44.514375772,44.606356404,44.514375772,44.560366088,44.584459625,0.157440943,4688.486017126,-70.196442371
2024-08-23 01:00,44.584459625,44.611583343,44.584459625,44.598021484,44.611583343,0.060836709,1222.484053432,-73.925824905
2024-08-23 02:00,44.611583343,44.657876588,44.611583343,44.634729966,44.613052789,0.003293866,4532.76578578,270.783223966
2024-08-23 03:00,44.613052789,44.884094983,44.597772197,44.74093359,44.847762007,0.526099881,14205.896464613,213.404599664
2024-08-23 04:00,44.847762007,44.847762007,44.639229569,44.743495788,44.639229569,-0.464978471,8756.782755563,-38.358112229
2024-08-23 05:00,44.639229569,44.639229569,44.606731337,44.622980453,44.609389665,-0.066846816,8103.972584146,-7.454908836
2024-08-23 06:00,44.609389665,44.83646573,44.505567187,44.671016459,44.83646573,0.509031992,34288.317512924,323.105053193
2024-08-23 08:00,44.83646573,45.262526069,44.83646573,45.049495899,45.163592127,0.729598982,25259.408850667,-26.332317586
2024-08-23 09:00,45.163592127,45.580661378,45.163592127,45.372126753,45.580661378,0.923463417,9884.655475208,-60.867431484
2024-08-23 10:00,45.580661378,45.647242961,45.580661378,45.61395217,45.637020836,0.123647741,20633.876241529,108.746539455
2024-08-23 11:00,45.637020836,45.637020836,45.338682643,45.487851739,45.338682643,-0.653719695,1007.834061286,-95.115633876
2024-08-23 12:00,45.338682643,45.740899814,45.338682643,45.539791228,45.475226855,0.30116493,13676.857382858,1257.05449024
2024-08-23 13:00,45.475226855,45.705568395,45.442558827,45.574063611,45.442558827,-0.071836975,6244.338687444,-54.343761051
2024-08-23 14:00,45.442558827,45.442558827,45.107487799,45.275023313,45.107487799,-0.737350707,23109.834069654,270.092578676
2024-08-23 15:00,45.107487799,45.543748528,45.099619433,45.32168398,45.543748528,0.967158116,19533.848707423,-15.47386862
2024-08-23 16:00,45.543748528,45.598318952,45.543748528,45.57103374,45.598318952,0.119819791,7501.341958551,-61.598238673
2024-08-23 17:00,45.598318952,46.164223907,44.936353992,45.550288949,44.936353992,-1.451731061,65483.336654707,772.95495948
2024-08-23 18:00,44.936353992,45.864390958,44.936353992,45.400372475,45.864390958,2.065225331,25989.900238715,-60.31066594
2024-08-23 19:00,45.864390958,45.96002944,45.628708902,45.794369171,45.953881917,0.195120785,11597.178676098,-55.378133161
2024-08-23 20:00,45.953881917,47.062628259,45.664972463,46.363800361,47.062628259,2.412737065,63100.3294944,444.100692563
2024-08-23 21:00,47.062628259,47.174610124,47.062628259,47.118619191,47.174610124,0.237942225,5967.956527743,-90.542115112
2024-08-23 22:00,47.174610124,47.189690756,47.123683337,47.156687046,47.123683337,-0.107953804,7806.365871124,30.80467049
2024-08-23 23:00,47.123683337,47.509916921,47.123683337,47.316800129,47.509916921,0.819616711,230.80616577,-97.043359617
2024-08-24 00:00,47.509916921,47.942851407,47.444784775,47.693818091,47.942851407,0.911250775,7227.609526024,3031.462932071
2024-08-24 01:00,47.942851407,48.19067221,47.769698281,47.980185246,47.769698281,-0.361165681,8070.986490897,11.66882303
2024-08-24 02:00,47.769698281,47.775818197,47.482293846,47.629056021,47.482293846,-0.601645907,3285.798765913,-59.288758944
2024-08-24 03:00,47.482293846,48.098419393,47.482293846,47.790356619,48.098419393,1.297590104,46280.451818764,1308.499275698
2024-08-24 04:00,48.098419393,48.451994785,47.940437968,48.196216377,48.231884128,0.277482582,90537.094426229,95.627075511
2024-08-24 05:00,48.231884128,48.231884128,47.929297027,48.080590578,47.929297027,-0.627359073,8134.846003466,-91.014902726
2024-08-24 06:00,47.929297027,48.250626521,47.897220057,48.073923289,47.904758908,-0.051196494,28598.896299939,251.560389561
2024-08-24 07:00,47.904758908,48.172426006,47.840455234,48.00644062,47.840455234,-0.134232329,14696.590296963,-48.611337505
2024-08-24 09:00,47.840455234,47.899631807,47.840455234,47.870043521,47.899631807,0.123695674,2088.572066153,-85.78873042
2024-08-24 10:00,47.899631807,48.175048661,47.813745078,47.994396869,47.813745078,-0.179305615,3906.117917713,87.02337262
2024-08-24 11:00,47.813745078,48.47074786,47.79156459,48.131156225,48.47074786,1.374087683,22923.613387694,486.864346407
2024-08-24 12:00,48.47074786,48.936434348,48.47074786,48.703591104,48.936434348,0.960757793,54729.006650036,138.745112843
2024-08-24 13:00,48.936434348,49.852393863,48.736077533,49.294235698,49.568493892,1.291592967,119997.695107903,119.257944649
2024-08-24 14:00,49.568493892,49.866648145,49.263836928,49.565242536,49.263836928,-0.614618158,23159.070278208,-80.700404072
2024-08-24 15:00,49.263836928,49.44481828,49.133851812,49.289335046,49.133851812,-0.263855038,10045.513569958,-56.623847809
2024-08-24 16:00,49.133851812,49.531872683,49.133851812,49.332862247,49.244596688,0.225394248,19212.59798001,91.255507707
2024-08-24 17:00,49.244596688,49.687951691,49.244596688,49.466274189,49.687951691,0.900311978,22719.627705737,18.253802684
2024-08-24 18:00,49.687951691,50.459193243,49.687951691,50.073572467,49.87125864,0.368916293,139850.79704932,515.5505665
2024-08-24 19:00,49.87125864,51.313785129,49.808006942,50.560896036,51.065276189,2.394199749,132643.710723395,-5.153410977
2024-08-24 20:00,51.065276189,51.725040227,50.696494906,51.210767566,50.696494906,-0.722176224,136750.446695938,3.096065354
2024-08-24 21:00,50.696494906,50.696494906,50.422975088,50.559734997,50.422975088,-0.539524119,34416.863127928,-74.832357802
2024-08-24 22:00,50.422975088,50.683659772,50.260903524,50.472281648,50.260903524,-0.321424043,22005.598434726,-36.061580183
2024-08-24 23:00,50.260903524,50.710590938,50.254967892,50.482779415,50.254967892,-0.01180964,84944.712137657,286.014097229
2024-08-25 00:00,50.254967892,50.254967892,49.095398227,49.675183059,49.095398227,-2.307373209,78083.671379056,-8.077066348
2024-08-25 01:00,49.095398227,49.095398227,48.613267286,48.854332756,48.662417487,-0.881917156,13037.815897159,-83.302762707
2024-08-25 02:00,48.662417487,48.732373256,48.659096275,48.695734765,48.732373256,0.143757283,82.473718576,-99.367426882
2024-08-25 03:00,48.732373256,49.033259021,48.677767212,48.855513117,48.677767212,-0.112052913,28964.836746422,35020.080974454
2024-08-25 04:00,48.677767212,48.677767212,47.946028124,48.311897668,47.946028124,-1.503230592,79392.970230148,174.101217712
2024-08-25 05:00,47.946028124,48.448806153,47.946028124,48.197417138,48.448806153,1.048633324,27658.155714162,-65.162966401
2024-08-25 06:00,48.448806153,48.465093417,48.01178189,48.238437654,48.01178189,-0.902033088,16706.530803888,-39.596367247
2024-08-25 07:00,48.01178189,48.61376345,47.920794298,48.267278874,48.61376345,1.253820491,66876.126702465,300.299305029
2024-08-25 08:00,48.61376345,48.729903256,48.61376345,48.671833353,48.729903256,0.238903138,11443.93397344,-82.88786367
2024-08-25 09:00,48.729903256,48.739217235,48.212849338,48.476033286,48.212849338,-1.061060835,30635.238841248,167.698493476
2024-08-25 10:00,48.212849338,48.212849338,46.948049383,47.58044936,46.948049383,-2.62336695,128053.846495584,317.995260814
2024-08-25 11:00,46.948049383,47.477855971,46.873378397,47.175617184,47.477855971,1.128495424,37361.742418076,-70.823412619
2024-08-25 12:00,47.477855971,47.555789229,47.256037136,47.405913182,47.543525773,0.138316695,14065.168474071,-62.354088531
2024-08-25 13:00,47.543525773,47.543525773,47.322822484,47.433174128,47.322822484,-0.464213129,1839.033521034,-86.9249094
2024-08-25 14:00,47.322822484,47.807052743,47.322822484,47.564937613,47.807052743,1.023248896,41710.26577151,2168.053588716
2024-08-25 15:00,47.807052743,47.872089143,47.538478896,47.70528402,47.872089143,0.136039342,12389.919871617,-70.295274695
2024-08-25 16:00,47.872089143,48.114727605,47.872089143,47.993408374,48.114727605,0.506847449,20040.952258305,61.752073185
2024-08-25 17:00,48.114727605,48.133411107,47.883382485,48.008396796,47.883382485,-0.480819766,4985.800518815,-75.121938047
2024-08-25 18:00,47.883382485,48.23977875,47.864841711,48.052310231,47.947430804,0.13375897,16842.41451915,237.807628997
2024-08-25 19:00,47.947430804,48.239821217,47.659477921,47.949649569,47.659477921,-0.600559567,33537.695497969,99.126410645
2024-08-25 21:00,47.659477921,47.817554667,47.659477921,47.738516294,47.813999813,0.324220698,106.301292717,-99.683039365
2024-08-25 22:00,47.813999813,47.817724713,47.813999813,47.815862263,47.817533357,0.007390186,849.52550105,699.167610607
2024-08-25 23:00,47.817533357,47.818564236,47.817533357,47.818048796,47.818564236,0.002155861,47.818564236,-94.371144342
2024-08-26 00:00,47.818564236,48.828639006,47.818564236,48.323601621,48.828639006,2.11230677,70538.442001163,147412.672385684
2024-08-26 01:00,48.828639006,48.828639006,48.271479542,48.550059274,48.271479542,-1.14105057,22804.388562511,-67.670977816
2024-08-26 02:00,48.271479542,48.271479542,47.529698096,47.900588819,47.529698096,-1.536686784,40389.952733915,77.114824294
2024-08-26 03:00,47.529698096,47.554702695,47.469530331,47.512116513,47.469530331,-0.126589833,19740.39505949,-51.125481157
2024-08-26 04:00,47.469530331,47.469530331,47.110978153,47.290254242,47.110978153,-0.755331211,31747.525613277,60.825178613
2024-08-26 05:00,47.110978153,47.110978153,46.672250197,46.891614175,46.969398657,-0.300523362,19970.596775838,-37.095580238
2024-08-26 06:00,46.969398657,47.279216758,46.969398657,47.124307707,47.279216758,0.65961692,29436.015058349,47.396772309
2024-08-26 07:00,47.279216758,47.398031783,46.923989088,47.161010435,47.398031783,0.251304978,80745.00626842,174.306852026
2024-08-26 08:00,47.398031783,47.398031783,46.982710441,47.190371112,46.982710441,-0.876241747,20640.156670172,-74.437853653
2024-08-26 09:00,46.982710441,46.982710441,46.697663368,46.840186904,46.697663368,-0.606706319,33620.877061693,62.89060979
2024-08-26 10:00,46.697663368,46.818896023,46.520019465,46.669457744,46.520019465,-0.38041283,15446.876256492,-54.055701081
2024-08-26 11:00,46.520019465,46.836119885,46.520019465,46.678069675,46.836119885,0.679493309,7931.327991572,-48.654162435
2024-08-26 12:00,46.836119885,46.878323918,46.699958934,46.789141426,46.878323918,0.090110011,23129.672048696,191.624203075
2024-08-26 13:00,46.878323918,47.10579579,46.801185769,46.95349078,46.842507583,-0.076402763,24932.816274655,7.795805415
2024-08-26 14:00,46.842507583,47.151802775,46.842507583,46.997155179,47.151802775,0.660287435,3730.706953872,-85.036961277
2024-08-26 15:00,47.151802775,47.151802775,45.934998798,46.543400786,45.934998798,-2.58060966,94814.729906642,2441.468174235
2024-08-26 16:00,45.934998798,46.096925805,45.812468703,45.954697254,45.990075387,0.119901145,17828.709814497,-81.196265778
2024-08-26 17:00,45.990075387,46.083203551,45.657020767,45.870112159,45.657020767,-0.724188029,19495.130479595,9.346838231
2024-08-26 18:00,45.657020767,45.954317985,45.394965184,45.674641584,45.394965184,-0.573965578,32432.622929814,66.362687153
2024-08-26 19:00,45.394965184,45.686194958,45.394965184,45.540580071,45.686194958,0.64154642,11150.060059375,-65.620850082
2024-08-26 20:00,45.686194958,45.720846942,44.459849653,45.090348298,44.459849653,-2.684279803,73665.135865643,560.670305571
2024-08-26 21:00,44.459849653,44.746113218,44.404563064,44.575338141,44.692566392,0.523431231,10999.334669213,-85.068466188
2024-08-26 22:00,44.692566392,44.692566392,44.334614888,44.51359064,44.334614888,-0.800919555,100.444201554,-99.086815661
2024-08-26 23:00,44.334614888,44.334614888,44.120417636,44.227516262,44.173924243,-0.362449623,3499.220681176,3383.745828082
2024-08-27 00:00,44.173924243,44.246823673,43.703634637,43.975229155,44.046473928,-0.288519343,55360.82766056,1482.090205353
2024-08-27 01:00,44.046473928,44.098545549,44.046473928,44.072509738,44.098545549,0.118219726,101.539198297,-99.81658656
2024-08-27 02:00,44.098545549,44.116550452,44.098545549,44.107548,44.116550452,0.040828793,71.834259616,-29.254651582
2024-08-27 03:00,44.116550452,44.195327129,43.788929338,43.992128233,44.195327129,0.178564905,9507.013510312,13134.650932801
2024-08-27 04:00,44.195327129,44.275753478,44.166641281,44.22119738,44.275753478,0.181979305,19499.268502427,105.104036944
2024-08-27 05:00,44.275753478,44.378991095,44.275753478,44.327372286,44.378991095,0.233169643,8122.141381765,-58.346430376
2024-08-27 06:00,44.378991095,44.378991095,43.960418209,44.169704652,43.960418209,-0.943178011,3297.031365665,-59.406870544
2024-08-27 07:00,43.960418209,44.484624619,43.960418209,44.222521414,44.484624619,1.192450917,17550.999394987,432.327340824
2024-08-27 08:00,44.484624619,44.855381744,44.476345917,44.665863831,44.855381744,0.833450048,35692.921536628,103.366889448
2024-08-27 09:00,44.855381744,44.925755384,44.406146984,44.665951184,44.406146984,-1.001518084,26305.478514297,-26.300573386
2024-08-27 10:00,44.406146984,44.406146984,44.187455052,44.296801018,44.187455052,-0.492481215,38898.130823464,47.870835356
2024-08-27 11:00,44.187455052,44.187455052,43.998533842,44.092994447,43.998533842,-0.427544898,21611.157905403,-44.441654527
2024-08-27 12:00,43.998533842,43.998533842,43.806720441,43.902627141,43.806720441,-0.435954075,11174.514893012,-48.292845104
2024-08-27 13:00,43.806720441,43.819228665,43.148792404,43.484010534,43.148792404,-1.501888365,14706.122687268,31.604126247
2024-08-27 14:00,43.148792404,43.375857087,43.064002036,43.219929562,43.375857087,0.526236474,42279.367424544,187.495000033
2024-08-27 15:00,43.375857087,43.375857087,42.893695117,43.134776102,43.203408192,-0.397568849,25154.568123528,-40.503915607
2024-08-27 16:00,43.203408192,43.453992389,43.195106114,43.324549251,43.195106114,-0.019216256,49245.64078885,95.772157753
2024-08-27 17:00,43.195106114,43.266636149,42.570512054,42.918574102,43.023529844,-0.397212289,50175.289598221,1.887778887
2024-08-27 19:00,43.023529844,43.213625358,43.004122877,43.108874117,43.213625358,0.441840811,30422.375149794,-39.367813533
2024-08-27 20:00,43.213625358,43.213625358,42.934092999,43.073859178,42.934092999,-0.646861625,85.868185997,-99.717746607
2024-08-27 21:00,42.934092999,43.359516674,42.934092999,43.146804836,43.359516674,0.990876122,9140.75352575,10545.099136068
2024-08-27 22:00,43.359516674,43.359516674,42.988789363,43.174153018,42.988789363,-0.855007943,14185.196234357,55.186289559
2024-08-27 23:00,42.988789363,42.988789363,42.615083203,42.801936283,42.615083203,-0.869310732,36369.635112389,156.391483851
2024-08-28 00:00,42.615083203,42.615083203,40.528199662,41.571641432,41.074535267,-3.61502975,119856.21669377,229.550231459
2024-08-28 01:00,41.074535267,41.124850162,39.672862692,40.398856427,40.509035619,-1.376764568,71497.812504334,-40.347013716
2024-08-28 02:00,40.509035619,40.733976567,40.236111996,40.485044281,40.733976567,0.555285862,23882.540173513,-66.596823963
2024-08-28 03:00,40.733976567,40.733976567,39.84457403,40.289275298,40.19075832,-1.333575292,34635.986158518,45.026391275
2024-08-28 04:00,40.19075832,40.19075832,39.585413981,39.88808615,39.699372397,-1.222634116,12092.116386806,-65.087997404
2024-08-28 05:00,39.699372397,39.863953352,39.699372397,39.781662875,39.863953352,0.414568152,9140.484033798,-24.409559572
2024-08-28 06:00,39.863953352,40.391810237,39.863953352,40.127881794,40.391810237,1.324145852,3807.547336324,-58.344138863
2024-08-28 07:00,40.391810237,40.574360432,40.260372244,40.417366338,40.260372244,-0.325407532,6996.404855963,83.750961918
2024-08-28 08:00,40.260372244,40.402906308,40.131204017,40.267055163,40.167880197,-0.229734704,22762.237610278,225.341916011
2024-08-28 09:00,40.167880197,40.167880197,39.990782152,40.079331174,39.990782152,-0.440894675,5185.004293195,-77.221025534
2024-08-28 10:00,39.990782152,40.210638739,39.249901852,39.730270295,39.249901852,-1.852627681,29091.979013355,461.079169241
2024-08-28 11:00,39.249901852,40.092618875,39.186712686,39.63966578,39.858394834,1.550304469,45564.862947995,56.623455995
2024-08-28 12:00,39.858394834,41.424376875,39.858394834,40.641385855,41.424376875,3.928863787,28237.486901855,-38.027934081
2024-08-28 13:00,41.424376875,41.424376875,40.96501045,41.194693662,40.96501045,-1.108927786,10995.633806288,-61.060154381
2024-08-28 14:00,40.96501045,41.438316807,40.947686732,41.19300177,41.154520447,0.462614304,10712.840058507,-2.571873098
2024-08-28 15:00,41.154520447,41.392187626,41.154520447,41.273354037,41.392187626,0.57749957,3246.745583084,-69.692951959
2024-08-28 16:00,41.392187626,41.392187626,40.749368894,41.07077826,40.749368894,-1.552995309,10277.28041549,216.540983964
2024-08-28 17:00,40.749368894,40.865070695,40.749368894,40.807219795,40.820365234,0.174226845,17849.704220564,73.681202604
2024-08-28 18:00,40.820365234,40.820365234,39.821879341,40.321122287,40.051320338,-1.883973579,68793.507291507,285.404186206
2024-08-28 19:00,40.051320338,40.051320338,38.67021491,39.360767624,39.853595955,-0.493677564,153646.522727684,123.344511389
2024-08-28 20:00,39.853595955,39.919353237,39.538555586,39.728954411,39.538555586,-0.790494212,23837.974383812,-84.485184591
2024-08-28 21:00,39.538555586,40.23138596,39.435009223,39.833197592,40.23138596,1.752290554,31594.160683571,32.53710309
2024-08-28 22:00,40.23138596,40.585416523,40.073762789,40.329589656,40.073762789,-0.391791551,35898.200878849,13.62289772
2024-08-28 23:00,40.073762789,40.32312267,39.928917131,40.1260199,40.045235059,-0.071188051,15259.244074124,-57.493011626
2024-08-29 00:00,40.045235059,40.258052661,40.045235059,40.15164386,40.232263087,0.467041904,6049.051419745,-60.358118722
2024-08-29 01:00,40.232263087,40.461149715,39.921143588,40.191146651,40.135323923,-0.240948824,22570.283141931,273.121032965
2024-08-29 02:00,40.135323923,40.143194857,39.735838914,39.939516886,40.104133684,-0.077712686,84012.542593719,272.226356512
2024-08-29 03:00,40.104133684,40.316423953,40.050286201,40.183355077,40.050286201,-0.13426916,29567.433600503,-64.805929344
2024-08-29 04:00,40.050286201,40.348977954,39.520105028,39.934541491,39.78411146,-0.664601344,101184.482016166,242.215977833
2024-08-29 05:00,39.78411146,39.820798627,39.78411146,39.802455044,39.820798627,0.092215625,3380.571005439,-96.659002509
2024-08-29 06:00,39.820798627,39.820798627,39.568026869,39.694412748,39.568026869,-0.634773202,3692.902389927,9.239012699
2024-08-29 07:00,39.568026869,39.84099119,39.568026869,39.704509029,39.569238072,0.003061065,6774.203260075,83.43845964
2024-08-29 08:00,39.569238072,39.854854652,39.569238072,39.712046362,39.854854652,0.721814708,8114.162082153,19.780316159
2024-08-29 10:00,39.854854652,40.257449646,39.854854652,40.056152149,40.257449646,1.010152961,19093.903320671,135.315774166
2024-08-29 12:00,40.257449646,40.322453847,40.236518419,40.279486133,40.322453847,0.161471235,16774.328279593,-12.148249638
2024-08-29 13:00,40.322453847,40.322453847,40.087202511,40.204828179,40.087202511,-0.58342515,1087.493005753,-93.516920692
2024-08-29 14:00,40.087202511,40.751393859,40.053957259,40.402675559,40.523672991,1.088802542,22539.77387437,1972.636215142
2024-08-29 15:00,40.523672991,40.638231413,39.944294116,40.291262765,40.115555262,-1.007109422,324002.866155084,1337.471679889
2024-08-29 16:00,40.115555262,40.229295281,39.934415344,40.081855312,40.20302185,0.218036589,16172.22356299,-95.008617129
2024-08-29 17:00,40.20302185,40.339654671,40.062624099,40.201139385,40.305132521,0.253987552,12920.581509284,-20.106338754
2024-08-29 18:00,40.305132521,40.672719471,40.305132521,40.488925996,40.672719471,0.912010274,6910.285899269,-46.517222199
2024-08-29 19:00,40.672719471,40.672719471,39.929910908,40.30131519,39.929910908,-1.826306606,46886.434022731,578.502086689
2024-08-29 20:00,39.929910908,40.154169742,39.929910908,40.042040325,40.154169742,0.56163119,112.590825613,-99.759864814
2024-08-29 21:00,40.154169742,40.154169742,38.589555202,39.371862472,38.589555202,-3.89651822,79810.655705465,70785.576396773
2024-08-29 22:00,38.589555202,39.028759378,38.460651331,38.744705354,38.792450143,0.525776832,49205.41739342,-38.347308441
2024-08-29 23:00,38.792450143,39.141047721,38.792450143,38.966748932,39.141047721,0.898622225,15930.930425026,-67.623625062
2024-08-30 00:00,39.141047721,39.211561163,38.996519886,39.104040525,38.996519886,-0.369248764,6281.173951377,-60.57246009
2024-08-30 01:00,38.996519886,38.996519886,38.571348117,38.783934001,38.902524701,-0.241034803,10720.312572481,70.673709333
2024-08-30 02:00,38.902524701,38.983223958,38.900362128,38.941793043,38.983223958,0.207439639,9022.036820322,-15.841662644
2024-08-30 03:00,38.983223958,39.207610117,38.760461432,38.984035775,39.207610117,0.575596721,30599.562213938,239.164678923
2024-08-30 04:00,39.207610117,39.207610117,38.961902167,39.084756142,39.188239177,-0.04940607,6130.147947444,-79.96655016
2024-08-30 05:00,39.188239177,39.188239177,38.801372097,38.994805637,39.030572846,-0.402330737,1959.174954795,-68.040331627
2024-08-30 06:00,39.030572846,39.030572846,38.740755695,38.88566427,38.778707154,-0.645303599,2086.504976694,6.499165457
2024-08-30 07:00,38.778707154,39.064207188,38.774636893,38.919422041,39.064207188,0.736228861,2542.864217831,21.871945969
2024-08-30 08:00,39.064207188,39.064207188,38.726881596,38.895544392,38.959887188,-0.267047529,2364.547848996,-7.01242196
2024-08-30 09:00,38.959887188,39.047374312,38.722800773,38.885087543,39.047374312,0.224556921,22632.913326873,857.17721832
2024-08-30 10:00,39.047374312,39.390350456,39.047374312,39.218862384,39.162707583,0.295367547,15579.94880715,-31.162424465
2024-08-30 11:00,39.162707583,39.410894915,39.162707583,39.286801249,39.410894915,0.633733844,13134.129316449,-15.698507877
2024-08-30 12:00,39.410894915,39.437089905,39.410894915,39.42399241,39.437089905,0.066466367,2901.746516012,-77.906822401
2024-08-30 13:00,39.437089905,39.529211968,39.257384175,39.393298072,39.257384175,-0.455676954,12124.84893291,317.846592251
2024-08-30 14:00,39.257384175,39.505164382,39.165771991,39.335468187,39.165771991,-0.233362935,4448.233174083,-63.313083745
2024-08-30 15:00,39.165771991,39.615303872,39.165771991,39.390537932,39.615303872,1.147767191,153.084403736,-96.558534642
2024-08-30 16:00,39.615303872,39.615303872,38.985115575,39.300209724,38.985115575,-1.590769818,14135.559588954,9133.833913829
2024-08-30 17:00,38.985115575,39.158974092,38.214426121,38.686700106,38.214426121,-1.976881287,32679.552787659,131.186834748
2024-08-30 18:00,38.214426121,38.214426121,37.123925055,37.669175588,37.123925055,-2.853637163,115356.096678669,252.991662488
2024-08-30 19:00,37.123925055,37.62641214,37.123925055,37.375168597,37.62641214,1.353539756,22237.37814531,-80.722841024
2024-08-30 20:00,37.62641214,37.829425513,37.558803938,37.694114725,37.829425513,0.539550178,25433.684646185,14.373576237
2024-08-30 21:00,37.829425513,38.706797102,37.829425513,38.268111308,38.706797102,2.319283408,45186.68086559,77.664705269
2024-08-30 22:00,38.706797102,38.747605813,38.706797102,38.727201457,38.747605813,0.105430346,5043.388356248,-88.838772267
2024-08-30 23:00,38.747605813,38.747605813,38.071271204,38.409438508,38.072746256,-1.74168066,10052.835203155,99.327009801
2024-08-31 00:00,38.072746256,38.459711381,38.072746256,38.266228818,38.236510835,0.430135977,10561.588786262,5.060797007
2024-08-31 01:00,38.236510835,38.563276642,38.236510835,38.399893739,38.563276642,0.85459107,8727.168624432,-17.368789857
2024-08-31 02:00,38.563276642,38.717242925,38.563276642,38.640259784,38.717242925,0.399256226,8077.871784797,-7.439948368
2024-08-31 03:00,38.717242925,38.76604008,38.717242925,38.741641503,38.76604008,0.126034684,2481.189562959,-69.284118032
2024-08-31 04:00,38.76604008,38.76604008,38.526364374,38.646202227,38.526364374,-0.618262028,1871.731914394,-24.563123175
2024-08-31 05:00,38.526364374,38.727658826,38.474107868,38.600883347,38.474107868,-0.135638301,3018.346722702,61.259563909
2024-08-31 06:00,38.474107868,38.507365469,38.474107868,38.490736669,38.507365469,0.086441512,715.110721329,-76.307866954
2024-08-31 08:00,38.507365469,38.507365469,38.332802775,38.420084122,38.332802775,-0.45332287,24973.294013934,3392.227604634
2024-08-31 10:00,38.332802775,38.334209755,38.295823523,38.315016639,38.334209755,0.003670433,3439.597562695,-86.226896777
2024-08-31 11:00,38.334209755,38.334209755,38.07166795,38.202938852,38.07166795,-0.684876005,26468.050291872,669.510089754
2024-08-31 12:00,38.07166795,38.07166795,37.995190618,38.033429284,37.995190618,-0.200877284,5920.062527585,-77.633174857
2024-08-31 14:00,37.995190618,38.247397035,37.98594371,38.116670373,38.231473064,0.621874619,33383.1539383,463.898671386
2024-08-31 16:00,38.231473064,38.250415081,38.231473064,38.240944073,38.250415081,0.049545611,2218.172327018,-93.355414138
2024-08-31 17:00,38.250415081,38.250415081,38.004730718,38.1275729,38.008688922,-0.631956958,2054.430130799,-7.381851907
2024-08-31 18:00,38.008688922,38.008688922,38.004190329,38.006439625,38.004190329,-0.011835696,1171.686489285,-42.967810308
2024-08-31 19:00,38.004190329,38.004190329,37.899392151,37.95179124,37.899392151,-0.275754269,22739.635290896,1840.76107379
2024-08-31 20:00,37.899392151,37.899392151,37.375693576,37.637542864,37.375693576,-1.381812598,28151.200116366,23.797940276
2024-08-31 21:00,37.375693576,37.715060251,37.375693576,37.545376914,37.715060251,0.907987632,17331.68121537,-38.433597347
2024-08-31 22:00,37.715060251,37.715060251,37.410179044,37.562619648,37.410179044,-0.808380539,10234.609489158,-40.948547565
2024-08-31 23:00,37.410179044,37.410179044,37.409115286,37.409647165,37.409115286,-0.002843499,100.400596986,-99.01900901
2024-09-01 00:00,37.409115286,37.593024041,37.363891286,37.478457664,37.583617042,0.466468546,17270.27913796,17101.37096439
2024-09-01 01:00,37.583617042,37.583617042,37.581126508,37.582371775,37.581126508,-0.006626649,771.364589804,-95.533571961
2024-09-01 02:00,37.581126508,37.840020696,37.581126508,37.710573602,37.840020696,0.688894167,8578.827383201,1012.162458142
2024-09-01 03:00,37.840020696,37.840020696,37.612796616,37.726408656,37.612796616,-0.600486141,3259.739063624,-62.002510156
2024-09-01 04:00,37.612796616,37.711346265,37.470878905,37.591112585,37.470878905,-0.377312308,5311.503639809,62.942601728
2024-09-01 05:00,37.470878905,37.470878905,37.144905481,37.307892193,37.144905481,-0.869938024,570.459319588,-89.259927917
2024-09-01 06:00,37.144905481,37.453454062,37.086347423,37.269900743,37.229412989,0.227507667,33691.347884278,5806.003588232
2024-09-01 07:00,37.229412989,37.456542997,37.229412989,37.342977993,37.456542997,0.610082162,6522.96151593,-80.639060395
2024-09-01 08:00,37.456542997,37.492342287,37.456542997,37.474442642,37.492342287,0.095575531,5590.828083022,-14.290034222
2024-09-01 09:00,37.492342287,37.492342287,37.072120177,37.282231232,37.072120177,-1.120821171,16928.363969878,202.788132965
2024-09-01 11:00,37.072120177,37.403321729,37.072120177,37.237720953,37.403321729,0.893397925,1476.053921134,-91.280587281
2024-09-01 12:00,37.403321729,37.403321729,37.060268829,37.231795279,37.093621864,-0.828000966,18927.540560703,1182.306851376
2024-09-01 13:00,37.093621864,37.093621864,36.924224079,37.008922971,36.924224079,-0.456676314,3815.185867746,-79.843203318
2024-09-01 14:00,36.924224079,36.924224079,36.692417672,36.808320876,36.692417672,-0.627789514,20321.958058796,432.659712089
2024-09-01 15:00,36.692417672,36.826507277,36.514573753,36.670540515,36.514573753,-0.484688472,27981.150533865,37.689244574
2024-09-01 16:00,36.514573753,36.668860255,36.129114946,36.3989876,36.129114946,-1.055630036,41704.435831174,49.044749896
2024-09-01 17:00,36.129114946,36.129114946,35.706501278,35.917808112,35.818127864,-0.860765845,50483.894450638,21.051618238
2024-09-01 18:00,35.818127864,36.344882816,35.818127864,36.08150534,36.344882816,1.470637867,12928.60142829,-74.390641671
2024-09-01 19:00,36.344882816,36.430857685,36.07804878,36.254453232,36.07804878,-0.734172228,17738.281224938,37.201856855
2024-09-01 20:00,36.07804878,36.07804878,35.695485613,35.886767196,35.695485613,-1.060376543,30865.232286502,74.003511925
2024-09-01 21:00,35.695485613,36.436663948,35.695485613,36.066074781,36.294515055,1.678165828,23567.298336692,-23.644513289
2024-09-01 22:00,36.294515055,36.545723407,36.294515055,36.420119231,36.391021497,0.265898144,10826.230654235,-54.062487352
2024-09-01 23:00,36.391021497,36.835160303,36.391021497,36.6130909,36.62540891,0.644080336,17610.01220944,62.66060434
2024-09-02 00:00,36.62540891,36.62540891,36.230122753,36.427765831,36.230122753,-1.079267562,2571.413730975,-85.39800143
2024-09-02 01:00,36.230122753,36.230122753,35.142140089,35.686131421,35.142140089,-3.002978133,15993.392625348,521.968858325
2024-09-02 02:00,35.142140089,35.50567871,35.113982854,35.309830782,35.484033418,0.972887049,5099.066674567,-68.117667127
2024-09-02 03:00,35.484033418,35.484033418,35.20317944,35.343606429,35.259042476,-0.63406248,11429.198950272,124.142959481
2024-09-02 04:00,35.259042476,35.68865149,35.259042476,35.473846983,35.452478342,0.548613497,13400.764648073,17.250252676
2024-09-02 06:00,35.452478342,35.715659574,35.452478342,35.584068958,35.715659574,0.74234932,1850.808771882,-86.188782353
2024-09-02 07:00,35.715659574,35.812254958,35.528226829,35.670240893,35.528226829,-0.524791498,22472.820829836,1114.216248121
2024-09-02 08:00,35.528226829,35.823252309,35.426797085,35.625024697,35.823252309,0.830397423,26108.513288293,16.178175788
2024-09-02 09:00,35.823252309,35.908034964,35.684301367,35.796168165,35.908034964,0.236669341,6982.873935966,-73.254417596
2024-09-02 10:00,35.908034964,35.908034964,35.455600842,35.681817903,35.455600842,-1.259980177,6727.95863291,-3.650578621
2024-09-02 11:00,35.455600842,36.21084563,35.455600842,35.833223236,36.21084563,2.130114201,21234.899836649,215.621736031
2024-09-02 12:00,36.21084563,36.992909049,36.21084563,36.60187734,36.992909049,2.159749117,20727.267789417,-2.390555412
2024-09-02 13:00,36.992909049,38.130436429,36.992909049,37.561672739,37.506244888,1.3876601,218559.069667937,954.451903109
2024-09-02 14:00,37.506244888,37.506244888,37.218432427,37.362338658,37.218432427,-0.767372105,24555.416401943,-88.764860484
2024-09-02 15:00,37.218432427,37.469069726,37.210330508,37.339700117,37.461766625,0.653800232,15657.391541994,-36.236505683
2024-09-02 16:00,37.461766625,37.508309381,37.150194225,37.329251803,37.150194225,-0.831707706,21252.269113736,35.733139564
2024-09-02 17:00,37.150194225,37.439930909,36.831792285,37.135861597,37.214582286,0.173318236,58316.465841947,174.401126439
2024-09-02 18:00,37.214582286,37.214582286,37.205396204,37.209989245,37.207877755,-0.018015872,4199.792243264,-92.798273725
2024-09-02 19:00,37.207877755,37.437024799,37.088397312,37.262711055,37.088397312,-0.321115985,15023.438156241,257.718603351
2024-09-02 20:00,37.088397312,37.374474504,37.088397312,37.231435908,37.18564707,0.262210733,6710.542822725,-55.332842237
2024-09-02 22:00,37.18564707,37.275246764,37.18564707,37.230446917,37.250844607,0.175329843,6146.380803787,-8.407099602
2024-09-02 23:00,37.250844607,37.757438747,37.248591422,37.503015085,37.757438747,1.359953435,9591.88125176,56.057386582
2024-09-03 00:00,37.757438747,38.164253333,37.757438747,37.96084604,38.164253333,1.077442217,21971.488285427,129.063389222
2024-09-03 01:00,38.164253333,38.164253333,37.761668247,37.96296079,38.084591247,-0.208734819,15509.73523633,-29.409719383
2024-09-03 02:00,38.084591247,38.168938795,37.8962092,38.032573998,38.168938795,0.221474209,14705.441812987,-5.185732774
2024-09-03 03:00,38.168938795,38.168938795,37.890070398,38.029504597,38.105900365,-0.165156358,3855.999068061,-73.778420825
2024-09-03 04:00,38.105900365,38.335902441,38.046950105,38.191426273,38.335902441,0.603586513,32607.223773144,745.623227537
2024-09-03 05:00,38.335902441,38.639998391,38.11553221,38.3777653,38.551717288,0.562957524,22632.858857553,-30.589433142
2024-09-03 06:00,38.551717288,38.551717288,38.105985312,38.3288513,38.105985312,-1.156192272,10234.309462612,-54.781189919
2024-09-03 07:00,38.105985312,38.287410012,38.026306865,38.156858439,38.026306865,-0.209096934,16334.946952517,59.609664064
2024-09-03 08:00,38.026306865,38.30265792,38.026306865,38.164482392,38.30265792,0.72673651,7340.305819361,-55.06379151
2024-09-03 09:00,38.30265792,38.307663157,37.937639319,38.122651238,37.937639319,-0.952985043,9389.021443305,27.910494118
2024-09-03 11:00,37.937639319,37.952936237,37.629306729,37.791121483,37.629306729,-0.812735309,14691.059624748,56.470615319
2024-09-03 12:00,37.629306729,37.798529975,37.565672277,37.682101126,37.565672277,-0.169108755,7167.015009183,-51.215125442
2024-09-03 13:00,37.565672277,37.735457684,37.477471542,37.606464613,37.735457684,0.451969569,19812.466319744,176.439581811
2024-09-03 14:00,37.735457684,37.735457684,37.498839997,37.61714884,37.498839997,-0.627043373,1540.31798535,-92.225511148
2024-09-03 15:00,37.498839997,37.854640159,37.498839997,37.676740078,37.854640159,0.948829783,5188.06686568,236.817911303
2024-09-03 16:00,37.854640159,37.854640159,37.038586689,37.446613424,37.038586689,-2.155755456,22383.197899512,331.436187679
2024-09-03 17:00,37.038586689,37.038586689,36.673146719,36.855866704,36.673146719,-0.986646636,2661.533403594,-88.10923526
2024-09-03 18:00,36.673146719,36.750579888,36.361367781,36.555973835,36.361367781,-0.850155947,10667.891735481,300.817503214
2024-09-03 19:00,36.361367781,36.507981208,36.286515431,36.397248319,36.507981208,0.403212078,5621.883569629,-47.300894038
2024-09-03 20:00,36.507981208,36.641854974,36.2933613,36.467608137,36.641854974,0.366697257,1913.674723175,-65.960256923
2024-09-03 21:00,36.641854974,36.641854974,36.317468212,36.479661593,36.434849149,-0.564943629,15838.09449062,727.62730253
2024-09-03 23:00,36.434849149,36.434849149,36.367154198,36.401001673,36.367154198,-0.185797259,11018.17399102,-30.432451975
2024-09-04 00:00,36.367154198,36.367154198,36.344563381,36.355858789,36.344563381,-0.062118736,1146.091946398,-89.598168015
2024-09-04 01:00,36.344563381,36.610233961,36.344563381,36.477398671,36.610233961,0.730977497,877.296866921,-23.45318631
2024-09-04 02:00,36.610233961,36.610233961,36.092710214,36.351472088,36.257598571,-0.963215341,24437.657871337,2685.563107856
2024-09-04 03:00,36.257598571,36.257598571,35.873561657,36.065580114,35.873561657,-1.059190155,18277.487762314,-25.207694377
2024-09-04 04:00,35.873561657,35.873561657,34.565029655,35.219295656,35.403068696,-1.311531219,44304.473346217,142.399141077
2024-09-04 05:00,35.403068696,35.48179432,35.218483548,35.350138934,35.48179432,0.222369492,32852.35113409,-25.848681515
2024-09-04 06:00,35.48179432,35.826514453,35.406620229,35.616567341,35.826514453,0.97154087,20999.534608099,-36.079051017
2024-09-04 07:00,35.826514453,35.826514453,35.522839123,35.674676788,35.522839123,-0.847627335,13477.939261594,-35.817914477
2024-09-04 08:00,35.522839123,35.745064883,35.461128537,35.60309671,35.461128537,-0.173720874,6196.169058015,-54.027326153
2024-09-04 09:00,35.461128537,35.731464409,35.461128537,35.596296473,35.731464409,0.762344245,4699.238776014,-24.158964482
2024-09-04 10:00,35.731464409,36.191890052,35.731464409,35.961677231,36.191890052,1.288571993,486.44203153,-89.648492985
2024-09-04 11:00,36.191890052,36.233827085,36.191890052,36.212858569,36.233827085,0.115874117,8442.359466396,1635.532482637
2024-09-04 12:00,36.233827085,36.233827085,35.954852524,36.094339804,35.954852524,-0.7699285,1977.721180252,-76.573833558
2024-09-04 13:00,35.954852524,35.954852524,35.850226619,35.902539571,35.850226619,-0.290992446,9722.47924056,391.600097003
2024-09-04 14:00,35.850226619,35.850226619,35.747422036,35.798824328,35.747422036,-0.286761319,6882.168454166,-29.213852929
2024-09-04 15:00,35.747422036,36.054626802,35.747422036,35.901024419,36.054626802,0.859376,96.217059985,-98.601936866
2024-09-04 16:00,36.054626802,36.054626802,35.596168099,35.825397451,35.899882136,-0.429195028,60001.442242885,62260.502651555
2024-09-04 17:00,35.899882136,36.551348362,35.899882136,36.225615249,36.551348362,1.81467511,40252.894932505,-32.913454364
2024-09-04 18:00,36.551348362,36.974611145,36.551348362,36.762979753,36.974611145,1.15799499,44322.505432004,10.110106382
2024-09-04 19:00,36.974611145,37.870009611,36.974611145,37.422310378,37.870009611,2.421657562,25974.354444478,-41.396917455
2024-09-04 20:00,37.870009611,37.920880853,37.870009611,37.895445232,37.920880853,0.13433121,11757.847200252,-54.732860732
2024-09-04 21:00,37.920880853,37.920880853,37.17581488,37.548347867,37.17581488,-1.964790787,13971.524142467,18.827230058
2024-09-04 22:00,37.17581488,37.17581488,37.120440908,37.148127894,37.131598345,-0.118938981,3339.733619191,-76.096139654
2024-09-04 23:00,37.131598345,37.131598345,37.056850264,37.094224304,37.056850264,-0.201305853,17496.834953857,423.899117382
2024-09-05 00:00,37.056850264,37.489229968,37.056850264,37.273040116,37.489229968,1.166801012,21527.626997145,23.037263905
2024-09-05 01:00,37.489229968,37.651585845,37.4316603,37.541623072,37.4316603,-0.153563219,10857.206652168,-49.5661707
2024-09-05 02:00,37.4316603,37.4316603,37.405718046,37.418689173,37.405718046,-0.069305646,3910.785978169,-63.979814482
2024-09-05 03:00,37.405718046,37.405718046,37.204613288,37.305165667,37.204613288,-0.537631058,130.304801686,-96.668066153
2024-09-05 04:00,37.204613288,37.255802906,37.204613288,37.230208097,37.255802906,0.137589438,186.556223334,43.169108828
2024-09-05 06:00,37.255802906,37.255802906,36.611375273,36.933589089,36.799989562,-1.223469389,32135.013636384,17125.377455731
2024-09-05 07:00,36.799989562,36.863803236,36.618708261,36.741255749,36.663312546,-0.37140504,27154.776954362,-15.497851466
2024-09-05 08:00,36.663312546,36.902872792,36.663312546,36.783092669,36.902872792,0.653405897,2386.186386575,-91.212645972
2024-09-05 09:00,36.902872792,36.986753825,36.714745472,36.850749648,36.720019334,-0.495499251,11293.440397674,373.284084647
2024-09-05 10:00,36.720019334,37.067428935,36.720019334,36.893724134,37.067428935,0.946104079,10941.118655767,-3.119702495
2024-09-05 11:00,37.067428935,37.206048514,36.813469816,37.009759165,36.922182467,-0.391843923,61940.604818572,466.126798981
2024-09-05 12:00,36.922182467,36.925604107,36.718747924,36.822176015,36.782388843,-0.378616905,8647.11230069,-86.039670865
2024-09-05 13:00,36.782388843,36.782388843,36.530623633,36.656506238,36.530623633,-0.684472155,153.696959058,-98.222563167
2024-09-05 14:00,36.530623633,36.768686195,36.530623633,36.649654914,36.550234259,0.053682703,290.73083633,89.158483103
2024-09-05 15:00,36.550234259,36.721950379,36.502127289,36.612038834,36.721950379,0.469808534,410.779218717,41.291933082
2024-09-05 16:00,36.721950379,36.790150464,36.513664702,36.651907583,36.790150464,0.185720215,1214.520018521,195.662478329
2024-09-05 17:00,36.790150464,36.964540492,36.631474554,36.798007523,36.908316096,0.321188226,3193.817028365,162.969484213
2024-09-05 18:00,36.908316096,36.908316096,36.214825843,36.56157097,36.214825843,-1.878953921,11011.868849405,244.787091797
2024-09-05 19:00,36.214825843,36.274502743,36.046314845,36.160408794,36.049293226,-0.457085222,16782.076855682,52.399897649
2024-09-05 20:00,36.049293226,36.049293226,36.012490056,36.030891641,36.012490056,-0.102091239,4703.01429881,-71.975969725
2024-09-05 21:00,36.012490056,36.264335553,36.012490056,36.138412805,36.264335553,0.699328196,180.547859271,-96.161018279
2024-09-05 22:00,36.264335553,36.264335553,35.870485945,36.067410749,35.870485945,-1.086052184,12751.475076801,6962.656476952
2024-09-05 23:00,35.870485945,35.95806452,35.612740371,35.785402445,35.95806452,0.244152185,54562.681234695,327.893093984
2024-09-06 00:00,35.95806452,35.963433444,35.766931743,35.865182593,35.887509578,-0.196214516,17488.167139132,-67.94848284
2024-09-06 01:00,35.887509578,35.887509578,35.772486356,35.829997967,35.772486356,-0.320510459,8344.259131236,-52.28625696
2024-09-06 02:00,35.772486356,35.978742296,35.772486356,35.875614326,35.978742296,0.576577031,2956.480686799,-64.568685604
2024-09-06 04:00,35.978742296,36.403966039,35.978742296,36.191354167,36.403966039,1.181874951,10284.312715799,247.856583732
2024-09-06 05:00,36.403966039,36.648437306,36.403966039,36.526201672,36.648437306,0.67155119,12975.295542566,26.165898501
2024-09-06 06:00,36.648437306,36.706027674,36.419865459,36.562946567,36.645989553,-0.00667901,4794.226689108,-63.051117615
2024-09-06 07:00,36.645989553,36.697601081,36.635797372,36.666699226,36.651834697,0.015950295,8403.512073841,75.28399508
2024-09-06 08:00,36.651834697,36.651834697,36.258883638,36.455359167,36.258883638,-1.072118387,4175.929262378,-50.307333104
2024-09-06 09:00,36.258883638,36.407955921,36.161426178,36.28469105,36.385937609,0.35040784,15195.98879794,263.894784685
2024-09-06 10:00,36.385937609,36.408170303,35.687051278,36.047610791,35.717771084,-1.836331751,17224.553450645,13.349342907
2024-09-06 11:00,35.717771084,35.959429761,35.717771084,35.838600422,35.839646929,0.341219067,11979.688055226,-30.449935381
2024-09-06 12:00,35.839646929,35.839646929,35.77857076,35.809108844,35.77857076,-0.170415098,2915.976371774,-75.658995807
2024-09-06 13:00,35.77857076,36.248198365,35.77857076,36.013384563,36.098423558,0.89397869,5680.528191893,94.807072063
2024-09-06 14:00,36.098423558,36.314217301,36.089215271,36.201716286,36.10458893,0.01707934,4859.654592414,-14.450656202
2024-09-06 15:00,36.10458893,37.172009476,36.089103996,36.630556736,37.172009476,2.956467799,67197.792643372,1282.76890601
2024-09-06 16:00,37.172009476,37.172009476,36.31551356,36.743761518,36.31551356,-2.30414209,24943.305619014,-62.880766409
2024-09-06 17:00,36.31551356,36.31551356,35.783665589,36.049589574,35.783665589,-1.464520032,21181.097369889,-15.083037936
2024-09-06 18:00,35.783665589,35.88842786,35.30310755,35.595767705,35.668456486,-0.321960036,35301.091579339,66.6631854
2024-09-06 19:00,35.668456486,35.739795011,35.668456486,35.704125749,35.739795011,0.200004518,8843.650618554,-74.94794007
2024-09-06 20:00,35.739795011,35.739795011,34.846545231,35.293170121,34.920178475,-2.293288295,4323.440902539,-51.112486359
2024-09-06 21:00,34.920178475,34.920178475,34.460412281,34.690295378,34.460412281,-1.316620403,2584.53092105,-40.220510022
2024-09-06 22:00,34.460412281,34.653478971,34.181620018,34.417549494,34.53377717,0.212896146,24536.74062715,849.3692038
2024-09-06 23:00,34.53377717,34.644260307,33.634427348,34.139343827,33.634427348,-2.604261381,23846.563114979,-2.812832897
2024-09-07 00:00,33.634427348,34.103698868,33.294402867,33.699050868,34.103698868,1.395211862,30795.983051475,29.142228601
2024-09-07 01:00,34.103698868,34.189554105,34.103698868,34.146626487,34.189554105,0.251747582,1050.288815875,-96.589526582
2024-09-07 02:00,34.189554105,34.44087391,34.153547147,34.297210528,34.44087391,0.735077749,6745.702940052,542.271234168
2024-09-07 03:00,34.44087391,34.61795424,34.321536773,34.469745506,34.61795424,0.514157483,14343.755480154,112.635445225
2024-09-07 04:00,34.61795424,34.61795424,34.355049924,34.486502082,34.355049924,-0.759444982,78.081551698,-99.455640806
2024-09-07 05:00,34.355049924,34.357393787,34.355049924,34.356221855,34.357393787,0.006822471,38.009584746,-51.320659081
2024-09-07 07:00,34.357393787,34.779499739,34.357393787,34.568446763,34.779499739,1.228573839,7390.673798312,19344.237151355
2024-09-07 08:00,34.779499739,34.870506813,34.779499739,34.825003276,34.870506813,0.261668728,1123.375833773,-84.800089079
2024-09-07 09:00,34.870506813,35.292042751,34.870506813,35.081274782,35.292042751,1.208860943,5978.402346227,432.181854593
2024-09-07 10:00,35.292042751,35.360880356,35.292042751,35.326461553,35.360880356,0.195051348,200.446106371,-96.647162657
2024-09-07 11:00,35.360880356,35.790841253,35.360880356,35.575860804,35.790841253,1.215922491,11395.938473289,5585.288020613
2024-09-07 12:00,35.790841253,35.821399059,35.790841253,35.806120156,35.821399059,0.085378842,4715.384412678,-58.622237004
2024-09-07 13:00,35.821399059,35.821399059,35.49787053,35.659634795,35.505026942,-0.883193079,3707.465979489,-21.375106354
2024-09-07 14:00,35.505026942,35.742697281,35.505026942,35.623862111,35.563402878,0.164415974,812.984165333,-78.071702618
2024-09-07 15:00,35.563402878,35.844137191,35.563402878,35.703770035,35.844137191,0.789391033,8379.512220012,930.710384941
2024-09-07 16:00,35.844137191,35.844137191,35.658673342,35.751405267,35.658673342,-0.517417529,6.935259422,-99.917235524
2024-09-07 18:00,35.658673342,36.184284599,35.658673342,35.92147897,36.184284599,1.474006762,13001.039135754,187362.910103515
2024-09-07 19:00,36.184284599,36.254234228,36.184284599,36.219259413,36.246384082,0.171620039,11206.887319837,-13.800064727
2024-09-07 20:00,36.246384082,36.246384082,35.459905969,35.853145025,35.459905969,-2.169811233,11737.580593108,4.735420801
2024-09-07 21:00,35.459905969,35.592594618,35.459905969,35.526250293,35.592594618,0.374193461,64.600559232,-99.449626278
2024-09-07 22:00,35.592594618,35.910387107,35.592594618,35.751490862,35.909834493,0.89130865,6353.385873685,9734.877513828
2024-09-07 23:00,35.909834493,36.099432139,35.734254352,35.916843245,36.099432139,0.527982512,28656.626722129,351.044959205
2024-09-08 00:00,36.099432139,36.099432139,35.709622701,35.90452742,35.709622701,-1.079821522,8064.136595262,-71.859435259
2024-09-08 01:00,35.709622701,35.709622701,35.489776088,35.599699395,35.489776088,-0.615650899,16879.268264128,109.312777192
2024-09-08 03:00,35.489776088,35.840659413,35.489776088,35.66521775,35.840659413,0.988688471,7668.714944521,-54.567254785
2024-09-08 07:00,35.840659413,36.302122295,35.840659413,36.071390854,36.302122295,1.287540156,1811.79833824,-76.374159799
2024-09-08 08:00,36.302122295,36.479581919,36.186907955,36.333244937,36.186907955,-0.317376321,19738.19125363,989.425397796
2024-09-08 09:00,36.186907955,36.354838134,36.13078301,36.242810572,36.131924346,-0.151943374,605.795790226,-96.930844461
2024-09-08 10:00,36.131924346,36.48260907,36.131924346,36.307266708,36.48260907,0.970567524,11872.48972294,1859.817138793
2024-09-08 11:00,36.48260907,36.579219484,36.48260907,36.530914277,36.579219484,0.26481224,14467.187693986,21.854708082
2024-09-08 12:00,36.579219484,36.786510369,36.386303586,36.586406977,36.547613346,-0.086404627,6024.124644595,-58.360085097
2024-09-08 13:00,36.547613346,36.566714138,36.451808177,36.509261158,36.451808177,-0.262137962,15550.534640645,158.13766411
2024-09-08 14:00,36.451808177,36.461498425,36.451808177,36.456653301,36.461498425,0.026583723,621.361474161,-96.004243658
2024-09-08 16:00,36.461498425,36.461498425,36.025509335,36.24350388,36.027645129,-1.18989431,3296.179523693,430.476970453
2024-09-08 17:00,36.027645129,36.300071836,36.018426877,36.159249356,36.300071836,0.756160181,13750.089731862,317.15233145
2024-09-08 18:00,36.300071836,36.300071836,35.902760141,36.101415989,35.902760141,-1.094520409,148.19554033,-98.922221286
2024-09-08 19:00,35.902760141,35.902760141,35.555097143,35.728928642,35.555097143,-0.968346158,5088.611695604,3333.7144588
2024-09-08 21:00,35.555097143,36.02235034,35.555097143,35.788723741,35.944095839,1.09407294,11407.753784244,124.182045451
2024-09-08 22:00,35.944095839,35.944095839,35.897391452,35.920743646,35.897391452,-0.129936188,4669.616223755,-59.066295503
2024-09-08 23:00,35.897391452,35.897391452,35.838521656,35.867956554,35.838521656,-0.163994633,2401.538336416,-48.570969833
2024-09-09 00:00,35.838521656,36.184664463,35.838521656,36.011593059,36.184664463,0.96584008,1894.210863606,-21.125104068
2024-09-09 01:00,36.184664463,36.584881684,36.184664463,36.384773073,36.49037379,0.844858814,2725.966884584,43.910423964
2024-09-09 02:00,36.49037379,36.49037379,36.256697022,36.373535406,36.256697022,-0.640379211,640.997914529,-76.485484172
2024-09-09 03:00,36.256697022,36.513922153,36.256697022,36.385309588,36.328375754,0.197697911,9478.212532956,1378.665112339
2024-09-09 04:00,36.328375754,36.429805214,36.312893652,36.371349433,36.378145516,0.136999689,13183.193254479,39.08944549
2024-09-09 05:00,36.378145516,36.378145516,36.209129933,36.293637724,36.209129933,-0.464607475,10542.045465801,-20.034203684
2024-09-09 06:00,36.209129933,36.256558493,36.021414907,36.1389867,36.03958954,-0.468225536,9551.801859239,-9.393277707
2024-09-09 07:00,36.03958954,36.266876191,36.035270443,36.151073317,36.03963737,0.000132716,1655.473665601,-82.668467269
2024-09-09 08:00,36.03963737,36.03963737,36.001074295,36.020355833,36.001074295,-0.10700184,2.943803781,-99.822177553
2024-09-09 09:00,36.001074295,36.256809176,35.896961297,36.076885237,36.256809176,0.71035347,22285.828407888,756941.911321357
2024-09-09 10:00,36.256809176,36.673536066,36.256809176,36.465172621,36.673536066,1.149375522,22612.038255407,1.463754641
2024-09-09 11:00,36.673536066,37.039739781,36.673536066,36.856637924,37.03399604,0.982888516,35785.863096816,58.260227108
2024-09-09 12:00,37.03399604,37.351385935,37.03399604,37.192690987,37.165557682,0.3552456,82193.019475986,129.680137248
2024-09-09 14:00,37.165557682,37.165557682,36.947413118,37.0564854,36.947413118,-0.58695356,548.109378823,-99.333143639
2024-09-09 15:00,36.947413118,36.947413118,36.625869946,36.786641532,36.831228858,-0.314458443,49524.696330035,8935.549881745
2024-09-09 17:00,36.831228858,37.040333206,36.296836055,36.668584631,36.296836055,-1.450923088,16406.338200765,-66.872410299
2024-09-09 18:00,36.296836055,36.652732531,36.224540217,36.438636374,36.652732531,0.980516527,7910.83640215,-51.78182782
2024-09-09 19:00,36.652732531,37.306563974,36.652732531,36.979648253,37.278343062,1.706859181,14416.103356071,82.232353486
2024-09-09 20:00,37.278343062,37.42880625,37.278343062,37.353574656,37.42880625,0.403620913,343.457135469,-97.617545276
2024-09-09 21:00,37.42880625,37.580192634,37.276154562,37.428173598,37.580192634,0.404464899,12084.946835002,3418.618653391
2024-09-09 22:00,37.580192634,37.790430961,37.580192634,37.685311797,37.790430961,0.559439196,7405.624503304,-38.720255832
2024-09-09 23:00,37.790430961,37.82550155,37.599113362,37.712307456,37.602861494,-0.49634117,4895.029590351,-33.901191072
2024-09-10 00:00,37.602861494,38.337052213,37.602861494,37.969956854,37.971610342,0.98064039,24869.394879555,408.054025426
2024-09-10 02:00,37.971610342,37.971610342,37.924963905,37.948287123,37.924963905,-0.122845559,527.837905631,-97.877560318
2024-09-10 03:00,37.924963905,37.924963905,37.668553894,37.796758899,37.887134055,-0.099749204,2625.12142145,397.334767634
2024-09-10 05:00,37.887134055,37.887134055,37.54365575,37.715394902,37.544808711,-0.903539824,1315.115874334,-49.902664936
2024-09-10 06:00,37.544808711,37.544808711,37.536362128,37.54058542,37.536362128,-0.022497338,1876.818106415,42.711235036
2024-09-10 07:00,37.536362128,37.536362128,37.437439361,37.486900745,37.437476151,-0.263440493,38.611456319,-97.942717188
2024-09-10 08:00,37.437476151,37.880584702,37.437476151,37.659030426,37.880584702,1.183596216,22136.723506607,57232.00872789
2024-09-10 09:00,37.880584702,37.967830587,37.74805965,37.857945118,37.74805965,-0.349849541,2107.599479995,-90.479171503
2024-09-10 10:00,37.74805965,38.25031658,37.74805965,37.999188115,38.25031658,1.330550323,7264.749776559,244.693090196
2024-09-10 11:00,38.25031658,38.407185023,38.126893829,38.267039426,38.126893829,-0.322671188,9347.180128558,28.664859989
2024-09-10 12:00,38.126893829,38.339671631,38.050032294,38.194851963,38.313141869,0.488495183,59188.615669292,533.224297117
2024-09-10 14:00,38.313141869,38.565472466,38.263050685,38.414261575,38.565472466,0.658600638,33448.785638621,-43.48780545
2024-09-10 15:00,38.565472466,38.570178998,38.345487504,38.457833251,38.345487504,-0.570419465,639.759868781,-98.087345007
2024-09-10 16:00,38.345487504,38.345487504,37.878213889,38.111850696,38.155843967,-0.494565461,55649.951498398,8598.56866834
2024-09-10 17:00,38.155843967,38.191490548,37.761473476,37.976482012,38.191490548,0.093423649,5089.354435011,-90.854701041
2024-09-10 18:00,38.191490548,38.233546023,38.191490548,38.212518286,38.233546023,0.110117396,2552.11489373,-49.85385816
2024-09-10 19:00,38.233546023,38.233546023,37.859219484,38.046382754,38.095027706,-0.36229524,3479.498306531,36.337839455
2024-09-10 20:00,38.095027706,38.585164928,38.095027706,38.340096317,38.585164928,1.286617313,14706.829749291,322.670984541
2024-09-10 21:00,38.585164928,38.986628712,38.585164928,38.78589682,38.783212836,0.513274748,74475.430728312,406.40030515
2024-09-10 22:00,38.783212836,38.87482291,38.685680326,38.780251618,38.87482291,0.236210637,5128.700209618,-93.113567576
2024-09-10 23:00,38.87482291,38.960410107,38.837761584,38.899085846,38.960410107,0.220160994,1865.844293932,-63.619548469
2024-09-11 00:00,38.960410107,38.960410107,38.807846291,38.884128199,38.807846291,-0.39158678,1175.1516289,-37.01770117
2024-09-11 01:00,38.807846291,38.807846291,38.745855361,38.776850826,38.745855361,-0.159738135,11022.192569731,837.93790509
2024-09-11 02:00,38.745855361,38.886599908,38.745855361,38.816227635,38.773437066,0.071186206,17357.975820796,57.482059136
2024-09-11 03:00,38.773437066,38.956893073,38.535897309,38.746395191,38.535897309,-0.612635284,7428.933788481,-57.201612301
2024-09-11 04:00,38.535897309,38.535897309,37.846053212,38.190975261,37.972880062,-1.461020208,20926.006942285,181.682507047
2024-09-11 05:00,37.972880062,37.972880062,37.946651175,37.959765619,37.946651175,-0.069072683,2520.998983394,-87.952794863
2024-09-11 06:00,37.946651175,38.009093339,37.790222494,37.899657916,37.790222494,-0.412233166,7900.024175198,213.368796546
2024-09-11 07:00,37.790222494,37.790222494,37.191616759,37.490919626,37.191616759,-1.584022784,27863.695188831,252.703923063
2024-09-11 08:00,37.191616759,37.270432562,36.885233914,37.077833238,36.885233914,-0.823795447,40682.534591557,46.005525527
2024-09-11 09:00,36.885233914,37.140011196,36.885233914,37.012622555,36.933068632,0.129685279,3881.670611996,-90.458631324
2024-09-11 10:00,36.933068632,37.13679986,36.867904859,37.00235236,37.13679986,0.551622803,8785.396662279,126.330297968
2024-09-11 11:00,37.13679986,37.13679986,36.752022092,36.944410976,36.752022092,-1.036109117,23533.664623478,167.872533571
2024-09-11 13:00,36.752022092,36.752022092,36.6366953,36.694358696,36.6366953,-0.313797131,3018.334959433,-87.174394606
2024-09-11 14:00,36.6366953,36.740625249,36.6366953,36.688660275,36.740625249,0.283677193,4857.866665132,60.945247311
2024-09-11 15:00,36.740625249,36.836903798,36.483704544,36.660304171,36.483704544,-0.699282344,6564.435674746,35.130009266
2024-09-11 16:00,36.483704544,37.143125548,36.06869248,36.605909014,36.06869248,-1.137527203,26162.76332642,298.553122046
2024-09-11 17:00,36.06869248,36.06869248,35.819070398,35.943881439,36.064728638,-0.010989703,25518.377572205,-2.462988126
2024-09-11 18:00,36.064728638,36.904709583,36.014115687,36.459412635,36.904709583,2.329092655,48256.178629706,89.103631268
2024-09-11 19:00,36.904709583,36.904709583,36.62102924,36.762869412,36.62102924,-0.768683312,3173.403427318,-93.423840185
2024-09-11 20:00,36.62102924,37.317150863,36.62102924,36.969090051,37.127512506,1.383039409,4712.487704267,48.499483668
2024-09-11 21:00,37.127512506,37.435678312,36.956012254,37.195845283,36.956012254,-0.461922278,84602.526347036,1695.283757885
2024-09-11 23:00,36.956012254,37.335931008,36.956012254,37.145971631,37.335931008,1.028029623,6837.156034347,-91.91849661
2024-09-12 00:00,37.335931008,37.335931008,37.127412638,37.231671823,37.304923675,-0.083049578,766.115127579,-88.794827502
2024-09-12 01:00,37.304923675,37.304923675,37.083342792,37.194133233,37.083342792,-0.593972219,1478.422393748,92.976530619
2024-09-12 02:00,37.083342792,37.083342792,36.986242282,37.034792537,36.986242282,-0.261844006,886.613999222,-40.029723375
2024-09-12 03:00,36.986242282,37.506969538,36.986242282,37.24660591,37.506969538,1.40789446,10076.82902712,1036.551987219
2024-09-12 04:00,37.506969538,37.669062401,37.506969538,37.588015969,37.669062401,0.432167316,13787.023989685,36.819072275
2024-09-12 05:00,37.669062401,37.869834185,37.599615393,37.734724789,37.869834185,0.532988534,11103.825473553,-19.461767225
2024-09-12 07:00,37.869834185,37.893346263,37.620364951,37.756855607,37.893346263,0.062086563,6553.546199646,-40.97938395
2024-09-12 08:00,37.893346263,37.935039568,37.640803,37.787921284,37.88479219,-0.022574076,9118.255290645,39.134676294
2024-09-12 10:00,37.88479219,37.88479219,37.578125911,37.731459051,37.6146799,-0.71298343,2008.782201758,-77.969664835
2024-09-12 11:00,37.6146799,37.633701086,37.6146799,37.624190493,37.633701086,0.050568519,69.612014096,-96.534616145
2024-09-12 12:00,37.633701086,37.650075421,37.602581535,37.626328478,37.602581535,-0.082690647,588.79936253,745.830091504
2024-09-12 13:00,37.602581535,37.602581535,37.402119334,37.502350434,37.476736886,-0.334670237,48353.064702291,8112.146238502
2024-09-12 14:00,37.476736886,37.476736886,37.449020822,37.462878854,37.457814843,-0.050490105,1502.001216248,-96.893679386
2024-09-12 15:00,37.457814843,37.569592695,37.218976444,37.394284569,37.218976444,-0.637619679,13298.142835122,785.361655588
2024-09-12 16:00,37.218976444,37.579620977,37.218976444,37.39929871,37.548190969,0.884534065,16649.927597735,25.204908717
2024-09-12 17:00,37.548190969,38.190760144,37.548190969,37.869475557,37.887337055,0.90322883,51916.228972603,211.810538922
2024-09-12 18:00,37.887337055,37.99030232,37.477055199,37.733678759,37.477055199,-1.082899692,35570.68450691,-31.484460234
2024-09-12 19:00,37.477055199,37.847237889,37.477055199,37.662146544,37.847237889,0.987758213,1234.246024383,-96.53015948
2024-09-12 20:00,37.847237889,38.15655069,37.707426618,37.931988654,38.15655069,0.81726651,21979.534851428,1680.806615311
2024-09-12 21:00,38.15655069,38.591726817,38.15655069,38.374138753,38.591726817,1.140501747,31286.828567156,42.345271538
2024-09-12 22:00,38.591726817,39.082112064,38.464635659,38.773373861,39.082112064,1.270700451,69599.99175696,122.457803953
2024-09-12 23:00,39.082112064,39.22104587,38.812893605,39.016969737,39.22104587,0.355492063,31421.19086945,-54.854605473
2024-09-13 00:00,39.22104587,39.412866831,38.974171642,39.193519237,39.317895549,0.246932932,52418.662517522,66.825830171
2024-09-13 01:00,39.317895549,39.317895549,39.228256857,39.273076203,39.267031677,-0.129365703,19270.445891818,-63.23743307
2024-09-13 02:00,39.267031677,39.375267947,39.267031677,39.321149812,39.375267947,0.275641591,4478.574941386,-76.759360076
2024-09-13 03:00,39.375267947,39.610905356,39.353746946,39.482326151,39.353746946,-0.054656138,488.584524384,-89.090625237
2024-09-13 04:00,39.353746946,39.353746946,39.183393285,39.268570116,39.183393285,-0.432877871,8972.529599127,1736.433442185
2024-09-13 05:00,39.183393285,39.341096428,38.940057776,39.140577102,38.940057776,-0.621016936,17208.520784944,91.791184357
2024-09-13 06:00,38.940057776,38.940057776,38.790871907,38.865464842,38.790871907,-0.383116712,22456.748099676,30.497841042
2024-09-13 07:00,38.790871907,39.031743831,38.790871907,38.911307869,38.80907291,0.046920839,2971.946546574,-86.7659087
2024-09-13 08:00,38.80907291,39.007482696,38.789352738,38.898417717,39.007482696,0.511245881,3917.608906651,31.819628828
2024-09-13 09:00,39.007482696,39.007482696,38.583144516,38.795313606,38.583144516,-1.087837898,249.235593973,-93.638068528
2024-09-13 10:00,38.583144516,38.919284615,38.583144516,38.751214566,38.919284615,0.871209702,12455.084197485,4897.313585492
2024-09-13 11:00,38.919284615,38.963709913,38.694292144,38.829001029,38.963709913,0.114147263,7025.579022887,-43.592681418
2024-09-13 12:00,38.963709913,38.963709913,38.795872148,38.87979103,38.795872148,-0.430754068,7300.600251517,3.914570283
2024-09-13 13:00,38.795872148,39.709637579,38.752017944,39.230827761,39.413134757,1.591052282,85634.306611273,1072.976243885
2024-09-13 14:00,39.413134757,39.447276934,39.07398693,39.260631932,39.07398693,-0.860494424,42719.626770968,-50.113887224
2024-09-13 15:00,39.07398693,39.248502568,38.791928495,39.020215532,39.01631423,-0.147598709,24420.949320031,-42.834357025
2024-09-13 16:00,39.01631423,39.026855915,38.791142843,38.908999379,38.791142843,-0.577121113,7479.618066732,-69.372124037
2024-09-13 17:00,38.791142843,38.957806673,38.791142843,38.874474758,38.861486654,0.181339878,4467.495691011,-40.271071983
2024-09-13 18:00,38.861486654,39.519311361,38.861486654,39.190399007,39.425485081,1.451304301,18691.595525093,318.390902149
2024-09-13 19:00,39.425485081,39.863360779,39.425485081,39.64442293,39.586067663,0.407306547,21376.089844166,14.362039428
2024-09-13 20:00,39.586067663,39.993407619,39.586067663,39.789737641,39.873099537,0.725083068,18850.828337018,-11.81348659
2024-09-13 21:00,39.873099537,40.172583949,39.873099537,40.022841743,40.031313276,0.39679318,20732.849183931,9.983756752
2024-09-13 22:00,40.031313276,40.031313276,39.802768422,39.917040849,39.802768422,-0.570915205,28354.650733158,36.761959158
2024-09-13 23:00,39.802768422,40.13574248,39.772630334,39.954186407,40.13574248,0.836560046,19442.969355734,-31.429346322
2024-09-14 00:00,40.13574248,40.75615898,40.13574248,40.44595073,40.75615898,1.545795496,113624.934836898,484.4011414
2024-09-14 01:00,40.75615898,40.989521728,40.679095178,40.834308453,40.771144578,0.036768916,22089.48585217,-80.559297232
2024-09-14 02:00,40.771144578,40.771144578,40.510846283,40.64099543,40.510846283,-0.638437546,7634.752058672,-65.437167213
2024-09-14 03:00,40.510846283,40.822470343,40.510846283,40.666658313,40.822470343,0.769236115,19091.604599832,150.061880898
2024-09-14 04:00,40.822470343,41.024157911,40.822470343,40.923314127,41.024157911,0.494060173,25311.059830445,32.576912004
2024-09-14 05:00,41.024157911,41.024157911,40.701464922,40.862811416,40.701464922,-0.786592595,5616.0870098,-77.811727176
2024-09-14 06:00,40.701464922,40.943093209,40.701464922,40.822279066,40.943093209,0.593659926,437.519405071,-92.209533002
2024-09-14 07:00,40.943093209,40.948968091,40.706041576,40.827504834,40.706041576,-0.57897832,4847.873775778,1008.036288125
2024-09-14 08:00,40.706041576,40.939253752,40.318139373,40.628696562,40.318139373,-0.952935209,36627.519887864,655.537820949
2024-09-14 09:00,40.318139373,40.318139373,40.13313384,40.225636607,40.13313384,-0.458864263,16509.394826944,-54.926255238
2024-09-14 10:00,40.13313384,40.382900739,40.13313384,40.258017289,40.382900739,0.622345865,11742.59852888,-28.873234592
2024-09-14 11:00,40.382900739,40.382900739,40.06040322,40.22165198,40.06040322,-0.798599191,13240.81493665,12.758814875
2024-09-14 12:00,40.06040322,40.072229446,40.049406187,40.060817817,40.072229446,0.029520985,1702.314194395,-87.143433372
2024-09-14 13:00,40.072229446,40.072229446,40.062509653,40.067369549,40.062509653,-0.024255684,1958.234809787,15.033688624
2024-09-14 14:00,40.062509653,40.062509653,39.915587328,39.98904849,39.915587328,-0.366732704,11562.861493401,490.473697823
2024-09-14 15:00,39.915587328,40.148960919,39.879460306,40.014210613,40.121795494,0.516610627,5001.193917332,-56.747783235
2024-09-14 16:00,40.121795494,40.305356345,40.121795494,40.213575919,40.305356345,0.457509065,24344.071194952,386.765192419
2024-09-14 17:00,40.305356345,40.456732314,40.215070287,40.335901301,40.215070287,-0.22400511,16197.554957583,-33.464066762
2024-09-14 18:00,40.215070287,40.48199887,40.215070287,40.348534578,40.48199887,0.663752619,2043.25023203,-87.38544035
2024-09-14 19:00,40.48199887,40.554744786,40.257628461,40.406186624,40.257628461,-0.554247356,1758.367187647,-13.94264099
2024-09-14 20:00,40.257628461,40.423371728,40.171819895,40.297595811,40.171819895,-0.213148587,8681.907669969,393.748275728
2024-09-14 21:00,40.171819895,40.171819895,39.690410737,39.931115316,39.846439261,-0.809972351,18632.56422103,114.613710826
2024-09-14 22:00,39.846439261,39.884372721,39.846439261,39.865405991,39.865900898,0.048841598,5326.294704947,-71.414054224
2024-09-14 23:00,39.865900898,39.865900898,39.849034344,39.857467621,39.849034344,-0.042308224,2888.174363502,-45.775167851
2024-09-15 00:00,39.849034344,40.208524586,39.815354483,40.011939535,39.815354483,-0.084518637,49702.634782287,1620.901459773
2024-09-15 01:00,39.815354483,40.064926641,39.815354483,39.940140562,40.064926641,0.626823902,2439.336244955,-95.092138967
2024-09-15 02:00,40.064926641,40.090915516,39.844945166,39.967930341,39.844945166,-0.54906247,2128.01355069,-12.762598634
2024-09-15 03:00,39.844945166,40.116150411,39.844945166,39.980547788,39.876988209,0.080419344,1005.31511855,-52.758049016
2024-09-15 04:00,39.876988209,39.876988209,39.87365694,39.875322575,39.87365694,-0.008353863,473.882344094,-52.862308012
2024-09-15 05:00,39.87365694,40.248233371,39.87365694,40.060945156,40.248233371,0.939408271,6000.851681846,1166.316788678
2024-09-15 07:00,40.248233371,40.248233371,39.984620015,40.116426693,40.00096217,-0.614365353,4021.314059358,-32.987611217
2024-09-15 08:00,40.00096217,40.00096217,39.864790933,39.932876552,39.864790933,-0.340419904,10788.713486264,168.288259186
2024-09-15 09:00,39.864790933,40.110120873,39.859267137,39.984694005,40.110120873,0.615405059,2689.345474144,-75.072602701
2024-09-15 11:00,40.110120873,40.110120873,39.815857413,39.962989143,39.815857413,-0.733638927,4178.223231561,55.362086118
2024-09-15 12:00,39.815857413,39.815857413,39.727415123,39.771636268,39.727415123,-0.222128307,9487.666291917,127.074183597
2024-09-15 13:00,39.727415123,39.955335327,39.551612823,39.753474075,39.756111343,0.07223279,19575.844259542,106.32939289
2024-09-15 14:00,39.756111343,39.780622506,39.418371143,39.599496824,39.418371143,-0.849530271,9969.501081082,-49.072433613
2024-09-15 15:00,39.418371143,39.418371143,39.402348585,39.410359864,39.402348585,-0.040647439,2862.154903227,-71.29089129
2024-09-15 17:00,39.402348585,39.431201424,38.986310867,39.208756146,38.986310867,-1.055870354,44386.553457284,1450.808916989
2024-09-15 18:00,38.986310867,39.319775898,38.986310867,39.153043382,39.319775898,0.855338767,13811.903443486,-68.882685481
2024-09-15 19:00,39.319775898,39.319775898,38.807964275,39.063870086,38.807964275,-1.301664649,10700.998610376,-22.523360707
2024-09-15 20:00,38.807964275,38.807964275,38.545561911,38.676763093,38.545561911,-0.676155961,14837.456356997,38.654876028
2024-09-15 21:00,38.545561911,38.739287962,38.491846342,38.615567152,38.52068338,-0.064543178,4743.40504956,-68.030874461
2024-09-15 22:00,38.52068338,38.695414597,38.52068338,38.608048989,38.695414597,0.453603625,97.172133366,-97.951426615
2024-09-16 00:00,38.695414597,38.695414597,37.743514181,38.219464389,37.778790311,-2.368818878,23097.872869615,23670.05842056
2024-09-16 02:00,37.778790311,37.778790311,36.869260998,37.324025654,37.198271204,-1.536627038,18525.196354826,-19.796959402
2024-09-16 03:00,37.198271204,37.252545335,37.166569597,37.209557466,37.252545335,0.145904981,103.464280937,-99.441494282
2024-09-16 04:00,37.252545335,37.252545335,36.539355818,36.895950576,36.628221352,-1.675923019,35322.106155433,34039.4207117
2024-09-16 05:00,36.628221352,36.628221352,35.625542323,36.126881838,35.625542323,-2.737449409,630095.859705869,1683.856990105
2024-09-16 06:00,35.625542323,36.157214382,35.586288188,35.871751285,36.157214382,1.492390078,19721.425532876,-96.870091236
2024-09-16 07:00,36.157214382,36.157214382,35.957425582,36.057319982,35.975624325,-0.502223583,64.093686148,-99.675004801
2024-09-16 08:00,35.975624325,36.481010435,35.975624325,36.22831738,36.481010435,1.404801502,5895.036354836,9097.530535512
2024-09-16 09:00,36.481010435,36.481010435,36.20108329,36.341046863,36.20108329,-0.767322895,6046.517364208,2.56963656
2024-09-16 10:00,36.20108329,36.31521722,36.068201671,36.191709446,36.31521722,0.315277664,16502.710235074,172.929179576
2024-09-16 11:00,36.31521722,36.860761318,36.31521722,36.587989269,36.860761318,1.502246549,90.217792826,-99.453315295
2024-09-16 12:00,36.860761318,36.860761318,36.654683966,36.757722642,36.654683966,-0.559069711,0.231217873,-99.74371145
2024-09-16 13:00,36.654683966,36.654683966,36.411457198,36.533070582,36.411457198,-0.663562584,68.90455918,29700.706258788
2024-09-16 14:00,36.411457198,36.411457198,36.175620989,36.293539093,36.225297557,-0.51126666,5676.719320477,8138.524980057
2024-09-16 15:00,36.225297557,36.225297557,36.064103575,36.144700566,36.064103575,-0.444976282,20625.516846876,263.335153325
2024-09-16 16:00,36.064103575,36.209538411,35.955505832,36.082522122,35.955505832,-0.301124197,19616.725153368,-4.890988677
2024-09-16 17:00,35.955505832,35.955505832,35.666122113,35.810813973,35.720183774,-0.65448129,13136.655083796,-33.033393795
2024-09-16 18:00,35.720183774,35.864104061,35.618082787,35.741093424,35.864104061,0.402910264,11307.367133324,-13.925066456
2024-09-16 19:00,35.864104061,35.864104061,35.616865658,35.740484859,35.624951343,-0.666830313,1412.292268104,-87.509981312
2024-09-16 20:00,35.624951343,35.753929573,35.609788596,35.681859085,35.753929573,0.362044649,135.525499393,-90.403863106
2024-09-16 22:00,35.753929573,36.031476147,35.753929573,35.89270286,36.031476147,0.776268725,28171.387439705,20686.780027233
2024-09-16 23:00,36.031476147,36.031476147,35.601437188,35.816456667,35.764825536,-0.740049088,55159.889784722,95.801111687
2024-09-17 00:00,35.764825536,35.764825536,35.396952485,35.58088901,35.737110724,-0.077491813,5856.302947672,-89.383040883
2024-09-17 01:00,35.737110724,35.798302997,35.548180626,35.673241811,35.548180626,-0.528666403,6216.195683644,6.14539137
2024-09-17 02:00,35.548180626,35.950165436,35.548180626,35.749173031,35.950165436,1.130816831,7535.348706842,21.221227425
2024-09-17 03:00,35.950165436,36.045119338,35.781553735,35.913336537,35.781553735,-0.469015089,7300.737813306,-3.113470958
2024-09-17 04:00,35.781553735,35.781553735,35.670830919,35.726192327,35.728427244,-0.148474522,7335.928854534,0.48202034
2024-09-17 05:00,35.728427244,35.897722363,35.728427244,35.813074804,35.897722363,0.473838709,5956.530151927,-18.803327158
2024-09-17 06:00,35.897722363,36.191953138,35.897722363,36.04483775,36.191953138,0.819636333,30521.804879924,412.409139238
2024-09-17 07:00,36.191953138,36.365064912,36.160012559,36.262538736,36.164275314,-0.076475077,15910.262269832,-47.872472377
2024-09-17 08:00,36.164275314,36.658401064,36.164275314,36.411338189,36.658401064,1.366336656,10209.93407155,-35.827996432
2024-09-17 09:00,36.658401064,36.683406053,36.445626142,36.564516098,36.445626142,-0.580426083,4186.384455432,-58.996949186
2024-09-17 10:00,36.445626142,36.450530127,36.419976803,36.435253465,36.43529475,-0.028347414,6010.169078946,43.564671208
2024-09-17 13:00,36.43529475,36.835602014,36.43529475,36.635448382,36.835602014,1.098679913,3619.275856351,-39.780798031
2024-09-17 14:00,36.835602014,36.944507346,36.835602014,36.89005468,36.854783017,0.052071914,9831.688520754,171.647945914
2024-09-17 15:00,36.854783017,36.900429019,36.740536173,36.820482596,36.740536173,-0.309991905,5886.005255182,-40.132305425
2024-09-17 16:00,36.740536173,37.565372559,36.740536173,37.152954366,37.091885959,0.956300105,92802.552777857,1476.664456699
2024-09-17 17:00,37.091885959,37.934100622,37.091885959,37.512993291,37.934100622,2.270616985,544.095043078,-99.413706814
2024-09-17 18:00,37.934100622,38.315395651,37.770226454,38.042811052,38.06219565,0.337677778,7504.736704689,1279.306207648
2024-09-17 19:00,38.06219565,38.31583554,37.885465291,38.100650416,38.07920614,0.0446913,18734.819935791,149.63993639
2024-09-17 20:00,38.07920614,38.125651616,37.817577084,37.97161435,38.119156434,0.104913671,17192.48998694,-8.232424726
2024-09-17 21:00,38.119156434,38.18328267,37.475228271,37.829255471,37.475228271,-1.689250819,115778.967664664,573.427570716
2024-09-17 22:00,37.475228271,37.475228271,37.389307907,37.432268089,37.389307907,-0.229272424,432.413363581,-99.626518208
2024-09-17 23:00,37.389307907,37.795046621,37.389307907,37.592177264,37.640924894,0.672965083,22242.945909619,5043.908071072
2024-09-18 00:00,37.640924894,37.926044443,37.640924894,37.783484669,37.68885917,0.12734617,17816.69442872,-19.899573999
2024-09-18 01:00,37.68885917,37.887584735,37.468571799,37.678078267,37.687560887,-0.003444739,17059.551151137,-4.249628238
2024-09-18 02:00,37.687560887,37.687560887,37.5631095,37.625335194,37.5631095,-0.330218736,37.539499705,-99.77995025
2024-09-18 03:00,37.5631095,37.5631095,37.033587383,37.298348442,37.438164608,-0.332626596,25548.844163109,67958.56328418
2024-09-18 04:00,37.438164608,37.438164608,37.214017157,37.326090882,37.214017157,-0.598713779,1320.204723195,-94.832624463
2024-09-18 05:00,37.214017157,37.632874029,37.214017157,37.423445593,37.632874029,1.125535224,10888.832277152,724.78361771
2024-09-18 06:00,37.632874029,38.214817888,37.632874029,37.923845958,38.098041132,1.236065847,170542.076180212,1466.210883219
2024-09-18 07:00,38.098041132,38.516084258,37.955856697,38.235970478,37.955856697,-0.37320668,77303.590994202,-54.671836578
2024-09-18 08:00,37.955856697,38.128617014,37.894526428,38.011571721,37.897215837,-0.154497528,5414.902029058,-92.995277503
2024-09-18 09:00,37.897215837,38.174812058,37.897215837,38.036013948,38.174812058,0.732497665,3675.861549722,-32.115825365
2024-09-18 10:00,38.174812058,38.174812058,37.980600862,38.07770646,37.980600862,-0.508741723,5920.004716585,61.050807722
2024-09-18 11:00,37.980600862,37.980600862,37.745987333,37.863294098,37.745987333,-0.617719371,15656.395804544,164.465934642
2024-09-18 12:00,37.745987333,37.745987333,37.297624989,37.521806161,37.507115913,-0.632839243,45182.591132994,188.588712863
2024-09-18 13:00,37.507115913,37.507115913,36.857370791,37.182243352,36.857370791,-1.732324935,1151.07103555,-97.452401452
2024-09-18 14:00,36.857370791,36.900998377,36.857370791,36.879184584,36.895450521,0.103316457,6756.33466381,486.960704869
2024-09-18 15:00,36.895450521,36.921394656,36.848604933,36.884999794,36.848604933,-0.126968469,12520.379420668,85.313191896
2024-09-18 16:00,36.848604933,36.848604933,36.667505446,36.758055189,36.667505446,-0.491469046,18681.665309262,49.210057312
2024-09-18 17:00,36.667505446,36.755802217,36.471771746,36.613786981,36.545988274,-0.331402888,7117.890029448,-61.899060327
2024-09-18 18:00,36.545988274,36.644302,36.458132928,36.551217464,36.458132928,-0.240396689,16324.063194462,129.338513617
2024-09-18 19:00,36.458132928,36.652862433,36.358199323,36.505530878,36.652862433,0.53411815,7881.859268475,-51.716314899
2024-09-18 20:00,36.652862433,36.999204705,36.652862433,36.826033569,36.999204705,0.944925577,25662.961179446,225.595272705
2024-09-18 21:00,36.999204705,38.166876258,36.999204705,37.583040481,38.046665967,2.831037235,70652.15088283,175.307866418
2024-09-18 22:00,38.046665967,38.046665967,37.774090371,37.910378169,37.962224719,-0.221941253,18683.445191772,-73.555730493
2024-09-18 23:00,37.962224719,37.962224719,37.545577728,37.753901224,37.951408841,-0.028491161,6383.361501089,-65.834130507
2024-09-19 00:00,37.951408841,38.028184306,37.942854363,37.985519334,37.942854363,-0.022540607,8536.175879796,33.725402804
2024-09-19 01:00,37.942854363,38.008472043,37.942854363,37.975663203,38.008472043,0.172938175,56.870176294,-99.333774549
2024-09-19 02:00,38.008472043,38.801261805,38.008472043,38.404866924,38.801261805,2.085823817,20184.922180353,35392.983310113
2024-09-19 03:00,38.801261805,39.54838072,38.801261805,39.174821262,39.54838072,1.925501595,18705.924875145,-7.327238084
2024-09-19 04:00,39.54838072,39.54838072,39.214245937,39.381313328,39.46746632,-0.204595986,14308.506183107,-23.508159695
2024-09-19 05:00,39.46746632,39.520230532,39.247386706,39.383808619,39.520230532,0.133690395,4605.324116793,-67.814081653
2024-09-19 06:00,39.520230532,39.827894114,39.520230532,39.674062323,39.827894114,0.778496425,6628.091577279,43.922369179
2024-09-19 07:00,39.827894114,39.906830576,39.827894114,39.867362345,39.906830576,0.198193914,3576.306777296,-46.043190025
2024-09-19 08:00,39.906830576,40.072474926,39.748393542,39.910434234,39.748393542,-0.397017332,23811.289855912,565.806692174
2024-09-19 09:00,39.748393542,39.748393542,39.538717607,39.643555574,39.538717607,-0.527507948,18669.313531467,-21.594698799
2024-09-19 10:00,39.538717607,39.851339837,39.538717607,39.695028722,39.851339837,0.79067367,7174.307153342,-61.571660676
2024-09-19 11:00,39.851339837,39.866994735,39.618887202,39.742940968,39.618887202,-0.583299421,33867.758981025,372.070100389
2024-09-19 12:00,39.618887202,39.618887202,39.559920794,39.589403998,39.559920794,-0.148834083,2989.405224921,-91.173300759
2024-09-19 13:00,39.559920794,39.559920794,39.480788956,39.520354875,39.480788956,-0.200030326,292.856390654,-90.203523155
2024-09-19 14:00,39.480788956,39.48667145,39.480788956,39.483730203,39.483504749,0.006878773,618.882637743,111.326321533
2024-09-19 15:00,39.483504749,39.652411368,39.483504749,39.567958059,39.509489744,0.06581228,5739.642658343,827.420209957
2024-09-19 16:00,39.509489744,39.602711437,39.480583718,39.541647577,39.602711437,0.235947599,3862.716650686,-32.701095162
2024-09-19 18:00,39.602711437,39.602711437,39.34475586,39.473733648,39.34475586,-0.651358372,13485.450961359,249.118306645
2024-09-19 19:00,39.34475586,40.010028948,39.34475586,39.677392404,40.010028948,1.690881221,1568.466602636,-88.369194274
2024-09-19 21:00,40.010028948,40.160195456,39.943330767,40.051763111,39.968542807,-0.103689355,8530.783378043,443.893211606
2024-09-19 22:00,39.968542807,39.968542807,39.840864174,39.904703491,39.840864174,-0.319447808,343.621023183,-95.971987472
2024-09-19 23:00,39.840864174,39.840864174,39.750901349,39.795882761,39.750901349,-0.225805405,3858.694670105,1022.950695612
2024-09-20 00:00,39.750901349,39.750901349,39.472133643,39.611517496,39.472133643,-0.701286504,24271.206549273,529.000442489
2024-09-20 02:00,39.472133643,39.908326876,39.472133643,39.690230259,39.655846643,0.465424549,1521.222661435,-93.732397859
2024-09-20 03:00,39.655846643,39.955156841,39.301222613,39.628189727,39.307699877,-0.877920398,194537.56163349,12688.237157205
2024-09-20 04:00,39.307699877,39.307699877,38.805336591,39.056518234,38.884923359,-1.075556492,49345.212068898,-74.634609556
2024-09-20 05:00,38.884923359,39.213438646,38.884923359,39.049181002,39.213438646,0.844839744,3778.370487783,-92.342984599
2024-09-20 06:00,39.213438646,39.409499866,39.213438646,39.311469256,39.409499866,0.499984768,18746.362285581,396.149394195
2024-09-20 07:00,39.409499866,40.864014824,39.409499866,40.136757345,40.864014824,3.690772434,12951.987559705,-30.909328635
2024-09-20 08:00,40.864014824,41.153338178,40.864014824,41.008676501,41.153338178,0.708015,14556.364725057,12.387111692
2024-09-20 09:00,41.153338178,41.155071396,41.116461869,41.135766633,41.155071396,0.004211611,6362.457789209,-56.290887805
2024-09-20 10:00,41.155071396,41.411186546,41.155071396,41.283128971,41.200552307,0.110511072,12122.219852192,90.527312775
2024-09-20 11:00,41.200552307,41.200552307,40.984569201,41.092560754,40.984569201,-0.524223812,1159.295167878,-90.436609944
2024-09-20 12:00,40.984569201,41.384652085,40.984569201,41.184610643,41.384652085,0.976179307,19739.686555591,1602.731720319
2024-09-20 13:00,41.384652085,41.461331819,41.090038622,41.275685221,41.461331819,0.185285439,17152.003356632,-13.109038949
2024-09-20 14:00,41.461331819,41.502793574,40.949756631,41.226275102,40.949756631,-1.233860964,39731.937954642,131.646048153
2024-09-20 15:00,40.949756631,41.182876665,40.949756631,41.066316648,41.134828854,0.451949507,6712.517458201,-83.105486911
2024-09-20 16:00,41.134828854,41.134828854,40.775364903,40.955096879,40.775364903,-0.873867621,26914.449090948,300.959092599
2024-09-20 17:00,40.775364903,40.881332644,40.334845189,40.608088917,40.766255498,-0.022340463,25801.324928215,-4.13578654
2024-09-20 18:00,40.766255498,40.766255498,40.314524141,40.54038982,40.597996282,-0.412741406,7250.811238708,-71.897523639
2024-09-20 19:00,40.597996282,40.662098799,40.382694473,40.522396636,40.382694473,-0.530326195,25340.912774506,249.49072511
2024-09-20 20:00,40.382694473,40.382694473,40.232083822,40.307389148,40.232083822,-0.372958399,20460.653497784,-19.258419458
2024-09-20 22:00,40.232083822,40.494056229,40.064728836,40.279392532,40.494056229,0.651152964,29115.489233025,42.299898858
2024-09-20 23:00,40.494056229,40.637399579,40.494056229,40.565727904,40.637399579,0.353986151,16369.775507666,-43.776402393
2024-09-21 00:00,40.637399579,41.062472962,40.637399579,40.849936271,40.835303159,0.486998631,49015.619735256,199.42756217
2024-09-21 01:00,40.835303159,41.2296467,40.835303159,41.03247493,41.2296467,0.965692698,12018.27261972,-75.480729032
2024-09-21 02:00,41.2296467,41.2296467,40.936682841,41.08316477,40.936682841,-0.71056602,11396.463066625,-5.173867932
2024-09-21 03:00,40.936682841,41.484048876,40.852290597,41.168169736,41.484048876,1.337104028,50293.526288342,341.308202328
2024-09-21 04:00,41.484048876,41.484048876,40.783937355,41.133993116,40.783937355,-1.68766439,21680.646554018,-56.891774839
2024-09-21 05:00,40.783937355,40.783937355,40.188865708,40.486401532,40.188865708,-1.45908337,54762.966269406,152.589175018
2024-09-21 06:00,40.188865708,40.287968671,40.042511503,40.165240087,40.062988941,-0.313213037,19559.343808318,-64.283629721
2024-09-21 07:00,40.062988941,40.062988941,39.824278956,39.943633948,39.824278956,-0.595836685,21772.572530872,11.315454875
2024-09-21 08:00,39.824278956,40.039192743,39.757004245,39.898098494,40.039192743,0.539655188,2169.410972901,-90.036037451
2024-09-21 09:00,40.039192743,40.264153392,40.039192743,40.151673068,40.132470764,0.232966785,30114.341024544,1288.134447586
2024-09-21 10:00,40.132470764,40.132470764,39.891700202,40.012085483,39.891700202,-0.599939542,37214.305836586,23.576689944
2024-09-21 11:00,39.891700202,39.941425434,39.891700202,39.916562818,39.941425434,0.124650569,1122.628736734,-96.983340918
2024-09-21 13:00,39.941425434,39.941425434,39.84718171,39.894303572,39.84718171,-0.235954832,10089.180305384,798.710319383
2024-09-21 14:00,39.84718171,39.84718171,39.831076077,39.839128893,39.831076077,-0.040418501,31.734420448,-99.685460865
2024-09-21 15:00,39.831076077,40.132424406,39.831076077,39.981750241,39.922308079,0.229047294,7570.716194727,23756.481661928
2024-09-21 16:00,39.922308079,40.431397618,39.922308079,40.176852848,40.431397618,1.275200668,14005.451857798,84.995071768
2024-09-21 17:00,40.431397618,40.846179941,40.431397618,40.638788779,40.846179941,1.025891627,38632.356758961,175.837989029
2024-09-21 18:00,40.846179941,40.882573004,40.05301558,40.467794292,40.05301558,-1.941832412,62783.752435924,62.515978064
2024-09-21 19:00,40.05301558,40.293732525,40.05301558,40.173374052,40.09365499,0.101464046,8320.603427079,-86.747202733
2024-09-21 20:00,40.09365499,40.339857025,40.083969339,40.211913182,40.181960469,0.220248014,23654.415051972,184.287254636
2024-09-21 21:00,40.181960469,40.181960469,40.143508703,40.162734586,40.143508703,-0.095694101,8366.480371722,-64.63036455
2024-09-21 22:00,40.143508703,40.206400655,40.134002275,40.170201465,40.134002275,-0.02368111,13228.872357657,58.11753294
2024-09-22 00:00,40.134002275,40.134002275,40.060083106,40.097042691,40.060083106,-0.184180905,20.697704677,-99.843541429
2024-09-22 01:00,40.060083106,40.280478764,40.060083106,40.170280935,40.280478764,0.550162758,77.044657269,272.237687565
2024-09-22 02:00,40.280478764,40.991254938,40.280478764,40.635866851,40.991254938,1.764567342,46.994345206,-39.003758506
2024-09-22 03:00,40.991254938,40.991254938,40.524002358,40.757628648,40.524002358,-1.139883568,28735.90965701,61047.590271287
2024-09-22 04:00,40.524002358,40.790657666,40.238879319,40.514768493,40.277723649,-0.607735405,40021.454566068,39.273317058
2024-09-22 05:00,40.277723649,40.277723649,39.28922159,39.783472619,39.28922159,-2.454215306,96449.827983619,140.995308715
2024-09-22 06:00,39.28922159,39.850315035,39.28922159,39.569768313,39.850315035,1.428110364,40967.932238963,-57.524100255
2024-09-22 07:00,39.850315035,39.908692736,39.850315035,39.879503886,39.908692736,0.146492445,4370.998916821,-89.330682126
2024-09-22 08:00,39.908692736,39.908692736,39.389294917,39.648993827,39.389294917,-1.301465378,15594.919913432,256.781600961
2024-09-22 09:00,39.389294917,39.389294917,39.152852524,39.27107372,39.268933191,-0.30556964,53445.67420046,242.712078659
2024-09-22 10:00,39.268933191,39.268933191,38.900803498,39.084868344,39.082225589,-0.475458808,33619.166497409,-37.096562069
2024-09-22 11:00,39.082225589,39.233272603,39.082225589,39.157749096,39.233272603,0.386485192,5463.296204014,-83.749459689
2024-09-22 12:00,39.233272603,39.233272603,38.807691063,39.020481833,38.807691063,-1.084746471,21597.959759827,295.328368686
2024-09-22 13:00,38.807691063,38.807691063,38.324162794,38.565926929,38.324162794,-1.2459599,57941.155779995,168.271431303
2024-09-22 14:00,38.324162794,38.559760549,38.324162794,38.441961672,38.559760549,0.614749905,13942.284769626,-75.937164901
2024-09-22 15:00,38.559760549,38.748726895,38.559760549,38.654243722,38.748726895,0.490060996,18545.435625115,33.015756969
2024-09-22 16:00,38.748726895,38.748726895,38.408651783,38.578689339,38.408651783,-0.877642027,7681.29213424,-58.581225648
2024-09-22 17:00,38.408651783,38.594425849,38.367884339,38.481155094,38.594425849,0.483677654,13758.374332672,79.115363564
2024-09-22 18:00,38.594425849,38.594425849,38.520118289,38.557272069,38.571109556,-0.060413627,568.854409821,-95.865395169
2024-09-22 19:00,38.571109556,38.571109556,38.524960881,38.548035218,38.524960881,-0.119645704,2630.606907554,362.439397873
2024-09-22 20:00,38.524960881,38.524960881,38.520082515,38.522521698,38.520082515,-0.012662869,6933.403124526,163.566673706
2024-09-22 21:00,38.520082515,38.74705843,38.51251692,38.629787675,38.514861108,-0.013555025,1055.727045334,-84.773320888
2024-09-22 22:00,38.514861108,38.710043466,38.264410229,38.487226848,38.710043466,0.506771548,38373.798150258,3534.821928628
2024-09-22 23:00,38.710043466,38.780509856,38.710043466,38.745276661,38.780509856,0.182036453,4562.995563482,-88.109085409
2024-09-23 00:00,38.780509856,38.784210465,38.400385725,38.592298095,38.400385725,-0.980193743,3338.824205444,-26.828239059
2024-09-23 01:00,38.400385725,38.804033753,37.843400229,38.323716991,38.804033753,1.051156179,39190.310387969,1073.775795805
2024-09-23 02:00,38.804033753,38.950978381,38.673166765,38.812072573,38.697996104,-0.2732645,7586.622912167,-80.641585032
2024-09-23 03:00,38.697996104,39.160625913,38.564264249,38.862445081,39.160625913,1.195487766,36161.369424635,376.646458421
2024-09-23 04:00,39.160625913,39.664362716,39.160625913,39.412494315,39.664362716,1.286334912,27626.161930541,-23.603109146
2024-09-23 05:00,39.664362716,39.664362716,39.458071137,39.561216927,39.62499816,-0.09924414,13566.247947493,-50.893475606
2024-09-23 06:00,39.62499816,40.291189343,39.62499816,39.958093751,40.286766402,1.670077659,1551.556004994,-88.563116265
2024-09-23 07:00,40.286766402,40.542459198,40.101765315,40.322112257,40.257837472,-0.071807526,9365.182274965,503.599370234
2024-09-23 08:00,40.257837472,40.368223859,40.257837472,40.313030665,40.368223859,0.274198501,21717.859943947,131.900024007
2024-09-23 09:00,40.368223859,40.766763482,40.368223859,40.56749367,40.766763482,0.987260734,50788.880167185,133.857665066
2024-09-23 10:00,40.766763482,40.766763482,34.948491463,37.857627473,37.218899661,-8.702834167,2535707.74454339,4892.643539681
2024-09-23 11:00,37.218899661,37.744676287,37.218899661,37.481787974,37.691299775,1.26924793,89356.058489002,-96.476090012
2024-09-23 12:00,37.691299775,37.865917072,37.691299775,37.778608423,37.842692673,0.40166537,31755.176510603,-64.462200944
2024-09-23 13:00,37.842692673,37.984700732,37.842692673,37.913696703,37.957050593,0.302192871,10857.171148858,-65.809759725
2024-09-23 14:00,37.957050593,38.055905475,37.804015798,37.929960637,37.864874641,-0.242842766,8054.52021426,-25.813822921
2024-09-23 15:00,37.864874641,37.884969693,37.622804007,37.75388685,37.622804007,-0.639301295,46613.435321346,478.723922485
2024-09-23 16:00,37.622804007,37.622804007,37.296473531,37.459638769,37.296473531,-0.86737415,18519.767943462,-60.26946348
2024-09-23 17:00,37.296473531,37.744468027,37.141023568,37.442745797,37.744468027,1.201171194,195968.18945291,958.156830319
2024-09-23 18:00,37.744468027,37.744468027,37.523159787,37.633813907,37.696567531,-0.126907328,3861.606145636,-98.029472969
2024-09-23 19:00,37.696567531,37.918757375,37.346777207,37.632767291,37.346777207,-0.927910278,34428.278818119,791.55334645
2024-09-23 20:00,37.346777207,37.374680184,37.148947783,37.261813983,37.352162669,0.014420152,42951.83669938,24.757432477
2024-09-23 21:00,37.352162669,37.813750428,37.242503916,37.528127172,37.813750428,1.235772513,44182.132406541,2.864361112
2024-09-23 22:00,37.813750428,37.934356437,37.813750428,37.874053433,37.908497351,0.25056209,19469.03118785,-55.934604947
2024-09-23 23:00,37.908497351,37.908497351,37.553078212,37.730787782,37.899244309,-0.024408888,27635.417023069,41.94551725
2024-09-24 00:00,37.899244309,37.936340123,37.59462424,37.765482181,37.927750547,0.075215849,26611.379535097,-3.705525729
2024-09-24 01:00,37.927750547,38.421006636,37.854996186,38.138001411,38.421006636,1.300515009,74261.184140332,179.058002395
2024-09-24 02:00,38.421006636,38.553733675,38.186099881,38.369916778,38.553733675,0.345454353,31306.49280339,-57.842723401
2024-09-24 03:00,38.553733675,38.689406306,37.83920615,38.264306228,37.892944149,-1.713944315,69860.294841463,123.149540513
2024-09-24 04:00,37.892944149,37.892944149,37.116415931,37.50468004,37.436669441,-1.20411522,221378.895770799,216.888006661
2024-09-24 05:00,37.436669441,37.436669441,37.39281093,37.414740185,37.410409384,-0.070145282,15192.630356533,-93.137272501
2024-09-24 06:00,37.410409384,37.681259361,37.203734621,37.442496991,37.681259361,0.723996292,27361.870074739,80.099623519
2024-09-24 07:00,37.681259361,37.864500066,37.569534172,37.717017119,37.864500066,0.486291351,20640.388642065,-24.565139058
2024-09-24 08:00,37.864500066,37.864500066,37.547567719,37.706033892,37.547567719,-0.837017118,15052.573207975,-27.072239438
2024-09-24 09:00,37.547567719,38.187470195,37.495194161,37.841332178,38.187470195,1.704244817,162929.68925352,982.404230841
2024-09-24 10:00,38.187470195,38.543189109,38.159127063,38.351158086,38.323652312,0.356614661,90680.676755114,-44.343675379
2024-09-24 13:00,38.323652312,38.496281351,38.210631153,38.353456252,38.470181342,0.382346203,29318.386541924,-67.668540211
2024-09-24 14:00,38.470181342,39.461617626,38.456853876,38.959235751,39.277608161,2.09883809,139072.328003608,374.351914983
2024-09-24 15:00,39.277608161,39.784962719,39.277608161,39.53128544,39.547338568,0.686728187,62943.484932837,-54.740467902
2024-09-24 16:00,39.547338568,39.94077837,39.547338568,39.744058469,39.884149885,0.851666206,56867.929495786,-9.652397613
2024-09-24 17:00,39.884149885,39.884149885,38.952796509,39.418473197,39.346357269,-1.348386811,45245.794897007,-20.437063037
2024-09-24 18:00,39.346357269,39.688567625,39.074850692,39.381709159,39.688567625,0.869738344,58170.290749159,28.565076338
2024-09-24 19:00,39.688567625,41.313888696,39.688567625,40.50122816,41.313888696,4.095187023,175889.565532606,202.370098666
2024-09-24 20:00,41.313888696,42.424151653,41.313888696,41.869020175,42.409247462,2.651308798,181619.923419834,3.257929411
2024-09-24 21:00,42.409247462,42.732634775,37.930878773,40.331756774,41.020819845,-3.273879402,1697179.53768467,834.467709119
2024-09-24 22:00,41.020819845,41.537311743,41.020819845,41.279065794,41.537311743,1.259096966,54087.158112835,-96.813115118
2024-09-24 23:00,41.537311743,41.650091789,41.315135426,41.482613608,41.315135426,-0.534883715,16206.873520174,-70.035634917
2024-09-25 00:00,41.315135426,41.315135426,40.910168178,41.112651802,41.198103212,-0.283267168,60358.892314691,272.427737155
2024-09-25 01:00,41.198103212,41.70706757,41.007072346,41.357069958,41.70706757,1.23540726,39204.89146408,-35.047032905
2024-09-25 02:00,41.70706757,42.02692354,41.695569609,41.861246575,42.02692354,0.766910714,44144.691037119,12.599957272
2024-09-25 03:00,42.02692354,42.136149433,41.981790846,42.058970139,42.136149433,0.259895047,30830.600427208,-30.160117326
2024-09-25 04:00,42.136149433,42.29799892,41.747756126,42.022877523,42.29799892,0.384110769,36372.49005125,17.975289314
2024-09-25 05:00,42.29799892,42.577199074,42.29799892,42.437598997,42.321479985,0.055513417,33805.995376689,-7.056142351
2024-09-25 06:00,42.321479985,42.589001206,42.28879735,42.438899278,42.397811929,0.18036218,30273.396565115,-10.449622241
2024-09-25 07:00,42.397811929,42.682012088,42.15260393,42.417308009,42.15260393,-0.578350598,27568.844369022,-8.933758689
2024-09-25 08:00,42.15260393,42.545121388,42.15260393,42.348862659,42.270165974,0.27889628,23709.253703816,-13.999827536
2024-09-25 09:00,42.270165974,42.270165974,41.226625461,41.748395718,41.226625461,-2.468740042,107649.361889826,354.039436393
2024-09-25 10:00,41.226625461,41.39156373,41.144009238,41.267786484,41.39156373,0.400077056,3498.902044343,-96.749723377
2024-09-25 11:00,41.39156373,41.39156373,41.222857357,41.307210544,41.222857357,-0.407586374,7012.747454691,100.427087292
2024-09-25 12:00,41.222857357,41.662433254,41.222857357,41.442645305,41.324342073,0.246185546,39939.28334374,469.524050335
2024-09-25 13:00,41.324342073,41.495623297,41.242058449,41.368840873,41.264462783,-0.144900771,11461.203005052,-71.303433498
2024-09-25 14:00,41.264462783,41.264462783,41.15065978,41.207561282,41.15065978,-0.275789372,11120.799736983,-2.970048327
2024-09-25 15:00,41.15065978,41.15065978,40.791680048,40.971169914,40.791680048,-0.872354743,47002.092246708,322.650289173
2024-09-25 16:00,40.791680048,40.791680048,40.58423571,40.687957879,40.58423571,-0.508545709,10480.081889531,-77.702946
2024-09-25 17:00,40.58423571,41.295489128,40.58423571,40.939862419,41.295489128,1.752536191,49766.160830764,374.864236323
2024-09-25 18:00,41.295489128,41.429262675,41.166541214,41.297901944,41.166541214,-0.312256657,16748.256049931,-66.346095881
2024-09-25 19:00,41.166541214,41.303056042,41.15998319,41.231519616,41.15998319,-0.015930472,25559.838132313,52.61193796
2024-09-25 20:00,41.15998319,41.15998319,40.655955815,40.907969502,40.655955815,-1.224556805,1931.295090346,-92.444024566
2024-09-25 21:00,40.655955815,40.655955815,40.637712432,40.646834123,40.637712432,-0.044872596,408.697273838,-78.838175695
2024-09-25 22:00,40.637712432,41.023329119,40.637712432,40.830520776,41.023329119,0.948913372,5494.475025703,1244.387491041
2024-09-26 00:00,41.023329119,41.023329119,40.61938849,40.821358805,40.61938849,-0.984660772,17255.905270785,214.059217488
2024-09-26 01:00,40.61938849,40.645714684,40.420807391,40.533261037,40.420807391,-0.488882543,10329.45337993,-40.139603122
2024-09-26 02:00,40.420807391,40.420807391,39.585645984,40.003226687,39.585645984,-2.066167058,96084.962227351,830.203745476
2024-09-26 03:00,39.585645984,39.99062838,39.370027424,39.680327902,39.370027424,-0.544688748,44971.955074412,-53.195636412
2024-09-26 04:00,39.370027424,39.62602956,39.301090692,39.463560126,39.62602956,0.650246273,30495.318466641,-32.190365271
2024-09-26 05:00,39.62602956,39.895961994,39.62602956,39.760995777,39.895961994,0.6811998,414.769362513,-98.639891684
2024-09-26 06:00,39.895961994,40.123388779,39.895961994,40.009675386,40.123388779,0.570049632,23297.018945453,5516.861092218
2024-09-26 07:00,40.123388779,40.260740347,40.003317551,40.132028949,40.003317551,-0.299254951,7875.852019191,-66.193734754
2024-09-26 08:00,40.003317551,40.926627078,40.003317551,40.464972315,40.926627078,2.308082388,71116.215546283,802.965360103
2024-09-26 09:00,40.926627078,41.274402152,40.926627078,41.100514615,41.274402152,0.849752589,30824.621055113,-56.655987923
2024-09-26 10:00,41.274402152,41.623444102,41.274402152,41.448923127,41.623444102,0.845662039,29605.457920715,-3.95516017
2024-09-26 11:00,41.623444102,41.623444102,41.421450183,41.522447143,41.421450183,-0.485288817,24580.702958834,-16.972393993
2024-09-26 12:00,41.421450183,41.631601342,41.341919616,41.486760479,41.631601342,0.507348627,18765.731566372,-23.65665214
2024-09-26 13:00,41.631601342,41.940556218,41.429822996,41.685189607,41.940556218,0.742116243,21976.068612705,17.107444146
2024-09-26 14:00,41.940556218,42.148336385,41.829130736,41.98873356,41.829130736,-0.265674784,33054.86569612,50.413007343
2024-09-26 15:00,41.829130736,41.829130736,41.294643844,41.56188729,41.294643844,-1.277786276,69930.161313436,111.557844332
2024-09-26 16:00,41.294643844,41.294643844,41.227383185,41.261013514,41.227383185,-0.162879862,580.48155524,-99.169912461
2024-09-26 17:00,41.227383185,41.542016547,41.227383185,41.384699866,41.260527527,0.080394,24071.864615664,4046.878466399
2024-09-26 18:00,41.260527527,41.64064838,41.058309386,41.349478883,41.64064838,0.921269978,530.682704042,-97.79542336
2024-09-26 19:00,41.64064838,41.863049088,40.777239463,41.320144276,41.677379908,0.08821075,275735.060844987,51858.55428198
2024-09-26 20:00,41.677379908,42.293637083,41.677379908,41.985508495,41.733187629,0.133904101,59824.717540533,-78.30355075
2024-09-26 21:00,41.733187629,41.780538706,41.733187629,41.756863168,41.780538706,0.113461444,12562.940688578,-79.000417879
2024-09-26 22:00,41.780538706,42.138121358,41.780538706,41.959330032,41.869784509,0.213606157,22371.378435148,78.074377566
2024-09-26 23:00,41.869784509,41.869784509,41.148198776,41.508991643,41.148198776,-1.723404461,57335.110861774,156.287787666
2024-09-27 00:00,41.148198776,41.401491552,41.101121028,41.25130629,41.401491552,0.615562245,7064.200388568,-87.679102242
2024-09-27 01:00,41.401491552,41.79889049,41.373890268,41.586390379,41.593937511,0.464828566,53149.20170155,652.37392455
2024-09-27 02:00,41.593937511,41.890843021,41.557496628,41.724169825,41.558509669,-0.085175496,21089.403291711,-60.320376193
2024-09-27 03:00,41.558509669,41.869954843,41.440649106,41.655301974,41.440649106,-0.283601516,31766.991675575,50.630111417
2024-09-27 04:00,41.440649106,41.440649106,41.322434379,41.381541743,41.322434379,-0.285262728,18692.296503506,-41.158115649
2024-09-27 05:00,41.322434379,41.322434379,41.05602694,41.18923066,41.05602694,-0.644704127,14547.209872002,-22.175373854
2024-09-27 06:00,41.05602694,41.778152836,40.94936055,41.363756693,41.778152836,1.758879148,72899.943326173,401.126635057
2024-09-27 07:00,41.778152836,41.982516822,41.587130183,41.784823503,41.716620803,-0.147282801,42492.495729084,-41.711208829
2024-09-27 08:00,41.716620803,43.879788058,41.716620803,42.79820443,42.830757871,2.67072703,458346.91805626,978.653795669
2024-09-27 09:00,42.830757871,43.212153941,42.830757871,43.021455906,42.89174944,0.142401331,32945.830087867,-92.812031937
2024-09-27 10:00,42.89174944,44.747897206,42.775079879,43.761488542,43.616201324,1.689023865,406001.676532275,1132.330997427
2024-09-27 11:00,43.616201324,43.669730379,43.289437156,43.479583767,43.289437156,-0.749180714,47820.208983542,-88.22167204
2024-09-27 12:00,43.289437156,43.289437156,43.135119744,43.21227845,43.135119744,-0.356478212,25881.996059448,-45.876447198
2024-09-27 13:00,43.135119744,43.135119744,42.483418267,42.809269005,42.781692626,-0.819348874,47339.167922898,82.903852601
2024-09-27 14:00,42.781692626,43.164661411,42.781692626,42.973177018,43.164661411,0.895169783,43710.45587573,-7.665348181
2024-09-27 15:00,43.164661411,43.598425605,43.164661411,43.381543508,43.421735244,0.595565505,105741.075521032,141.912543355
2024-09-27 16:00,43.421735244,43.931578665,43.172614755,43.55209671,43.172614755,-0.573723018,79120.420846174,-25.175320512
2024-09-27 17:00,43.172614755,43.726400066,43.172614755,43.449507411,43.726400066,1.282723585,10758.890053517,-86.401879643
2024-09-27 18:00,43.726400066,44.308212545,43.726400066,44.017306306,44.108581441,0.874028903,22893.663971709,112.788343945
2024-09-27 19:00,44.108581441,45.125173911,43.96953557,44.547354741,45.125173911,2.304749862,80559.833215371,251.887025663
2024-09-27 20:00,45.125173911,45.125173911,44.315146028,44.72015997,44.638918991,-1.077569079,80260.446355635,-0.371632919
2024-09-27 21:00,44.638918991,44.638918991,44.454184752,44.546551871,44.454184752,-0.413841202,186.395152043,-99.767762129
2024-09-27 22:00,44.454184752,44.861993984,44.454184752,44.658089368,44.861993984,0.917369725,13002.526764708,6875.7859162
2024-09-27 23:00,44.861993984,45.035529257,44.608350609,44.821939933,45.035529257,0.386820242,41387.164099507,218.300933722
2024-09-28 00:00,45.035529257,46.275730808,45.035529257,45.655630033,45.773017517,1.637569873,163858.487818168,295.916201033
2024-09-28 01:00,45.773017517,46.778174318,45.623512622,46.20084347,46.778174318,2.195959227,127079.573655321,-22.445534957
2024-09-28 02:00,46.778174318,46.819273469,46.34438562,46.581829545,46.520217145,-0.551447715,42645.096162346,-66.442210234
2024-09-28 03:00,46.520217145,47.161903854,46.066948443,46.614426148,46.409826297,-0.237296502,359964.336988893,744.093153451
2024-09-28 04:00,46.409826297,46.578072554,45.761821015,46.169946784,45.761821015,-1.396267416,80963.696147253,-77.507856244
2024-09-28 05:00,45.761821015,45.761821015,45.599716037,45.680768526,45.599716037,-0.35423629,23026.373008775,-71.559632151
2024-09-28 06:00,45.599716037,46.001165174,45.58171533,45.791440252,46.001165174,0.880376397,23196.990695809,0.7409664
2024-09-28 07:00,46.001165174,46.243157509,45.923875178,46.083516343,45.923875178,-0.168017476,35759.294009854,54.154883617
2024-09-28 08:00,45.923875178,46.184575817,45.432766053,45.808670935,45.432766053,-1.069398266,46409.454532214,29.782916071
2024-09-28 09:00,45.432766053,45.432766053,44.909512198,45.171139125,44.909512198,-1.151710318,47359.226806505,2.046506006
2024-09-28 10:00,44.909512198,45.184780087,44.736403762,44.960591925,44.736403762,-0.385460514,31174.212173712,-34.174997618
2024-09-28 11:00,44.736403762,44.736403762,44.250293818,44.49334879,44.579668732,-0.350352323,56120.891443998,80.023447365
2024-09-28 12:00,44.579668732,44.579668732,43.744780952,44.162224842,44.220531562,-0.805607534,79256.309298242,41.224252251
2024-09-28 13:00,44.220531562,44.891423996,44.220531562,44.555977779,44.891423996,1.517151446,65748.443725924,-17.043268469
2024-09-28 14:00,44.891423996,45.224425421,44.818687147,45.021556284,44.818687147,-0.162028383,56938.587449043,-13.39933811
2024-09-28 15:00,44.818687147,44.818687147,44.599569064,44.709128105,44.599569064,-0.488898933,14411.975043334,-74.688562381
2024-09-28 16:00,44.599569064,44.599569064,44.408458413,44.504013738,44.408458413,-0.428503357,5559.891577148,-61.421723529
2024-09-28 17:00,44.408458413,45.053028247,44.408458413,44.73074333,44.802909798,0.888234807,34149.264739411,514.207386341
2024-09-28 18:00,44.802909798,45.209353233,43.600022918,44.404688076,44.666287185,-0.304941383,541176.419703068,1484.73813077
2024-09-28 19:00,44.666287185,44.666287185,44.253382907,44.459835046,44.253382907,-0.924420417,49520.35041856,-90.849499606
2024-09-28 20:00,44.253382907,44.469441661,44.253382907,44.361412284,44.469441661,0.488231044,5007.804816402,-89.887380089
2024-09-28 21:00,44.469441661,44.469441661,44.327927208,44.398684434,44.336228425,-0.299561296,4408.88004966,-11.959826485
2024-09-28 22:00,44.336228425,44.608167936,44.329864129,44.469016033,44.608167936,0.613357341,2727.537942014,-38.135356116
2024-09-28 23:00,44.608167936,44.608167936,44.171568288,44.389868112,44.171568288,-0.978743733,18000.707338956,559.961757513
2024-09-29 00:00,44.171568288,44.171568288,43.750938409,43.961253349,44.01584234,-0.352547927,33474.340538636,85.961250901
2024-09-29 01:00,44.01584234,44.443474148,43.791617517,44.117545832,44.443474148,0.971540666,34994.483762468,4.541219332
2024-09-29 02:00,44.443474148,44.443474148,43.960441944,44.201958046,44.229317862,-0.481862162,63096.161086693,80.303162964
2024-09-29 03:00,44.229317862,44.229317862,43.525030215,43.877174039,43.525030215,-1.592354757,55934.167841682,-11.350917586
2024-09-29 04:00,43.525030215,43.805552144,43.525030215,43.66529118,43.566938501,0.096285483,4614.614751361,-91.749917931
2024-09-29 05:00,43.566938501,43.926718921,43.566938501,43.746828711,43.72211192,0.356172419,14256.141385772,208.934594845
2024-09-29 06:00,43.72211192,44.017152443,43.682312164,43.849732304,44.017152443,0.674808489,9569.157246012,-32.876947646
2024-09-29 07:00,44.017152443,44.048831507,43.604074583,43.826453045,43.604074583,-0.938447484,31004.684153542,224.006423517
2024-09-29 08:00,43.604074583,43.604074583,43.363666049,43.483870316,43.363666049,-0.551344196,26445.081606436,-14.706173185
2024-09-29 10:00,43.363666049,43.363666049,42.699068947,43.031367498,42.699068947,-1.532612813,24178.395701988,-8.571294799
2024-09-29 11:00,42.699068947,42.914145392,42.670378307,42.79226185,42.914145392,0.503702891,13265.15866877,-45.136315774
2024-09-29 12:00,42.914145392,43.051611809,42.842672317,42.947142063,42.846310577,-0.158070991,5202.510503414,-60.780638714
2024-09-29 13:00,42.846310577,43.720626391,42.832578957,43.276602674,43.720626391,2.040585997,75659.94983866,1354.296916633
2024-09-29 14:00,43.720626391,44.066040373,43.361104815,43.713572594,43.735038169,0.03296334,132662.07778547,75.339896561
2024-09-29 15:00,43.735038169,43.735038169,43.292041547,43.513539858,43.292041547,-1.012910108,64320.893010526,-51.51523775
2024-09-29 16:00,43.292041547,43.342529486,43.075773623,43.209151555,43.075773623,-0.499555845,14302.092032549,-77.764469112
2024-09-29 17:00,43.075773623,43.081389096,43.075773623,43.078581359,43.081389096,0.013036267,4078.424922914,-71.483717811
2024-09-29 18:00,43.081389096,43.37453821,42.997862107,43.186200159,43.14669301,0.151582658,15638.453216147,283.443449658
2024-09-29 19:00,43.14669301,43.674893678,43.14669301,43.410793344,43.631403434,1.1234011,38536.325017348,146.420310786
2024-09-29 20:00,43.631403434,43.88917865,43.631403434,43.760291042,43.741677755,0.252740713,30196.452080486,-21.641588639
2024-09-29 21:00,43.741677755,44.055732331,43.718972772,43.887352552,44.055732331,0.717975608,11812.89255831,-60.879865864
2024-09-29 22:00,44.055732331,44.50895967,44.055732331,44.282346,44.50895967,1.028759061,39596.048937972,235.193507793
2024-09-29 23:00,44.50895967,44.603576927,44.187980598,44.395778763,44.187980598,-0.721156087,25957.93738013,-34.443112188
2024-09-30 00:00,44.187980598,44.48959894,44.18022263,44.334910785,44.48959894,0.682580056,4880.299071931,-81.199203155
2024-09-30 01:00,44.48959894,44.48959894,44.025837904,44.257718422,44.170048095,-0.718259667,47251.572689138,868.210595144
2024-09-30 02:00,44.170048095,44.170048095,43.820126174,43.995087135,44.10435959,-0.148717304,55830.25161554,18.155329946
2024-09-30 03:00,44.10435959,44.10435959,43.262274776,43.683317183,43.898665524,-0.466380351,65267.652877326,16.903741231
2024-09-30 04:00,43.898665524,43.963517818,43.034057219,43.498787518,43.034057219,-1.969554869,57704.51178142,-11.587885825
2024-09-30 05:00,43.034057219,43.034057219,42.657203863,42.845630541,42.657203863,-0.875709568,25265.607356672,-56.215542638
2024-09-30 06:00,42.657203863,42.791674229,42.26919721,42.53043572,42.791674229,0.315234835,63727.93142956,152.231939371
2024-09-30 07:00,42.791674229,42.869350906,42.600939383,42.735145145,42.600939383,-0.44572887,13304.801537841,-79.122495836
2024-09-30 08:00,42.600939383,43.389754896,42.600939383,42.99534714,43.389754896,1.851638776,60891.413577877,357.664952045
2024-09-30 09:00,43.389754896,43.658303743,43.187994381,43.423149062,43.187994381,-0.464995748,41392.45621845,-32.022507302
2024-09-30 10:00,43.187994381,43.598111416,43.187994381,43.393052898,43.348099821,0.370717471,17256.853300401,-58.309182694
2024-09-30 11:00,43.348099821,43.633519834,43.339001303,43.486260569,43.339001303,-0.020989427,14066.074983711,-18.489919692
2024-09-30 12:00,43.339001303,43.339001303,42.664469781,43.001735542,42.692102516,-1.492648119,39660.292494751,181.957067204
2024-09-30 13:00,42.692102516,42.704369306,42.407587036,42.555978171,42.704369306,0.028733161,50643.074423444,27.692135478
2024-09-30 14:00,42.704369306,43.485214518,42.704369306,43.094791912,43.485214518,1.82849021,57925.076256811,14.379067456
2024-09-30 15:00,43.485214518,43.485214518,43.068230254,43.276722386,43.068230254,-0.958910446,48287.041754937,-16.638794672
2024-09-30 16:00,43.068230254,43.75765298,43.068230254,43.412941617,43.510682222,1.027327953,46666.433350408,-3.356197327
2024-09-30 17:00,43.510682222,43.510682222,42.997255672,43.253968947,42.997255672,-1.180001149,26587.007781788,-43.027555626
2024-09-30 18:00,42.997255672,43.003552119,42.348470651,42.676011385,42.348470651,-1.508898674,61358.51257805,130.783821488
2024-09-30 19:00,42.348470651,42.348470651,42.002606229,42.17553844,42.002606229,-0.816710537,37619.134090717,-38.689625106
2024-09-30 20:00,42.002606229,42.232540975,41.972592357,42.102566666,42.232540975,0.547429711,10572.269865946,-71.896562424
2024-09-30 21:00,42.232540975,42.232540975,41.97769095,42.105115962,41.991811501,-0.570009449,7561.475138929,-28.478224309
2024-09-30 23:00,41.991811501,42.325719973,41.991811501,42.158765737,42.325719973,0.795175202,14104.119289774,86.526028726
2024-10-01 00:00,42.325719973,42.325719973,42.002794225,42.164257099,42.002794225,-0.762953939,33022.805348737,134.135890872
2024-10-01 01:00,42.002794225,42.005411596,41.403475489,41.704443543,41.403475489,-1.426854443,90455.097440012,173.917059695
2024-10-01 02:00,41.403475489,41.403475489,40.688696867,41.046086178,40.83847553,-1.364619642,36894.771176109,-59.212059662
2024-10-01 03:00,40.83847553,41.393913474,40.811573691,41.102743582,41.393913474,1.360084911,32509.581506009,-11.885667075
2024-10-01 04:00,41.393913474,41.551887692,41.393913474,41.472900583,41.551887692,0.381636344,34.566985887,-99.893671391
2024-10-01 05:00,41.551887692,41.551887692,41.086966036,41.319426864,41.086966036,-1.118894187,14972.527235129,43214.529314598
2024-10-01 06:00,41.086966036,42.133517733,41.086966036,41.610241885,42.133517733,2.54716227,83289.546278898,456.28248305
2024-10-01 07:00,42.133517733,42.257464122,42.133517733,42.195490928,42.257464122,0.294175269,5021.248697713,-93.971333832
2024-10-01 08:00,42.257464122,42.257464122,41.92212011,42.089792116,41.92212011,-0.793573442,36909.694322254,635.070030271
2024-10-01 09:00,41.92212011,41.92212011,41.906808263,41.914464187,41.906808263,-0.036524505,227.387693015,-99.383935041
2024-10-01 10:00,41.906808263,42.337259749,41.906808263,42.122034006,42.337259749,1.027163613,8095.977991814,3460.429275867
2024-10-01 11:00,42.337259749,42.337259749,42.037045455,42.187152602,42.037045455,-0.709101853,3277.73840026,-59.51399073
2024-10-01 12:00,42.037045455,42.037045455,41.945249526,41.991147491,41.945249526,-0.218369127,2516.714971588,-23.217942854
2024-10-01 13:00,41.945249526,41.945249526,41.802422113,41.87383582,41.804013547,-0.336715079,11107.830190626,341.36226454
2024-10-01 14:00,41.804013547,42.053527043,41.804013547,41.928770295,42.053527043,0.596864931,252.737519185,-97.724690467
2024-10-01 15:00,42.053527043,42.053527043,41.43314743,41.743337237,41.43314743,-1.475214225,21466.193293125,8393.473134653
2024-10-01 16:00,41.43314743,41.43314743,40.329622663,40.881385046,40.541664353,-2.151618045,65352.467089395,204.44367195
2024-10-01 17:00,40.541664353,40.725743916,39.523224596,40.124484256,39.523224596,-2.512081764,64052.025132846,-1.989889616
2024-10-01 18:00,39.523224596,39.523224596,37.901479767,38.712352182,39.042431765,-1.216481794,172471.079248434,169.267176004
2024-10-01 19:00,39.042431765,39.123460083,37.928700538,38.526080311,37.928700538,-2.852617464,69969.980924161,-59.430890542
2024-10-01 20:00,37.928700538,38.063442443,36.228629374,37.146035909,37.692993917,-0.621446603,246815.42038385,252.744730131
2024-10-01 21:00,37.692993917,37.904841983,37.429784238,37.66731311,37.429784238,-0.69829868,34344.189295141,-86.085071491
2024-10-01 22:00,37.429784238,37.429784238,36.992704282,37.21124426,36.994810852,-1.162104978,30577.663600642,-10.9669955
2024-10-01 23:00,36.994810852,37.075945773,36.422638547,36.74929216,37.075945773,0.219314328,79592.365380533,160.295771515
2024-10-02 00:00,37.075945773,37.468253975,36.864319479,37.166286727,37.468253975,1.058120552,57002.641877784,-28.381771788
2024-10-02 01:00,37.468253975,37.468253975,36.957273821,37.212763898,36.957273821,-1.363768256,9708.585788222,-82.968182757
2024-10-02 02:00,36.957273821,36.957273821,36.840931936,36.899102879,36.864625366,-0.250690718,694.186182035,-92.849770325
2024-10-02 03:00,36.864625366,37.326188172,36.864625366,37.095406769,37.326188172,1.252048004,31489.899202794,4436.232500405
2024-10-02 04:00,37.326188172,37.69416858,37.326188172,37.510178376,37.69416858,0.985850487,20024.921750161,-36.408428553
2024-10-02 05:00,37.69416858,38.045709324,37.69416858,37.869938952,38.045709324,0.932613072,31478.03097249,57.194277037
2024-10-02 06:00,38.045709324,38.045709324,38.00862126,38.027165292,38.00862126,-0.097482906,97.961747498,-99.688793281
2024-10-02 07:00,38.00862126,38.166336185,37.892885329,38.029610757,38.122224382,0.298887774,29668.495615064,30185.796622386
2024-10-02 08:00,38.122224382,38.258949014,37.899828942,38.079388978,38.258949014,0.358648095,15446.189882272,-47.937401064
2024-10-02 09:00,38.258949014,38.663811574,38.131737031,38.397774302,38.663811574,1.058216627,49101.644101796,217.888388503
2024-10-02 10:00,38.663811574,38.672074264,38.475136778,38.573605521,38.475136778,-0.487988089,1342.342320771,-97.266196794
2024-10-02 11:00,38.475136778,38.475136778,38.392200011,38.433668395,38.392200011,-0.215559383,4825.685000701,259.497344755
2024-10-02 12:00,38.392200011,38.392200011,37.442060063,37.917130037,37.442060063,-2.474825478,58526.478147246,1112.811821301
2024-10-02 13:00,37.442060063,37.657152252,37.321091542,37.489121897,37.35252719,-0.239123791,32393.609122647,-44.651360977
2024-10-02 14:00,37.35252719,37.35252719,37.033448187,37.192987688,37.125576004,-0.607592586,29118.670344014,-10.109829893
2024-10-02 15:00,37.125576004,37.28595195,36.880441533,37.083196742,36.880441533,-0.660284626,12482.97147386,-57.130695439
2024-10-02 16:00,36.880441533,37.186972944,36.592385416,36.88967918,37.186972944,0.831148973,60108.346568173,381.522742354
2024-10-02 17:00,37.186972944,37.186972944,36.915611421,37.051292183,36.961201309,-0.607125608,2785.195409899,-95.36637494
2024-10-02 18:00,36.961201309,37.149119154,36.839919508,36.994519331,36.997361723,0.09783344,12051.109645689,332.684529166
2024-10-02 19:00,36.997361723,37.45649761,36.997361723,37.226929667,37.45649761,1.24099629,128.797742955,-98.931237482
2024-10-02 20:00,37.45649761,37.45649761,36.89543086,37.175964235,36.902055592,-1.480229209,32005.343604693,24749.3047086
2024-10-02 21:00,36.902055592,36.902055592,35.682282179,36.292168885,35.682282179,-3.305434869,67352.964431642,110.442872489
2024-10-02 22:00,35.682282179,35.693997574,35.209118486,35.45155803,35.693997574,0.032832528,86017.524008279,27.711563602
2024-10-02 23:00,35.693997574,36.069239941,35.641752802,35.855496372,36.069239941,1.051275824,21988.698304744,-74.436955076
2024-10-03 00:00,36.069239941,36.112738845,35.491906049,35.802322447,35.645299408,-1.175352,81214.558201019,269.346821151
2024-10-03 01:00,35.645299408,35.981734968,35.645299408,35.813517188,35.981734968,0.94384271,18065.464237338,-77.755879441
2024-10-03 02:00,35.981734968,36.044508159,35.787814078,35.916161119,36.037512596,0.155016505,10142.779636166,-43.855416595
2024-10-03 03:00,36.037512596,36.069862055,35.545931966,35.807897011,36.069862055,0.089766071,27147.808845137,167.656498701
2024-10-03 04:00,36.069862055,36.360483757,35.868012582,36.11424817,36.360483757,0.805718917,18023.113959441,-33.611165224
2024-10-03 05:00,36.360483757,36.575657975,36.24452438,36.410091177,36.363233872,0.007563471,24178.839008834,34.154614254
2024-10-03 06:00,36.363233872,36.600557796,36.363233872,36.481895834,36.411231449,0.131994796,8556.040427844,-64.613518355
2024-10-03 07:00,36.411231449,36.766230541,36.411231449,36.588730995,36.551917777,0.386381681,9347.251629601,9.247399056
2024-10-03 08:00,36.551917777,36.553627865,36.529931621,36.541779743,36.529931621,-0.060150484,3727.599761061,-60.12090068
2024-10-03 09:00,36.529931621,36.647253081,36.377450053,36.512351567,36.647253081,0.321165288,8765.698083723,135.156632836
2024-10-03 10:00,36.647253081,36.695490075,36.181843527,36.438666801,36.181843527,-1.269971186,3874.032793112,-55.804628951
2024-10-03 11:00,36.181843527,36.181843527,35.51850273,35.850173128,35.51850273,-1.833352679,30701.310446582,692.489689328
2024-10-03 12:00,35.51850273,35.922944563,35.250216585,35.586580574,35.922944563,1.138679287,50570.693447998,64.718354729
2024-10-03 13:00,35.922944563,36.009390837,35.735651258,35.872521047,35.855133379,-0.188768445,4272.377559724,-91.551672978
2024-10-03 14:00,35.855133379,36.176781709,35.819948664,35.998365186,35.82183901,-0.092858027,5332.336192511,24.809573077
2024-10-03 15:00,35.82183901,35.989215964,35.576019088,35.782617526,35.987976144,0.463787285,35751.084541255,570.458186629
2024-10-03 16:00,35.987976144,36.054055286,35.657295608,35.855675447,35.932906022,-0.153023672,18368.525094402,-48.621068899
2024-10-03 17:00,35.932906022,36.211260278,35.447759706,35.829509992,35.447759706,-1.350144948,27026.56697512,47.135204575
2024-10-03 18:00,35.447759706,35.574570089,34.96436559,35.269467839,35.574570089,0.357738779,106893.849924282,295.513977127
2024-10-03 19:00,35.574570089,35.574570089,34.949802883,35.262186486,35.209800588,-1.025365874,27385.118649888,-74.381015681
2024-10-03 20:00,35.209800588,35.756417999,35.209800588,35.483109293,35.527726348,0.90294678,26085.450670622,-4.745891358
2024-10-03 21:00,35.527726348,35.543449578,35.249448428,35.396449003,35.438236887,-0.251886262,60183.576946848,130.717029607
2024-10-03 22:00,35.438236887,35.58762703,35.438236887,35.512931958,35.58762703,0.421550721,15666.097306604,-73.969481208
2024-10-03 23:00,35.58762703,35.76026688,35.450123097,35.605194988,35.450123097,-0.386381291,4187.139779639,-73.272604544
2024-10-04 00:00,35.450123097,35.634244502,35.352946065,35.493595283,35.634244502,0.519381567,1853.621432373,-55.730605379
2024-10-04 01:00,35.634244502,35.919632113,35.406658402,35.663145257,35.743743651,0.307286295,79705.018611514,4199.962075292
2024-10-04 02:00,35.743743651,36.017313188,35.743743651,35.880528419,36.017313188,0.765363413,5606.637544502,-92.965765968
2024-10-04 03:00,36.017313188,36.017313188,35.806883808,35.912098498,35.806883808,-0.584245079,3521.160157319,-37.196579423
2024-10-04 04:00,35.806883808,36.221109618,35.806883808,36.013996713,36.18139333,1.045914869,4684.450012884,33.037118552
2024-10-04 05:00,36.18139333,36.433438195,36.18139333,36.307415762,36.433438195,0.696614592,1136.891461915,-75.730524207
2024-10-04 06:00,36.433438195,36.433438195,36.213943102,36.323690649,36.213943102,-0.602455063,132.841939141,-88.315336724
2024-10-04 07:00,36.213943102,36.446126564,36.16804562,36.307086092,36.16804562,-0.126739807,17782.548067948,13286.245475587
2024-10-04 08:00,36.16804562,36.514109549,36.16804562,36.341077585,36.514109549,0.956822308,17021.095330995,-4.282022655
2024-10-04 09:00,36.514109549,36.617360976,36.514109549,36.565735263,36.617360976,0.282771314,7246.760327832,-57.424829678
2024-10-04 11:00,36.617360976,36.808542459,36.479566399,36.644054429,36.618567894,0.003296026,14694.893277207,102.778795109
2024-10-04 12:00,36.618567894,36.767953309,36.552999069,36.660476189,36.552999069,-0.179058956,8901.003944098,-39.427910253
2024-10-04 13:00,36.552999069,36.552999069,36.322907587,36.437953328,36.322907587,-0.629473607,16961.32552486,90.555196148
2024-10-04 14:00,36.322907587,36.322907587,36.283763619,36.303335603,36.288215283,-0.095510813,4265.423078184,-74.852065236
2024-10-04 15:00,36.288215283,36.564687229,36.284475646,36.424581438,36.564687229,0.761878049,677.871744207,-84.107748943
2024-10-04 16:00,36.564687229,36.751522925,36.466438799,36.608980862,36.555761579,-0.024410575,20150.28654684,2872.580981437
2024-10-04 17:00,36.555761579,36.555761579,35.984208074,36.269984826,35.984208074,-1.563511415,21001.181330586,4.222742847
2024-10-04 18:00,35.984208074,36.478189734,35.984208074,36.231198904,36.36850099,1.067948795,16269.14676183,-22.532230422
2024-10-04 19:00,36.36850099,37.303152266,36.36850099,36.835826628,37.119293808,2.06440408,39147.707143089,140.62544715
2024-10-04 20:00,37.119293808,37.46799955,36.983071084,37.225535317,37.031449974,-0.236652762,22418.203598931,-42.734312595
2024-10-04 21:00,37.031449974,37.32087442,36.973322124,37.147098272,37.32087442,0.781563902,4564.298834112,-79.640211518
2024-10-04 22:00,37.32087442,37.553005228,37.32087442,37.436939824,37.346526404,0.068733609,19861.014259686,335.138341759
2024-10-04 23:00,37.346526404,37.592944117,37.346526404,37.46973526,37.358455191,0.031940822,2746.551533168,-86.171141628
2024-10-05 00:00,37.358455191,37.620601883,37.358455191,37.489528537,37.363440839,0.013345433,5809.357471657,111.514599362
2024-10-05 01:00,37.363440839,37.366777439,37.181581704,37.274179571,37.181581704,-0.486730159,47754.405259017,722.025593915
2024-10-05 02:00,37.181581704,37.245374171,37.000626903,37.123000537,37.217201281,0.095798985,685.630910621,-98.564256204
2024-10-05 03:00,37.217201281,37.408987844,37.217201281,37.313094563,37.408987844,0.515316992,23452.054396475,3320.507161097
2024-10-05 04:00,37.408987844,37.413110488,37.190537983,37.301824235,37.23709811,-0.459487795,1623.04348597,-93.079312121
2024-10-05 05:00,37.23709811,37.23709811,36.853343877,37.045220994,36.853343877,-1.030569654,18922.428514772,1065.860845895
2024-10-05 06:00,36.853343877,36.853343877,36.678186245,36.765765061,36.678186245,-0.475282874,612.297573169,-96.76417024
2024-10-05 07:00,36.678186245,36.963676925,36.678186245,36.820931585,36.963676925,0.778366404,3287.969793498,436.988865803
2024-10-05 08:00,36.963676925,37.278194733,36.963676925,37.120935829,37.24816227,0.769634867,20139.404106538,512.517917481
2024-10-05 09:00,37.24816227,37.24816227,37.071036853,37.159599562,37.071036853,-0.475527936,48.834551838,-99.757517394
2024-10-05 10:00,37.071036853,37.485813226,37.071036853,37.278425039,37.277280843,0.556348049,9184.889709418,18708.17856166
2024-10-05 11:00,37.277280843,37.527994832,37.277280843,37.402637837,37.304351435,0.072619546,1909.039999608,-79.215428165
2024-10-05 12:00,37.304351435,37.304351435,37.299009969,37.301680702,37.299009969,-0.014318615,129.427564592,-93.220280108
2024-10-05 13:00,37.299009969,37.564308688,37.243815759,37.404062223,37.243815759,-0.147977681,14921.314037736,11428.698762736
2024-10-05 14:00,37.243815759,37.487443334,37.235767636,37.361605485,37.235767636,-0.021609287,2817.052375969,-81.120614653
2024-10-05 15:00,37.235767636,37.486623784,37.235767636,37.36119571,37.304529633,0.184666523,3827.06002239,35.853349943
2024-10-05 16:00,37.304529633,37.554386808,37.153710586,37.354048697,37.153710586,-0.404291512,13035.72135221,240.619725741
2024-10-05 17:00,37.153710586,37.153710586,37.036609185,37.095159886,37.036609185,-0.315180904,4857.724453102,-62.73528467
2024-10-05 18:00,37.036609185,37.256128658,37.035718077,37.145923368,37.256128658,0.592709425,308.716226582,-93.644838657
2024-10-05 19:00,37.256128658,37.256128658,36.712868045,36.984498352,36.712868045,-1.458177843,37102.321384525,11918.260845979
2024-10-05 20:00,36.712868045,36.930970411,36.694094611,36.812532511,36.930970411,0.594076075,808.735573075,-97.820256138
2024-10-05 21:00,36.930970411,36.930970411,36.306182938,36.618576674,36.306182938,-1.69177107,38002.398321389,4598.989334291
2024-10-05 22:00,36.306182938,36.306182938,36.116399523,36.21129123,36.116399523,-0.522730289,19440.482800045,-48.844063378
2024-10-05 23:00,36.116399523,36.116399523,35.986058482,36.051229002,35.986058482,-0.360891569,7328.784603846,-62.30142698
2024-10-06 00:00,35.986058482,36.029940213,35.961559024,35.995749619,36.029940213,0.121940921,2538.350959478,-65.364639614
2024-10-06 01:00,36.029940213,36.485881703,36.029940213,36.257910958,36.485881703,1.265451699,12336.345258817,385.998408248
2024-10-06 02:00,36.485881703,36.634344066,36.485881703,36.560112885,36.634344066,0.40690359,14961.73332699,21.281733067
2024-10-06 03:00,36.634344066,36.634344066,36.363028292,36.498686179,36.363028292,-0.740604973,8752.840337893,-41.498487197
2024-10-06 04:00,36.363028292,36.632301074,36.356240113,36.494270593,36.632301074,0.740512533,8968.664064729,2.465756469
2024-10-06 05:00,36.632301074,36.679983917,36.632301074,36.656142495,36.679983917,0.130166115,120.43901142,-98.657113138
2024-10-06 06:00,36.679983917,36.704783862,36.424786779,36.56478532,36.424786779,-0.695739504,10285.685098233,8440.160681272
2024-10-06 07:00,36.424786779,36.424786779,36.284195086,36.354490933,36.284195086,-0.38597808,13034.177447861,26.721529226
2024-10-06 08:00,36.284195086,36.284195086,36.270606469,36.277400778,36.270606469,-0.037450513,20.213283228,-99.844920914
2024-10-06 09:00,36.270606469,36.50052031,36.270606469,36.38556339,36.50052031,0.633884745,1878.134577951,9191.58591788
2024-10-06 10:00,36.50052031,36.512345213,36.303400242,36.407872728,36.512345213,0.032396533,207.179819115,-88.968851245
2024-10-06 11:00,36.512345213,36.512345213,36.275278499,36.393811856,36.275278499,-0.649278245,1336.728434593,545.202047336
2024-10-06 12:00,36.275278499,36.76178516,36.275278499,36.518531829,36.76178516,1.341152103,25880.463952392,1836.104842437
2024-10-06 13:00,36.76178516,36.76178516,36.606885102,36.684335131,36.606885102,-0.421361632,219.641310609,-99.151323906
2024-10-06 14:00,36.606885102,36.835152475,36.606885102,36.721018788,36.615014437,0.02220712,341.995424666,55.706330343
2024-10-06 15:00,36.615014437,37.001714433,36.615014437,36.808364435,36.797946499,0.499609425,14288.946109942,4078.110313579
2024-10-06 16:00,36.797946499,37.032223218,36.797946499,36.915084859,37.032223218,0.636657044,198.098897986,-98.613621351
2024-10-06 17:00,37.032223218,37.099470101,36.823001819,36.96123596,37.099470101,0.181590187,8974.59004964,4430.358392144
2024-10-06 18:00,37.099470101,37.112587363,37.099470101,37.106028732,37.112587363,0.035357006,847.980675593,-90.55131576
2024-10-06 19:00,37.112587363,37.424507121,37.097154362,37.260830741,37.097154362,-0.041584278,10688.505720779,1160.465719139
2024-10-06 20:00,37.097154362,37.097154362,37.006590643,37.051872502,37.006590643,-0.244125783,13015.669340831,21.772581508
2024-10-06 21:00,37.006590643,37.006590643,36.984360638,36.99547564,36.984360638,-0.060070395,5344.652540554,-58.936783037
2024-10-06 22:00,36.984360638,37.344789883,36.984360638,37.16457526,37.14937935,0.446185116,11413.364638884,113.547364441
2024-10-06 23:00,37.14937935,37.328121606,37.14937935,37.238750478,37.32348606,0.468666537,129.807145698,-98.862674156
2024-10-07 00:00,37.32348606,37.338239787,36.996579967,37.167409877,37.044559702,-0.747321293,5546.181966381,4172.632247285
2024-10-07 01:00,37.044559702,37.044559702,36.721472174,36.883015938,37.005898758,-0.104363349,3406.452769154,-38.580219874
2024-10-07 02:00,37.005898758,37.41718369,37.005898758,37.211541224,37.194926836,0.510805261,19829.651779528,482.120261848
2024-10-07 04:00,37.194926836,38.316849083,37.194926836,37.75588796,38.316849083,3.016331373,17990.123747667,-9.276653228
2024-10-07 05:00,38.316849083,38.566846696,38.316849083,38.44184789,38.338321335,0.056038667,10054.194505074,-44.112699578
2024-10-07 06:00,38.338321335,38.338321335,38.086336887,38.212329111,38.086336887,-0.65726521,8158.587360849,-18.853893698
2024-10-07 07:00,38.086336887,38.401159964,38.086336887,38.243748425,38.38099856,0.773667666,12817.362007553,57.102712034
2024-10-07 08:00,38.38099856,38.421292966,38.350732434,38.3860127,38.421292966,0.104985298,13562.913455658,5.816730835
2024-10-07 09:00,38.421292966,38.571859199,38.295987752,38.433923475,38.460773259,0.102756285,38640.412958302,184.897585498
2024-10-07 10:00,38.460773259,38.507426834,38.460773259,38.484100047,38.507426834,0.121301707,1829.851510166,-95.264410057
2024-10-07 11:00,38.507426834,38.507426834,38.422926115,38.465176474,38.478621458,-0.074804727,2722.821153985,48.800115138
2024-10-07 12:00,38.478621458,38.478621458,37.66478932,38.071705389,37.66478932,-2.115024155,24649.521755117,805.293457084
2024-10-07 13:00,37.66478932,37.66478932,37.298436785,37.481613053,37.298436785,-0.972665827,24327.975319586,-1.304473323
2024-10-07 14:00,37.298436785,37.427096617,37.151511809,37.289304213,37.427096617,0.344946981,11978.867149758,-50.760936772
2024-10-07 15:00,37.427096617,37.507315075,37.427096617,37.467205846,37.507315075,0.214332571,426.792207069,-96.437123797
2024-10-07 16:00,37.507315075,37.996723627,37.507315075,37.752019351,37.996723627,1.304834938,21916.123652169,5035.080558921
2024-10-07 17:00,37.996723627,38.487820068,37.996723627,38.242271847,38.487820068,1.292470492,17273.207502252,-21.184933173
2024-10-07 18:00,38.487820068,38.487820068,38.126516805,38.307168436,38.331222099,-0.406876693,11696.377052572,-32.286015489
2024-10-07 19:00,38.331222099,38.344208114,38.095601776,38.219904945,38.256103737,-0.195971737,11015.227744934,-5.823592251
2024-10-07 20:00,38.256103737,38.392408514,38.256103737,38.324256126,38.392408514,0.356295503,14261.270263838,29.468682755
2024-10-07 21:00,38.392408514,38.392408514,37.725048349,38.058728432,37.725048349,-1.738260741,1214.905569714,-91.481084453
2024-10-07 22:00,37.725048349,37.725048349,37.672411992,37.698730171,37.672411992,-0.139526282,560.671963351,-53.850572643
2024-10-07 23:00,37.672411992,37.722069177,37.530527817,37.626298497,37.530527817,-0.376626203,22859.17491761,3977.10326391
2024-10-08 00:00,37.530527817,37.876119572,37.530527817,37.703323695,37.876119572,0.920828391,1191.204452334,-94.788943798
2024-10-08 01:00,37.876119572,37.876119572,37.617097652,37.746608612,37.617097652,-0.683866044,6246.137359903,424.354769466
2024-10-08 02:00,37.617097652,37.617097652,36.861977027,37.23953734,37.053728991,-1.497639894,26196.872038159,319.409156871
2024-10-08 03:00,37.053728991,37.293285031,37.01764254,37.155463785,37.292869143,0.645387547,13888.248725492,-46.985087742
2024-10-08 04:00,37.292869143,37.516600608,37.292869143,37.404734876,37.313293572,0.05476765,22126.126867521,59.315456577
2024-10-08 06:00,37.313293572,37.436932795,37.313293572,37.375113184,37.436932795,0.331354356,1182.215100142,-94.656927047
2024-10-08 07:00,37.436932795,37.436932795,37.421630918,37.429281857,37.421630918,-0.040873746,825.234030936,-30.195949042
2024-10-08 08:00,37.421630918,37.421630918,37.089420165,37.255525542,37.103435594,-0.850297855,20514.902604234,2385.949662178
2024-10-08 09:00,37.103435594,37.103435594,36.908116797,37.005776195,36.956045681,-0.397240607,6063.79994761,-70.441975453
2024-10-08 10:00,36.956045681,37.05834557,36.65589922,36.857122395,36.695940128,-0.703824091,25999.889859929,328.772223434
2024-10-08 13:00,36.695940128,36.826674442,36.647179166,36.736926804,36.79508534,0.270180329,43805.580857565,68.483717022
2024-10-08 14:00,36.79508534,36.892994139,36.699499145,36.796246642,36.699499145,-0.259779789,12029.234047004,-72.539494257
2024-10-08 15:00,36.699499145,36.929074749,36.657977157,36.793525953,36.657977157,-0.113140476,12023.213794943,-0.050046845
2024-10-08 16:00,36.657977157,36.657977157,36.413827998,36.535902577,36.413827998,-0.666019181,14005.117032683,16.483972352
2024-10-08 17:00,36.413827998,36.557732216,36.413827998,36.485780107,36.557732216,0.395191129,5551.456909004,-60.361224429
2024-10-08 19:00,36.557732216,36.557732216,36.071628523,36.314680369,36.362333408,-0.53449379,9323.398430931,67.945074307
2024-10-08 20:00,36.362333408,36.475321516,36.249332425,36.362326971,36.475321516,0.310728433,16206.706279988,73.828313785
2024-10-08 21:00,36.475321516,36.475321516,36.251454113,36.363387815,36.251454113,-0.613750321,18107.238559306,11.726826207
2024-10-08 22:00,36.251454113,36.251454113,36.067116611,36.159285362,36.067116611,-0.508496851,3559.730497657,-80.340842774
2024-10-08 23:00,36.067116611,36.490733744,36.067116611,36.278925177,36.279093926,0.587730141,20022.873624242,462.48285193
2024-10-09 00:00,36.279093926,36.540157813,36.279093926,36.409625869,36.540157813,0.719598696,7121.147435506,-64.434937916
2024-10-09 01:00,36.540157813,36.571541918,36.360430358,36.465986138,36.360430358,-0.491862832,15283.984107033,114.628109381
2024-10-09 02:00,36.360430358,36.360430358,36.18325721,36.271843784,36.18325721,-0.487269115,9268.208404359,-39.359997109
2024-10-09 03:00,36.18325721,36.60885379,36.18325721,36.3960555,36.3873296,0.563996737,39316.276739904,324.20579064
2024-10-09 04:00,36.3873296,36.3873296,36.380807203,36.384068402,36.380807203,-0.017924913,450.597745027,-98.853915522
2024-10-09 05:00,36.380807203,36.637085139,36.380807203,36.508946171,36.604723026,0.615477885,6895.279187441,1430.251596583
2024-10-09 06:00,36.604723026,36.604723026,36.43832752,36.521525273,36.43832752,-0.454573869,7080.306091211,2.683385237
2024-10-09 07:00,36.43832752,36.643331423,36.43832752,36.540829472,36.643331423,0.562605139,12.136901482,-99.828582249
2024-10-09 08:00,36.643331423,36.696658559,36.578529483,36.637594021,36.696658559,0.145530261,15459.142281388,127273.055667179
2024-10-09 09:00,36.696658559,36.727064956,36.514478382,36.620771669,36.518315183,-0.485993504,4990.850342478,-67.715865139
2024-10-09 10:00,36.518315183,36.736072409,36.406156316,36.571114363,36.406156316,-0.307130451,2756.713044642,-44.764662222
2024-10-09 11:00,36.406156316,36.406156316,36.338150279,36.372153298,36.338150279,-0.186798181,9032.908637246,227.669528564
2024-10-09 12:00,36.338150279,36.338150279,36.246668229,36.292409254,36.258142291,-0.22017628,4832.74914407,-46.498416644
2024-10-09 13:00,36.258142291,36.258142291,36.21285106,36.235496675,36.21285106,-0.12491327,3595.946594999,-25.592111492
2024-10-09 14:00,36.21285106,36.21285106,36.122711977,36.167781519,36.122711977,-0.248914626,11898.13388235,230.876267709
2024-10-09 15:00,36.122711977,36.14636208,35.792444956,35.969403518,35.792444956,-0.914291876,33866.831424576,184.639858313
2024-10-09 16:00,35.792444956,35.792444956,34.97061678,35.381530868,34.97061678,-2.296093986,99207.298136247,192.93351035
2024-10-09 17:00,34.97061678,35.201631517,34.97061678,35.086124148,35.201631517,0.660596688,1634.049876922,-98.352893479
2024-10-09 18:00,35.201631517,35.792487192,35.050854352,35.421670772,35.792487192,1.678489462,29926.463182037,1731.428991531
2024-10-09 21:00,35.792487192,35.792487192,34.879135094,35.335811143,35.121736733,-1.873997901,59097.496944288,97.475714336
2024-10-09 22:00,35.121736733,35.121736733,34.70780489,34.914770812,34.719153605,-1.146250628,434.811305173,-99.26424751
2024-10-09 23:00,34.719153605,34.719153605,34.31014171,34.514647658,34.31014171,-1.178058371,9868.153792046,2169.525579177
2024-10-10 00:00,34.31014171,34.505374604,34.256233199,34.380803901,34.505374604,0.569023864,11212.924044686,13.627374289
2024-10-10 01:00,34.505374604,34.718627338,34.505374604,34.612000971,34.718627338,0.618027586,24586.539310872,119.26965003
2024-10-10 02:00,34.718627338,34.785602361,34.524580244,34.655091303,34.784693997,0.19029168,12478.603320127,-49.246198652
2024-10-10 03:00,34.784693997,34.841052579,34.611448679,34.726250629,34.611448679,-0.49805043,12487.597439364,0.072076329
2024-10-10 04:00,34.611448679,35.085897126,34.611448679,34.848672902,35.085897126,1.370784713,20027.051299085,60.375535777
2024-10-10 05:00,35.085897126,35.348788205,35.085897126,35.217342665,35.348788205,0.749278487,7365.748365539,-63.221004153
2024-10-10 06:00,35.348788205,35.387654847,35.348788205,35.368221526,35.387654847,0.109951836,3432.760931341,-53.395625794
2024-10-10 08:00,35.387654847,35.551531905,35.175348692,35.363440299,35.338881802,-0.137825026,17582.522426281,412.19769678
2024-10-10 09:00,35.338881802,35.645914754,35.338881802,35.492398278,35.645914754,0.868824751,11311.673683231,-35.665239554
2024-10-10 10:00,35.645914754,35.645914754,35.431338985,35.538626869,35.431338985,-0.601964547,6980.269750598,-38.291450531
2024-10-10 11:00,35.431338985,35.431338985,35.235900147,35.333619566,35.235900147,-0.55159879,5078.56825553,-27.243954217
2024-10-10 12:00,35.235900147,35.235900147,34.994959998,35.115430073,34.994959998,-0.683791668,7817.444834075,53.930092907
2024-10-10 13:00,34.994959998,35.126072017,34.994959998,35.060516008,35.126072017,0.374659721,991.360744422,-87.318609015
2024-10-10 14:00,35.126072017,35.239977358,35.126072017,35.183024688,35.239977358,0.324275769,30.83775075,-96.889351235
2024-10-10 15:00,35.239977358,35.498366936,35.238392046,35.368379491,35.498366936,0.73322856,6324.52702018,20409.0412445
2024-10-10 16:00,35.498366936,35.498366936,34.961268052,35.229817494,34.961268052,-1.513024207,7342.054744881,16.088597953
2024-10-10 17:00,34.961268052,34.961268052,34.802810552,34.882039302,34.802810552,-0.453237277,7651.526007377,4.215049782
2024-10-10 18:00,34.802810552,34.944962809,34.802810552,34.87388668,34.832531666,0.085398603,20688.866565879,170.388763574
2024-10-10 19:00,34.832531666,35.380707498,34.832531666,35.106619582,35.064240677,0.665208642,10141.049333974,-50.98305989
2024-10-10 20:00,35.064240677,35.064240677,34.439257713,34.751749195,34.439257713,-1.782394121,23045.109852602,127.24581149
2024-10-10 21:00,34.439257713,34.650113668,34.128503701,34.389308684,34.650113668,0.612254645,43593.397441972,89.165500711
2024-10-10 22:00,34.650113668,34.742588852,34.496547372,34.619568112,34.742588852,0.266882774,3451.02665672,-92.083602428
2024-10-10 23:00,34.742588852,34.750683607,34.742588852,34.74663623,34.750683607,0.023299227,1265.968438802,-63.316179076
2024-10-11 00:00,34.750683607,34.882643246,34.750683607,34.816663426,34.882643246,0.379732498,4291.001145254,238.950088623
2024-10-11 01:00,34.882643246,35.183621384,34.882643246,35.033132315,34.985206566,0.294023935,20429.147236182,376.092793841
2024-10-11 02:00,34.985206566,35.189599147,34.985206566,35.087402856,35.189599147,0.584225737,4167.906526641,-79.598235411
2024-10-11 03:00,35.189599147,35.244280518,35.014524393,35.129402456,35.014524393,-0.497518467,5870.533141684,40.850882911
2024-10-11 04:00,35.014524393,35.219884842,35.014524393,35.117204617,35.219884842,0.586500754,72.060180971,-98.772510448
2024-10-11 05:00,35.219884842,35.511339943,35.219884842,35.365612392,35.494245723,0.778994257,10140.424919676,13972.161328195
2024-10-11 06:00,35.494245723,35.494245723,35.394186121,35.444215922,35.394186121,-0.281903728,199.623209722,-98.031411787
2024-10-11 07:00,35.394186121,35.634932854,35.394186121,35.514559488,35.444930926,0.143370454,3321.517029223,1563.893208539
2024-10-11 08:00,35.444930926,35.444930926,35.428081383,35.436506155,35.428081383,-0.047537242,2521.052722136,-24.099358818
2024-10-11 09:00,35.428081383,35.91235066,35.428081383,35.670216022,35.91235066,1.366907994,24177.695801294,859.03174055
2024-10-11 10:00,35.91235066,35.91235066,35.675840645,35.794095652,35.675840645,-0.6585757,117.841224003,-99.512603579
2024-10-11 11:00,35.675840645,35.890317967,35.644364962,35.767341465,35.695359369,0.054711323,8217.267021707,6873.168423218
2024-10-11 12:00,35.695359369,36.096114321,35.695359369,35.895736845,36.096114321,1.122708831,23254.352507076,182.993755048
2024-10-11 13:00,36.096114321,36.156292969,35.982394457,36.069343713,35.982394457,-0.315047384,7694.884024396,-66.909919242
2024-10-11 14:00,35.982394457,36.336149842,35.982394457,36.15927215,36.336149842,0.983134641,8938.252153292,16.158373862
2024-10-11 15:00,36.336149842,36.350997563,36.336149842,36.343573703,36.350997563,0.04086212,3167.418877879,-64.563330464
2024-10-11 18:00,36.350997563,36.438897623,36.342578361,36.390737992,36.438897623,0.24180921,4437.64733053,40.102951382
2024-10-11 20:00,36.438897623,36.684243157,36.438897623,36.56157039,36.684243157,0.673306685,3619.869188205,-18.428191368
2024-10-11 21:00,36.684243157,36.758885166,36.684243157,36.721564162,36.758885166,0.203471581,3410.697428044,-5.778434227
2024-10-11 22:00,36.758885166,36.835790382,36.758885166,36.797337774,36.834805083,0.206534873,234.170977706,-93.134220122
2024-10-11 23:00,36.834805083,36.834805083,36.801840525,36.818322804,36.801840525,-0.089492963,653.968706122,179.269750901
2024-10-12 00:00,36.801840525,37.041593145,36.779553941,36.910573543,37.041593145,0.651469103,17300.378518718,2545.444400743
2024-10-12 01:00,37.041593145,37.041593145,36.912184344,36.976888745,36.912184344,-0.349360785,12540.303573382,-27.514282073
2024-10-12 02:00,36.912184344,36.912184344,36.701823287,36.807003816,36.701823287,-0.569895986,90.273356875,-99.280134198
2024-10-12 03:00,36.701823287,37.070199608,36.640482231,36.855340919,37.070199608,1.003700327,36423.461232104,40247.96366627
2024-10-12 04:00,37.070199608,37.338200992,37.070199608,37.2042003,37.333834129,0.711176427,50628.817847314,39.000567587
2024-10-12 06:00,37.333834129,37.333834129,37.016939475,37.175386802,37.016939475,-0.848813578,3372.301413846,-93.339166196
2024-10-12 07:00,37.016939475,37.054376269,37.016939475,37.035657872,37.054376269,0.101134222,17.711991857,-99.474780286
2024-10-12 08:00,37.054376269,37.472989309,37.054376269,37.263682789,37.472989309,1.129726316,19129.335133695,107902.167619351
2024-10-12 09:00,37.472989309,37.560040929,37.3138946,37.436967764,37.560040929,0.232304978,5965.560123656,-68.814597674
2024-10-12 10:00,37.560040929,37.602114587,37.503345809,37.552730198,37.530110592,-0.079686646,13250.541672288,122.117309986
2024-10-12 11:00,37.530110592,37.610708539,37.394306708,37.502507624,37.394306708,-0.361853139,2774.436016988,-79.061716226
2024-10-12 12:00,37.394306708,37.394306708,37.373314802,37.383810755,37.373314802,-0.056136637,5062.900247024,82.48394326
2024-10-12 13:00,37.373314802,37.775231868,37.373314802,37.574273335,37.775231868,1.075411877,12814.413395808,153.104204519
2024-10-12 14:00,37.775231868,37.855260461,37.774532603,37.814896532,37.774532603,-0.001851122,9894.6714228,-22.784827388
2024-10-12 16:00,37.774532603,37.976425513,37.738350868,37.857388191,37.756313686,-0.048230686,9371.277126791,-5.289658177
2024-10-12 17:00,37.756313686,37.88075588,37.61359611,37.747175995,37.88075588,0.329593072,42400.999361175,352.457000124
2024-10-12 18:00,37.88075588,37.88075588,37.77271927,37.826737575,37.77271927,-0.285201835,70.790938522,-99.833044174
2024-10-12 19:00,37.77271927,37.809678817,37.481435488,37.645557153,37.481435488,-0.771148561,78422.83115613,110680.889183728
2024-10-12 21:00,37.481435488,37.481435488,37.338025681,37.409730585,37.338025681,-0.382615569,25286.87489864,-67.755723013
2024-10-12 22:00,37.338025681,37.492148338,37.23787894,37.365013639,37.23787894,-0.268216488,5017.758658507,-80.156667526
2024-10-13 00:00,37.23787894,37.454865516,37.13186503,37.293365273,37.13186503,-0.284693739,69661.815318975,1288.305418015
2024-10-13 01:00,37.13186503,37.548751109,37.13186503,37.340308069,37.548751109,1.122717855,247.33439862,-99.644949823
2024-10-13 02:00,37.548751109,37.548751109,37.068389253,37.308570181,37.068389253,-1.279301818,28901.657580526,11585.255969971
2024-10-13 03:00,37.068389253,37.34915707,37.068389253,37.208773162,37.167393886,0.267086418,12514.692169168,-56.699050446
2024-10-13 05:00,37.167393886,37.167393886,36.994052058,37.080722972,36.994052058,-0.466381443,191.389061231,-98.470685026
2024-10-13 06:00,36.994052058,37.21644932,36.994052058,37.105250689,37.21644932,0.601170321,71.963501506,-62.399365437
2024-10-13 07:00,37.21644932,37.21644932,37.076673308,37.146561314,37.076673308,-0.375575894,45.032487823,-37.42315635
2024-10-13 08:00,37.076673308,37.09620512,36.858324036,36.977264578,37.09620512,0.052679516,1733.79340508,3750.094651426
2024-10-13 10:00,37.09620512,37.09620512,36.848775564,36.972490342,36.848775564,-0.666994252,11071.996119547,538.599505979
2024-10-13 12:00,36.848775564,36.848775564,36.824648403,36.836711983,36.824648403,-0.065476154,83.652814123,-99.244464926
2024-10-13 13:00,36.824648403,36.837963518,36.74447861,36.791221064,36.74447861,-0.21770688,13121.577938422,15585.757945999
2024-10-13 14:00,36.74447861,36.74447861,36.538319413,36.641399012,36.550795812,-0.527107215,18338.060196265,39.754991986
2024-10-13 15:00,36.550795812,36.733827748,36.505923339,36.619875543,36.733827748,0.500760467,7898.758339261,-56.926969076
2024-10-13 17:00,36.733827748,36.733827748,36.245969211,36.489898479,36.245969211,-1.328090664,18395.015242369,132.884897249
2024-10-13 18:00,36.245969211,36.245969211,35.970157676,36.108063443,35.970157676,-0.76094402,18814.753719014,2.281805539
2024-10-13 19:00,35.970157676,36.359653827,35.970157676,36.164905751,36.118729805,0.413042751,18266.719004365,-2.912792391
2024-10-13 20:00,36.118729805,36.479550751,36.118729805,36.299140278,36.479550751,0.998985702,5447.334096233,-70.178913384
2024-10-13 21:00,36.479550751,36.479550751,36.011993916,36.245772333,36.207186185,-0.746622588,18583.768722743,241.153459554
2024-10-13 22:00,36.207186185,36.207186185,35.974449391,36.090817788,35.975849989,-0.63892343,3137.186856912,-83.118672516
2024-10-13 23:00,35.975849989,36.294424451,35.975849989,36.13513722,36.294424451,0.885523098,5682.917648041,81.146928992
2024-10-14 00:00,36.294424451,36.846678347,36.294424451,36.570551399,36.846678347,1.521594307,51740.460242323,810.455921531
2024-10-14 01:00,36.846678347,37.181619517,36.846678347,37.014148932,37.181619517,0.909013201,13292.96083326,-74.308383089
2024-10-14 02:00,37.181619517,37.189780265,36.854866591,37.022323428,37.189780265,0.02194834,15004.102989259,12.872543427
2024-10-14 03:00,37.189780265,37.189780265,36.856713764,37.023247014,36.856713764,-0.895586096,843.60301903,-94.377517805
2024-10-14 04:00,36.856713764,37.013870329,36.657687802,36.835779065,37.013870329,0.426398746,73122.579482569,8567.889734038
2024-10-14 05:00,37.013870329,37.013870329,36.610495236,36.812182783,36.610495236,-1.089794419,13442.726243736,-81.616176099
2024-10-14 06:00,36.610495236,37.596592064,36.610495236,37.10354365,37.596592064,2.693481258,12187.652875883,-9.336449654
2024-10-14 07:00,37.596592064,38.063382155,37.596592064,37.829987109,38.063382155,1.241575541,6888.84251039,-43.476873024
2024-10-14 08:00,38.063382155,38.063382155,37.764940037,37.914161096,37.764940037,-0.78406621,14088.336007833,104.509480172
2024-10-14 09:00,37.764940037,38.104097839,37.764940037,37.934518938,38.086149423,0.850549176,24915.16876198,76.849620481
2024-10-14 10:00,38.086149423,38.216368604,37.801911454,38.009140029,38.216368604,0.34190692,49960.436129532,100.522166263
2024-10-14 11:00,38.216368604,38.267804555,38.055904316,38.161854435,38.192728752,-0.061857923,6882.909975923,-86.22327884
2024-10-14 12:00,38.192728752,38.266645672,37.966872946,38.116759309,38.266645672,0.19353663,13384.378267921,94.458133475
2024-10-14 13:00,38.266645672,38.266645672,38.134305223,38.200475448,38.134305223,-0.345837601,467.046089786,-96.510513373
2024-10-14 14:00,38.134305223,38.518504358,38.134305223,38.326404791,38.518504358,1.007489538,10185.988625395,2080.93863714
2024-10-14 15:00,38.518504358,38.574375772,38.518504358,38.546440065,38.553377584,0.090536292,22106.801741474,117.031478774
2024-10-14 16:00,38.553377584,38.636174131,38.52811117,38.58214265,38.636174131,0.214758219,9016.084057684,-59.215791759
2024-10-14 17:00,38.636174131,38.977608802,38.636174131,38.806891467,38.725896689,0.23222423,137181.346991885,1421.518057221
2024-10-14 18:00,38.725896689,38.785818433,38.589603183,38.687710808,38.785818433,0.154733008,31956.523311669,-76.704906307
2024-10-14 19:00,38.785818433,38.785818433,38.27575989,38.530789161,38.27575989,-1.315064537,25800.23411188,-19.2645775
2024-10-14 21:00,38.27575989,38.78421994,38.27575989,38.529989915,38.596830797,0.838836142,24820.940279744,-3.795678085
2024-10-14 22:00,38.596830797,38.987172148,38.596830797,38.792001473,38.970929171,0.969246351,22003.150251163,-11.352470925
2024-10-14 23:00,38.970929171,38.970929171,38.750929534,38.860929353,38.750929534,-0.564522433,3605.112953772,-83.615469091
2024-10-15 00:00,38.750929534,38.853552145,38.515182698,38.684367422,38.515182698,-0.608364339,25136.182960703,597.237043139
2024-10-15 01:00,38.515182698,38.600246045,38.515182698,38.557714371,38.600246045,0.220856662,2236.903650439,-91.100861838
2024-10-15 02:00,38.600246045,39.016146248,38.591318441,38.803732345,38.591318441,-0.023128359,31970.336055299,1329.222758388
2024-10-15 03:00,38.591318441,38.72113116,38.472460487,38.596795823,38.641400861,0.129776389,6403.131087089,-79.971649106
2024-10-15 04:00,38.641400861,38.641400861,38.332934452,38.487167656,38.378503533,-0.680351442,7002.996186071,9.368308892
2024-10-15 05:00,38.378503533,38.430089628,38.378503533,38.40429658,38.430089628,0.134414034,775.398759672,-88.927614137
2024-10-15 06:00,38.430089628,38.648968049,38.142040264,38.395504156,38.142040264,-0.749541224,22137.185698625,2754.942108494
2024-10-15 07:00,38.142040264,38.291709576,37.964827515,38.128268546,38.291709576,0.39239986,19016.431216484,-14.097340668
2024-10-15 08:00,38.291709576,38.327112402,38.291709576,38.309410989,38.327112402,0.09245559,262.372824594,-98.620283577
2024-10-15 09:00,38.327112402,38.327112402,37.927369923,38.127241163,38.192573003,-0.351029313,5931.811780797,2160.833144578
2024-10-15 10:00,38.192573003,38.270414232,38.192573003,38.231493618,38.270414232,0.203812478,5632.681302091,-5.04281811
2024-10-15 11:00,38.270414232,38.878891439,38.270414232,38.574652836,38.878891439,1.589941522,52949.036014996,840.032520486
2024-10-15 12:00,38.878891439,38.916275616,38.688974389,38.802625003,38.691109974,-0.48299079,6769.561269381,-87.214948979
2024-10-15 13:00,38.691109974,38.847930457,38.611079069,38.729504763,38.629283738,-0.159794422,32379.688253906,378.312950654
2024-10-15 14:00,38.629283738,38.629283738,37.660955263,38.145119501,37.660955263,-2.506721279,87797.753316891,171.150706049
2024-10-15 15:00,37.660955263,38.219689877,37.660955263,37.94032257,38.219689877,1.48359119,27717.215190605,-68.43060996
2024-10-15 16:00,38.219689877,38.439155593,37.911152546,38.175154069,38.439155593,0.574221602,29894.204660964,7.854286426
2024-10-15 17:00,38.439155593,38.923765715,37.800865601,38.362315658,37.800865601,-1.660520325,36813.364940902,23.145490433
2024-10-15 18:00,37.800865601,37.800865601,36.916276901,37.358571251,37.373769342,-1.129858411,49288.924054947,33.888668243
2024-10-15 19:00,37.373769342,37.958611374,37.373769342,37.666190358,37.958611374,1.56484626,21991.897528403,-55.381664441
2024-10-15 20:00,37.958611374,38.014437186,37.557048376,37.785742781,38.014437186,0.147070217,20784.557222506,-5.489932391
2024-10-15 21:00,38.014437186,38.031380332,37.966468554,37.998924443,37.966468554,-0.126185302,7011.88198912,-66.263981888
2024-10-15 22:00,37.966468554,37.966468554,37.543278039,37.754873296,37.543278039,-1.114642818,32590.490529539,364.789489899
2024-10-15 23:00,37.543278039,37.543278039,37.077315163,37.310296601,37.080349872,-1.233052069,40431.915612464,24.060469651
2024-10-16 00:00,37.080349872,37.399773564,37.027334823,37.213554193,37.399773564,0.861436562,13662.275466546,-66.209180892
2024-10-16 01:00,37.399773564,37.399773564,37.256829488,37.328301526,37.379774171,-0.053474635,1059.268800361,-92.246761508
2024-10-16 02:00,37.379774171,37.786929959,37.379774171,37.583352065,37.786929959,1.089240899,22020.061474511,1978.798267919
2024-10-16 03:00,37.786929959,37.786929959,37.360521366,37.573725663,37.360521366,-1.128455244,31497.421680881,43.039662797
2024-10-16 04:00,37.360521366,37.455772459,37.210933915,37.333353187,37.441992818,0.218068295,16370.85491793,-48.024777762
2024-10-16 05:00,37.441992818,37.754158872,37.441992818,37.598075845,37.754158872,0.833732475,13643.200081266,-16.661651761
2024-10-16 06:00,37.754158872,37.754158872,37.568900243,37.661529557,37.568900243,-0.490697275,441.921418734,-96.760866834
2024-10-16 07:00,37.568900243,37.568900243,37.136046714,37.352473478,37.136046714,-1.15215917,34429.515539169,7690.868258397
2024-10-16 09:00,37.136046714,37.182725241,36.87250045,37.027612845,36.87250045,-0.709677758,36803.707930751,6.8958054
2024-10-16 10:00,36.87250045,36.87250045,36.486548849,36.67952465,36.486548849,-1.04671936,33339.707234166,-9.412097018
2024-10-16 11:00,36.486548849,36.508876364,36.486548849,36.497712607,36.508876364,0.061193823,1825.443818181,-94.524715513
2024-10-16 12:00,36.508876364,37.090571328,36.508876364,36.799723846,37.090571328,1.593297362,39182.275921254,2046.452031611
2024-10-16 13:00,37.090571328,37.414421985,37.090571328,37.252496656,37.414421985,0.873134723,23899.620063362,-39.004002444
2024-10-16 14:00,37.414421985,37.671126979,37.414421985,37.542774482,37.671126979,0.686112413,23379.477810565,-2.176362015
2024-10-16 15:00,37.671126979,37.671126979,37.295780157,37.483453568,37.295780157,-0.996377999,41309.69816971,76.692133607
2024-10-16 16:00,37.295780157,37.295780157,36.855277533,37.075528845,36.855277533,-1.181105805,13299.067218338,-67.806428496
2024-10-16 17:00,36.855277533,36.855277533,36.675727174,36.765502353,36.675727174,-0.487176792,11451.01987627,-13.896067384
2024-10-16 18:00,36.675727174,36.849601082,36.653964515,36.751782798,36.849601082,0.474084418,35794.941488434,212.591733096
2024-10-16 19:00,36.849601082,36.849601082,36.293594858,36.57159797,36.293594858,-1.508852761,24280.139763436,-32.168796054
2024-10-16 20:00,36.293594858,36.677428188,36.293594858,36.485511523,36.677428188,1.057578703,5473.849170878,-77.455446203
2024-10-16 21:00,36.677428188,36.677428188,35.881160955,36.279294572,36.242845072,-1.184878924,267851.741262263,4793.297803806
2024-10-16 22:00,36.242845072,36.242845072,36.19975825,36.221301661,36.19975825,-0.118883662,108.599274751,-99.959455453
2024-10-16 23:00,36.19975825,36.620859658,36.19975825,36.410308954,36.620859658,1.163271326,33617.55170949,30855.595041022
2024-10-17 00:00,36.620859658,36.742443815,36.620859658,36.681651737,36.742443815,0.332007927,10699.71353843,-68.172240409
2024-10-17 01:00,36.742443815,36.742443815,36.528682064,36.63556294,36.528682064,-0.581784249,680.927655785,-93.636019756
2024-10-17 02:00,36.528682064,36.557249689,36.416471284,36.486860487,36.557249689,0.078206011,28845.9829795,4136.277192506
2024-10-17 03:00,36.557249689,36.658948515,36.454689019,36.556818767,36.454689019,-0.280548103,13039.9498162,-54.794572868
2024-10-17 04:00,36.454689019,36.485997593,35.646189073,36.066093333,36.350181756,-0.28667715,652109.947080741,4900.862398033
2024-10-17 05:00,36.350181756,36.350181756,35.90870623,36.129443993,35.90870623,-1.214507066,22562.444853077,-96.54008577
2024-10-17 06:00,35.90870623,35.936533161,35.87842929,35.907481226,35.936533161,0.077493549,6799.484974743,-69.863704847
2024-10-17 07:00,35.936533161,36.284035055,35.896654215,36.090344635,35.896654215,-0.110970486,24105.318989883,254.516835899
2024-10-17 08:00,35.896654215,36.088597315,35.78882981,35.938713562,35.78882981,-0.300374526,11274.794624852,-53.22694286
2024-10-17 10:00,35.78882981,35.791837077,35.603758573,35.697797825,35.791837077,0.008402807,21457.270642175,90.311853618
2024-10-17 11:00,35.791837077,35.791837077,35.543461835,35.667649456,35.543461835,-0.693943819,81.734748601,-99.619081336
2024-10-17 12:00,35.543461835,35.818961169,35.543461835,35.681211502,35.818961169,0.775105517,8197.59587245,9929.511331228
2024-10-17 13:00,35.818961169,35.818961169,35.353570566,35.586265867,35.538629172,-0.782635754,4963.774253419,-39.448414747
2024-10-17 14:00,35.538629172,35.538629172,35.102878425,35.320753798,35.296900008,-0.680187081,45765.724108648,821.994469775
2024-10-17 15:00,35.296900008,35.459013786,35.296900008,35.377956897,35.459013786,0.459286163,21644.756045918,-52.705312835
2024-10-17 16:00,35.459013786,35.615936281,35.459013786,35.537475033,35.615936281,0.442546136,14205.66368493,-34.369028439
2024-10-17 17:00,35.615936281,35.615936281,35.312178601,35.464057441,35.312178601,-0.852870124,5603.751533251,-60.552694633
2024-10-17 18:00,35.312178601,35.933876733,35.312178601,35.623027667,35.933876733,1.760577107,13234.662712449,136.175045127
2024-10-17 19:00,35.933876733,36.01255104,35.603569581,35.808060311,35.60917066,-0.903621047,1097.71900637,-91.705727375
2024-10-17 20:00,35.60917066,35.60917066,35.387247425,35.498209043,35.387247425,-0.62321933,25939.446074579,2263.031515721
2024-10-17 21:00,35.387247425,35.387247425,34.885240321,35.136243873,35.037179689,-0.989248279,36458.846868813,40.553683236
2024-10-17 23:00,35.037179689,35.350193956,35.037179689,35.193686822,35.350193956,0.893377463,6574.499691722,-81.96734056
2024-10-18 00:00,35.350193956,35.350193956,34.976139829,35.163166892,34.976139829,-1.058138826,78234.334766028,1089.966361464
2024-10-18 01:00,34.976139829,35.055197597,34.976139829,35.015668713,35.032435235,0.160953744,5899.328917774,-92.459411925
2024-10-18 02:00,35.032435235,35.167289199,34.975151079,35.071220139,35.167289199,0.384940308,23615.982017924,300.31641475
2024-10-18 03:00,35.167289199,35.167289199,34.971735273,35.069512236,34.971735273,-0.556067671,139.886941093,-99.407659859
2024-10-18 04:00,34.971735273,34.971735273,34.907191512,34.939463393,34.948400294,-0.066725255,476.877449786,240.902049941
2024-10-18 05:00,34.948400294,35.727240819,34.948400294,35.337820556,35.70847822,2.174857561,19330.716385246,3953.6025333
2024-10-18 08:00,35.70847822,35.70847822,35.194637961,35.451558091,35.360841783,-0.973540331,9729.768996528,-49.666795567
2024-10-18 09:00,35.360841783,35.736467209,35.360841783,35.548654496,35.556353083,0.552903408,26712.710428425,174.546193624
2024-10-18 10:00,35.556353083,35.556353083,35.555450648,35.555901865,35.555450648,-0.002538042,449.065341678,-98.318907612
2024-10-18 11:00,35.555450648,35.67729907,35.555450648,35.616374859,35.67729907,0.3426997,398.52303354,-11.255000876
2024-10-18 12:00,35.67729907,35.874912766,35.575061228,35.724986997,35.575061228,-0.28656273,5000.570501982,1154.775779851
2024-10-18 13:00,35.575061228,35.770313415,35.575061228,35.672687321,35.770313415,0.548845681,3762.918460055,-24.750216829
2024-10-18 14:00,35.770313415,35.981613772,35.770313415,35.875963593,35.908340464,0.385870394,23254.605037685,517.99385994
2024-10-18 15:00,35.908340464,35.964858808,35.498793393,35.7318261,35.498793393,-1.140534667,22181.436321499,-4.614865376
2024-10-18 16:00,35.498793393,35.748471361,35.498793393,35.623632377,35.748471361,0.703342124,11829.463852674,-46.66953176
2024-10-18 17:00,35.748471361,35.90051184,35.689076322,35.794794081,35.72162887,-0.0750871,16661.814755806,40.85012612
2024-10-18 18:00,35.72162887,36.111483787,35.638680797,35.875082292,36.023645654,0.845473158,176146.990574031,957.189706857
2024-10-18 19:00,36.023645654,36.292204806,35.938994909,36.115599858,36.292204806,0.745507976,34581.205117383,-80.367984145
2024-10-18 20:00,36.292204806,36.580111642,36.259124106,36.419617874,36.580111642,0.793302137,31747.009440168,-8.195768966
2024-10-18 21:00,36.580111642,36.783296017,36.352336213,36.567816115,36.783296017,0.555450396,15559.027260094,-50.990573492
2024-10-18 22:00,36.783296017,36.949903882,36.547128375,36.748516129,36.547128375,-0.642051332,12958.48307172,-16.714053809
2024-10-18 23:00,36.547128375,36.626858286,36.439215219,36.533036753,36.626858286,0.218156431,586.20559863,-95.476279165
2024-10-19 00:00,36.626858286,36.626858286,36.372791027,36.499824657,36.372791027,-0.693663806,3063.050925122,422.521608849
2024-10-19 01:00,36.372791027,36.513353159,36.289749923,36.401551541,36.289749923,-0.228305561,1829.000959323,-40.288261474
2024-10-19 02:00,36.289749923,36.479083738,36.244222952,36.361653345,36.244222952,-0.125454078,24308.591111947,1229.063879822
2024-10-19 03:00,36.244222952,37.611640267,36.244222952,36.92793161,37.611640267,3.772786956,149939.66330982,516.817579511
2024-10-19 04:00,37.611640267,37.69724599,37.412788483,37.555017236,37.69724599,0.227604331,7282.851094375,-95.142812159
2024-10-19 05:00,37.69724599,37.69724599,37.430363531,37.56380476,37.453928055,-0.645452814,6692.13943852,-8.110994557
2024-10-19 06:00,37.453928055,37.853146168,37.453928055,37.653537111,37.608830308,0.413580796,1842.406121637,-72.46910142
2024-10-19 07:00,37.608830308,37.608830308,37.237702119,37.423266213,37.237702119,-0.986811307,33712.326868233,1729.798895711
2024-10-19 08:00,37.237702119,37.242667233,37.237702119,37.240184676,37.242667233,0.013333569,230.463166537,-99.316383092
2024-10-19 09:00,37.242667233,37.673486241,37.227231052,37.450358647,37.673486241,1.156788812,37464.949309912,16156.371841449
2024-10-19 10:00,37.673486241,37.673486241,37.281708475,37.477597358,37.281708475,-1.039929682,13201.079203388,-64.764187737
2024-10-19 11:00,37.281708475,37.281708475,37.139616748,37.210662611,37.139616748,-0.381129872,13838.289077102,4.826952887
2024-10-19 12:00,37.139616748,37.385948766,37.128321589,37.257135177,37.385948766,0.663259451,950.936994326,-93.128218459
2024-10-19 13:00,37.385948766,37.527832238,37.143131413,37.335481826,37.143131413,-0.649488271,39915.269116195,4097.467272213
2024-10-19 14:00,37.143131413,37.143131413,36.802719016,36.972925215,36.802719016,-0.916488148,36202.099567165,-9.302629373
2024-10-19 15:00,36.802719016,36.925830621,36.710015044,36.817922833,36.925830621,0.33451769,485.902274358,-98.65780637
2024-10-19 16:00,36.925830621,36.925830621,36.695859073,36.810844847,36.695859073,-0.622793162,9460.42784065,1846.981592779
2024-10-19 17:00,36.695859073,36.695859073,36.670965912,36.683412493,36.687874381,-0.021759111,5160.320285719,-45.4536267
2024-10-19 19:00,36.687874381,36.699407753,36.523500079,36.611453916,36.523500079,-0.44803441,22570.101553792,337.377920441
2024-10-19 20:00,36.523500079,36.651444309,36.423181484,36.537312896,36.651444309,0.350306596,11422.47414662,-49.391126489
2024-10-19 21:00,36.651444309,36.672792375,36.651444309,36.662118342,36.662800307,0.030983766,2426.184135082,-78.759556783
2024-10-19 22:00,36.662800307,36.730085084,36.485628419,36.607856751,36.730085084,0.18352329,9887.596647425,307.53694266
2024-10-20 00:00,36.730085084,36.902977701,36.593233395,36.748105548,36.902977701,0.470711181,24889.386525362,151.72331976
2024-10-20 01:00,36.902977701,37.059869835,36.700689934,36.880279884,37.059517583,0.42419309,19681.602738756,-20.92371293
2024-10-20 02:00,37.059517583,37.13117067,36.971116768,37.051143719,36.971116768,-0.238537414,9650.345888018,-50.967682784
2024-10-20 03:00,36.971116768,37.165186439,36.893456393,37.029321416,36.893456393,-0.210056882,13288.21622007,37.696786978
2024-10-20 04:00,36.893456393,36.893456393,36.517209273,36.705332833,36.517209273,-1.019820738,42847.847102225,222.449954099
2024-10-20 05:00,36.517209273,36.517209273,36.386781119,36.451995196,36.386781119,-0.357169009,12980.65080746,-69.705243821
2024-10-20 06:00,36.386781119,36.793251644,36.358406065,36.575828855,36.607794931,0.607401382,31667.663645265,143.960523359
2024-10-20 07:00,36.607794931,36.622035491,36.607794931,36.614915211,36.622035491,0.03890035,100.164651395,-99.683700533
2024-10-20 08:00,36.622035491,37.230086665,36.622035491,36.926061078,37.009625442,1.058351744,48026.386645066,47847.440515427
2024-10-20 09:00,37.009625442,37.887847313,37.009625442,37.448736378,37.858270651,2.293039172,100469.784133354,109.197050105
2024-10-20 10:00,37.858270651,37.858270651,37.684262048,37.771266349,37.684262048,-0.459631675,6262.635418792,-93.76664788
2024-10-20 11:00,37.684262048,38.008401008,37.588328381,37.798364695,37.718954497,0.092060844,67314.655182402,974.861470946
2024-10-20 12:00,37.718954497,37.93002775,37.563495289,37.746761519,37.742493679,0.062406773,18691.116097594,-72.233214228
2024-10-20 13:00,37.742493679,39.10386427,37.742493679,38.423178975,39.017656121,3.378585561,173656.330042904,829.084861151
2024-10-20 14:00,39.017656121,40.396438599,38.914347546,39.655393073,40.396438599,3.533739889,213140.687253477,22.737067633
2024-10-20 15:00,40.396438599,41.983668977,40.396438599,41.190053788,40.462102359,0.162548388,624060.066577861,192.792556231
2024-10-20 16:00,40.462102359,40.462102359,40.089709952,40.275906156,40.089709952,-0.920348635,74998.445401127,-87.982175208
